ticker,custom_R,std,downside_std,max_drawdown,var_5,cvar_5,loss_freq,max_loss_streak,oos_custom_R,oos_std,oos_downside_std,oos_max_drawdown,oos_var_5,oos_cvar_5,oos_loss_freq,oos_max_loss_streak,asof,oos_end
AAPL,0.04453047404102131,0.015322280941483645,0.008971340924015282,0.1714086547659015,0.02422243457436298,0.028723579111730128,0.47619047619047616,8.0,0.05915095843200265,0.025615820758332093,0.016960848295914738,0.24334207510174877,0.03954909296791213,0.05090690362348457,0.47619047619047616,4.0,2022-04-05,2022-07-07
ABBV,0.02563418903613485,0.01107099290834365,0.00868090066960742,0.11905948344779593,0.01573890624284938,0.023357273344407205,0.3888888888888889,4.0,0.05046521070881401,0.017149859261221086,0.012816561449857527,0.2067351455475066,0.026316252768362837,0.03948471980093202,0.49206349206349204,5.0,2022-04-05,2022-07-07
AMD,0.10241357514706888,0.03135994301168918,0.019773384107463498,0.36847632828552146,0.05069740691951521,0.06434011853729851,0.49603174603174605,8.0,0.14394219431258862,0.04223281104594463,0.024183836410045133,0.32157656641121524,0.06229551413929896,0.08009893524079012,0.5873015873015873,7.0,2022-04-05,2022-07-07
AMZN,0.05927543667766865,0.019864999075743517,0.013471690154015602,0.2709753200354226,0.027755041104548312,0.0422775611036429,0.5,6.0,0.12258440830741758,0.0365075095540701,0.027417869101947653,0.3555519181471616,0.055819624850043506,0.08590720656937367,0.5079365079365079,6.0,2022-04-05,2022-07-07
BA,0.08175250476111885,0.022136746824430568,0.014155735577699096,0.3381973186745799,0.041065536532503805,0.04913289345280332,0.5476190476190477,8.0,0.20893430095759422,0.03683405374216365,0.024873131066380266,0.3770297705561483,0.05062991578996906,0.07959543011440559,0.6666666666666666,9.0,2022-04-05,2022-07-07
BAC,0.051343721384340034,0.017089324631302118,0.011080152357178293,0.21977618830178314,0.02629292042811051,0.036589609477693755,0.4801587301587302,7.0,0.06299936982950348,0.02037410792986429,0.010908981788658609,0.21515269075844778,0.03442265975463388,0.036661281216713054,0.6190476190476191,6.0,2022-04-05,2022-07-07
COST,0.030271983894161643,0.012488690669043822,0.007972059250626983,0.15930764317360235,0.019971997306471412,0.025360343685113026,0.42063492063492064,6.0,0.0996317641471378,0.02744903984834926,0.022140392032697288,0.31402427048941783,0.033207433225583026,0.0655134546318211,0.5555555555555556,5.0,2022-04-05,2022-07-07
CRM,0.0698726920221447,0.021314986074475403,0.015880157277760158,0.3852755419000402,0.03143461641166777,0.049529836996492445,0.5,6.0,0.08319079978417775,0.034280093738043416,0.019147088839215513,0.22517668453999573,0.05264734568136836,0.06193665275211929,0.5396825396825397,5.0,2022-04-05,2022-07-07
CVX,0.037946522057456876,0.01564658787278417,0.009856239495443344,0.1336243830754844,0.024948825861070695,0.031234269188422162,0.42857142857142855,6.0,0.062419536025261485,0.02367067614908395,0.01733876000701708,0.2227681497972881,0.04597480791416032,0.05314060761302633,0.4444444444444444,5.0,2022-04-05,2022-07-07
DIS,0.054069910064588875,0.01565953941170921,0.011605915039116298,0.31326841543934225,0.022092928237411796,0.03730938521006767,0.5277777777777778,6.0,0.08488977165081216,0.021621884715956184,0.01316528716668923,0.29629638862870944,0.03774236559297711,0.04333473883020955,0.5873015873015873,8.0,2022-04-05,2022-07-07
EEM,0.03667240410700116,0.012225843230406331,0.007273360147888563,0.24510609031396313,0.01837111046541771,0.023741819115922453,0.5198412698412699,7.0,0.05432590461363754,0.014729200920836448,0.009618139400460857,0.12928175484481452,0.02834293771263734,0.03285002967173703,0.5396825396825397,8.0,2022-04-05,2022-07-07
EFA,0.037233274762715304,0.009766899667474542,0.006451797610999609,0.17030129549166828,0.016039777541068244,0.021381894259451806,0.4801587301587302,10.0,0.042088240613057847,0.014323839706064349,0.0093529423584573,0.14040141817259288,0.027567007011618627,0.030851106482708307,0.5555555555555556,5.0,2022-04-05,2022-07-07
GLD,0.03028808954782844,0.008526407795734796,0.0063331322772473995,0.09761143665716288,0.015612839704974717,0.021020232798590725,0.45634920634920634,8.0,0.0404819913171995,0.008952740220553555,0.006655202654188126,0.12190628351417732,0.01775811271845138,0.021033354566769996,0.5396825396825397,9.0,2022-04-05,2022-07-07
GOOGL,0.03395825921812256,0.015799107697276958,0.0103312164287939,0.15942174847888724,0.026197619739962655,0.03341057911181965,0.4523809523809524,4.0,0.06260873052238893,0.026477400665872165,0.014409945913883166,0.22514425302209629,0.04127096223572131,0.04524123860115964,0.5396825396825397,5.0,2022-04-05,2022-07-07
HD,0.04898645918302813,0.01463805185897972,0.012281958561401353,0.2764277828903615,0.025587167656371118,0.037315432627391995,0.44841269841269843,6.0,0.056463354009026294,0.021290261077462323,0.014439482065800374,0.14154690664890346,0.036336270022743644,0.04614418134294343,0.5396825396825397,4.0,2022-04-05,2022-07-07
HYG,0.012955614876686007,0.00351399561379396,0.0026343083582594877,0.07673797712553398,0.00600627070291162,0.009092601352873042,0.5079365079365079,7.0,0.029172820465906805,0.009009516768682713,0.006431397809944181,0.08892523831904708,0.015511371967076347,0.02102330438909672,0.6031746031746031,4.0,2022-04-05,2022-07-07
IEF,0.01706632600148676,0.004113229874810012,0.0028884487495344775,0.1028664150606643,0.007006557351892179,0.009894403514136329,0.5198412698412699,9.0,0.013722649105571626,0.006578506536207975,0.003376207319624765,0.062393835519133245,0.009747821976935822,0.012017313307203292,0.5079365079365079,5.0,2022-04-05,2022-07-07
INTC,0.06362567288688264,0.018174253851546848,0.014880197691287067,0.3316530229519047,0.025455494856130644,0.045863745804515514,0.5238095238095238,5.0,0.06000414506491994,0.023088278057727098,0.01587411245103702,0.23867702216123143,0.035799913831050426,0.051095394363353724,0.5238095238095238,4.0,2022-04-05,2022-07-07
IWM,0.03480694643560035,0.013741142211442096,0.00784788655203832,0.20802354584549299,0.022569380532786704,0.026802028110582556,0.503968253968254,6.0,0.05648294362068349,0.020008127407801102,0.013448319909686545,0.1878024912857208,0.04001202967903601,0.04398106678301861,0.5238095238095238,5.0,2022-04-05,2022-07-07
JNJ,0.03199824389897511,0.009426850459067661,0.005396782171540291,0.12027637909516065,0.013150475698813247,0.018597913490149585,0.49206349206349204,10.0,0.0286318413806351,0.012206440196242889,0.006589868254273158,0.08999113003502757,0.01834501137388762,0.021559110899237566,0.5396825396825397,5.0,2022-04-05,2022-07-07
JPM,0.06271573439335429,0.015053124015642997,0.010665941223359572,0.24863760449735073,0.025781663490460478,0.03501851677813769,0.5238095238095238,9.0,0.06426483277157251,0.01945166765106618,0.010664438338716938,0.1564161041848645,0.029758609116138878,0.03506159987071794,0.6349206349206349,6.0,2022-04-05,2022-07-07
KO,0.024477147485452388,0.009313607414732715,0.00697257388529819,0.0802715118316778,0.015146484908651748,0.021934684439870036,0.42857142857142855,5.0,0.0474650926049257,0.015434023076927728,0.013561455029978771,0.10139278400485485,0.020049632905667046,0.03525437802147596,0.42857142857142855,5.0,2022-04-05,2022-07-07
LQD,0.01525479468517323,0.004705342066901208,0.003659609836089537,0.11996423914842713,0.008970553736664083,0.012180170256699246,0.4722222222222222,6.0,0.019406135517734353,0.007657218205558997,0.004620508456603417,0.09073811470340865,0.011022631312158216,0.015279729244509294,0.5238095238095238,5.0,2022-04-05,2022-07-07
MA,0.06008027384801906,0.01871693108620472,0.012417384641207644,0.2239901450874502,0.02891608263913871,0.042176816925845545,0.503968253968254,7.0,0.05734784389544779,0.0238961956929555,0.016182813092189854,0.18491133967792184,0.04108254331128226,0.048026734155922235,0.49206349206349204,4.0,2022-04-05,2022-07-07
META,0.10474235128509153,0.02637679012354793,0.025562121444575907,0.5116698273557558,0.03951547983042105,0.06200676970970599,0.5119047619047619,5.0,0.09669377492170149,0.04172519280936786,0.02302232736230988,0.3024036753941507,0.06440491249370164,0.07151283061778421,0.5238095238095238,5.0,2022-04-05,2022-07-07
MRK,0.054535171386131016,0.014705868339613773,0.012130997619092889,0.20167884005807424,0.017283647830241937,0.033974794393846576,0.4642857142857143,7.0,0.02578366696758011,0.014231336990112389,0.006752865158175743,0.10185943552849996,0.01642196666560336,0.021814103994593353,0.47619047619047616,5.0,2022-04-05,2022-07-07
MSFT,0.04211849639050656,0.01474028327860247,0.009915618491064565,0.19436805670611257,0.025047555663266427,0.03255008390383361,0.4801587301587302,6.0,0.052376638042622006,0.023702204365786614,0.01478000368045771,0.19426525120767546,0.04235263467167143,0.04401520572485898,0.49206349206349204,4.0,2022-04-05,2022-07-07
NFLX,0.10617709411228662,0.025514579071125337,0.02264690003387066,0.5214474352255911,0.0332719652665235,0.058392247404914145,0.4880952380952381,7.0,0.2847382658972309,0.057724671639040395,0.057522881999440584,0.5483371916992351,0.06950030567422165,0.1426659435284715,0.5555555555555556,6.0,2022-04-05,2022-07-07
NVDA,0.07149972823371852,0.03168205440356395,0.017350531661206592,0.36073060015970704,0.04422705206785248,0.057473947230971247,0.4642857142857143,6.0,0.10397583428364329,0.04369662939772851,0.022280535917923564,0.40483997378513015,0.06758994977056479,0.0779968341689751,0.5714285714285714,5.0,2022-04-05,2022-07-07
PEP,0.023030722611881414,0.009056495079550872,0.00667890955744561,0.11898742629686188,0.01635310418168597,0.020899468060525398,0.4166666666666667,5.0,0.04798437818672424,0.015109334812642683,0.012948165542449397,0.11433306394402909,0.02296956819899206,0.035247367604300306,0.4603174603174603,5.0,2022-04-05,2022-07-07
PFE,0.04947775249422639,0.018229341539106086,0.009704493287252494,0.24738194247368184,0.02347690324919934,0.033043751075436015,0.4880952380952381,8.0,0.037771753850974865,0.019312492041217308,0.010791929671707104,0.14972897321089507,0.03129690526439592,0.03495212222594929,0.42857142857142855,5.0,2022-04-05,2022-07-07
PG,0.027040368890775306,0.010052420851813909,0.007002485967730657,0.1274519341085284,0.014844189688728882,0.021914078641044034,0.42857142857142855,6.0,0.056976564918002265,0.016116572888057575,0.011510417155151971,0.19001300868129123,0.02256838552517555,0.03582964845945613,0.5555555555555556,6.0,2022-04-05,2022-07-07
QQQ,0.03211507510624823,0.013033348347881259,0.008892421194757978,0.21143558958337705,0.02395220199271765,0.029078139014565026,0.4444444444444444,5.0,0.05796553419393035,0.023613464072029473,0.015334797405801678,0.23357821794473532,0.04453347522227682,0.04773737321576149,0.5238095238095238,4.0,2022-04-05,2022-07-07
SPY,0.023251557293533127,0.00941132178508657,0.006366497830372166,0.12865546391790494,0.017140256118958853,0.02072843927609154,0.4523809523809524,5.0,0.05370503873900914,0.017958733641410794,0.012786913985478366,0.182988953924342,0.03529812139591929,0.037694635744941724,0.5238095238095238,5.0,2022-04-05,2022-07-07
T,0.04315171238206381,0.014071107178131231,0.010787928095515953,0.28600066505612476,0.01836544964915303,0.0336262864856149,0.49206349206349204,5.0,0.048982260704950716,0.01824087579414757,0.011041083355624136,0.11069435044489784,0.02461894822620776,0.03315453908667318,0.4444444444444444,7.0,2022-04-05,2022-07-07
TLT,0.027137591335041737,0.009549409370777398,0.006118684915007606,0.1632313175688913,0.014907586260564093,0.020593598188573297,0.503968253968254,6.0,0.031724565658315926,0.01282794417189268,0.007301685746755253,0.14327862765952937,0.019885369028868494,0.024996287462606598,0.5396825396825397,5.0,2022-04-05,2022-07-07
UNH,0.033720099861952575,0.012685694002624903,0.0077498245383786505,0.0982831352357485,0.020938966924941654,0.02485362132483048,0.44841269841269843,7.0,0.0405507583191979,0.017558794765133542,0.01062043670264707,0.1691138037451939,0.029877710741058883,0.03367798775019232,0.47619047619047616,5.0,2022-04-05,2022-07-07
V,0.04723308654820077,0.016622650671814527,0.010990382692492601,0.2398101144620567,0.02602606977393827,0.03599395757824763,0.4880952380952381,6.0,0.049193711029173935,0.023100413649723105,0.013881823218109046,0.14161581769498344,0.03806212326453157,0.043020686398860725,0.49206349206349204,4.0,2022-04-05,2022-07-07
VNQ,0.02591488558002547,0.010044263975439066,0.006288653871284703,0.13835031221792682,0.01650426230490104,0.02044564393094573,0.4642857142857143,6.0,0.06048038708649299,0.017404961295694767,0.012960082947105642,0.22631109408218741,0.02879531611553483,0.04224039106454566,0.5714285714285714,5.0,2022-04-05,2022-07-07
WMT,0.026387454485618054,0.010014197534732566,0.006282727258480488,0.11477291612470097,0.016117740174079714,0.021352980878246115,0.47619047619047616,6.0,0.08616045704008023,0.021581124941693675,0.02188202083557593,0.25739688365401747,0.024331750490830705,0.058458457641603456,0.49206349206349204,5.0,2022-04-05,2022-07-07
XLB,0.02800625167911266,0.010916518714289144,0.006694721516919361,0.11963358509115563,0.016968358682107082,0.021933374878670284,0.4722222222222222,6.0,0.06922994874042132,0.017470990638005602,0.011411530012157362,0.19234980449494232,0.03153404954770297,0.03603088068496249,0.5714285714285714,8.0,2022-04-05,2022-07-07
XLE,0.04204702915391137,0.01783315218464601,0.010279516363234398,0.1767579092395194,0.028524187788204324,0.03313408760592816,0.4603174603174603,6.0,0.05016797231732817,0.027423390440237384,0.018912529246611808,0.24925990860784542,0.050976308933984235,0.06147912853087836,0.3968253968253968,3.0,2022-04-05,2022-07-07
XLF,0.03277972303775705,0.012450670413685706,0.008013876512309311,0.13906352516795006,0.020258060192900256,0.026765992680769565,0.4603174603174603,6.0,0.060131151223924935,0.016620819415109962,0.01058026121242081,0.18606487040275665,0.029710651800568165,0.03253924067180933,0.6031746031746031,6.0,2022-04-05,2022-07-07
XLI,0.022256659660079173,0.009848013394373262,0.00602969265691388,0.10695964663262258,0.015654196763770112,0.020308296425502418,0.45634920634920634,5.0,0.05045465831207108,0.015432622955498054,0.010579202549305226,0.16076493111556067,0.029188647826026072,0.0325319571236552,0.5714285714285714,5.0,2022-04-05,2022-07-07
XLK,0.04076680381502535,0.013615207097030171,0.008695300416895289,0.1996038516618518,0.024439835508768513,0.028478383123544268,0.4880952380952381,7.0,0.051500725797835226,0.023366543044694786,0.014532832676637807,0.2010739134042071,0.04157820896015261,0.04496199768327189,0.49206349206349204,4.0,2022-04-05,2022-07-07
XLP,0.01689558647048049,0.007439611136721454,0.0053906043402023865,0.07961866736176104,0.01253952471495055,0.01698531459422301,0.42063492063492064,4.0,0.047526913903140136,0.01434361726084658,0.012070327340480035,0.14571180894552005,0.018832807523064564,0.03300860531935082,0.49206349206349204,5.0,2022-04-05,2022-07-07
XLU,0.042547520081830784,0.009192174923052332,0.00595665281145631,0.09150603440954841,0.015051037414429957,0.01899481256597358,0.4642857142857143,14.0,0.04190456542537763,0.014338865924643139,0.01064242931438162,0.15709452094116616,0.02514761150424899,0.03382394278049963,0.49206349206349204,5.0,2022-04-05,2022-07-07
XLV,0.026406701781012905,0.008156464425780021,0.004925059459157169,0.10559035489185598,0.01393051627564682,0.01653867073732758,0.44047619047619047,10.0,0.03486504620700466,0.01433563694498638,0.009408028341572686,0.16061050760245943,0.025803882186589223,0.029614297735605616,0.4603174603174603,5.0,2022-04-05,2022-07-07
XLY,0.03761594036534752,0.013657698113588138,0.009468699222715147,0.22696831501710157,0.023576317070498558,0.029911960736230744,0.4444444444444444,6.0,0.0883557754800238,0.026562548117796278,0.018487139169701947,0.2688317603746393,0.05043132081596262,0.0557096069541522,0.5396825396825397,6.0,2022-04-05,2022-07-07
XOM,0.046417397983125955,0.01833782111360854,0.011386663285903912,0.17216057747524294,0.028163667276286268,0.03650482988535898,0.4603174603174603,6.0,0.04548069162596935,0.02637263946550307,0.017596696164809567,0.20374800095588064,0.039308365172309304,0.05549446828825089,0.38095238095238093,3.0,2022-04-05,2022-07-07
AAPL,0.05243291422720405,0.016422156086929835,0.01040335599746112,0.1714086547659014,0.025831320113925478,0.032663774619006714,0.48412698412698413,8.0,0.053749497090563154,0.02351934536294003,0.01637529481253716,0.17306721812195458,0.03862123796943421,0.046634984182779254,0.4444444444444444,4.0,2022-05-05,2022-08-05
ABBV,0.03283247522055681,0.012576486854273785,0.01082788580757628,0.15335870979640742,0.017889878639047896,0.030217790821564307,0.40476190476190477,4.0,0.03788201880588952,0.013744717555636525,0.009320179230020436,0.11481319845276938,0.02532775310070917,0.03000605765787051,0.5079365079365079,5.0,2022-05-05,2022-08-05
AMD,0.10404994187808718,0.03259106724468343,0.020248762823348254,0.4755728383571133,0.053276837945504404,0.06530994507020248,0.49206349206349204,8.0,0.12350886570439723,0.03917852492483141,0.02490098098878977,0.32157656641121557,0.062238614941089634,0.08009893524079012,0.5079365079365079,7.0,2022-05-05,2022-08-05
AMZN,0.08525900169071518,0.023003571312296866,0.01845432937028467,0.3760696336101065,0.030775074478508902,0.05651720843609882,0.5238095238095238,6.0,0.06920425107497105,0.03370244288199829,0.018474439320158215,0.18485235345886408,0.052241600464269976,0.0585787208619519,0.4126984126984127,6.0,2022-05-05,2022-08-05
BA,0.09822322522782075,0.023200526777660803,0.015233824060660876,0.418629201748392,0.04237544122576011,0.05236861708758138,0.5634920634920635,9.0,0.11367944258130244,0.03688458785523743,0.024359880553136242,0.2218938525215941,0.050237828043424526,0.07334893676989418,0.5714285714285714,5.0,2022-05-05,2022-08-05
BAC,0.06404274689532466,0.017646656081970295,0.011208391958060518,0.27390769385840763,0.027361879131722323,0.03781472999027224,0.5079365079365079,9.0,0.04900970898527392,0.020465812384384822,0.010113114552516839,0.1908268869226577,0.030641781827445924,0.03569796735871095,0.5873015873015873,5.0,2022-05-05,2022-08-05
COST,0.040092168915202224,0.014137645628867782,0.010196601401593638,0.15930764317360224,0.023745863105677216,0.03139278828107142,0.44047619047619047,6.0,0.0841100703259822,0.025317443856227053,0.022028827942519147,0.17269943367099572,0.026755512587353723,0.05282466570735289,0.47619047619047616,5.0,2022-05-05,2022-08-05
CRM,0.07750715762707955,0.02294560699755698,0.017335655746316493,0.4512839303964695,0.036060980067737024,0.05598304093742539,0.5079365079365079,6.0,0.06865908247360869,0.03237009046861627,0.017437227294884748,0.1550821333506487,0.04626010688818005,0.05545640597213683,0.49206349206349204,5.0,2022-05-05,2022-08-05
CVX,0.040232379727229435,0.016174429373921197,0.010377399532817118,0.13362438307548397,0.02587233159582772,0.03253553054924903,0.43253968253968256,6.0,0.061807298563958404,0.02518862436657485,0.016187625814370058,0.24948926250134462,0.04544546387293032,0.0530370309406151,0.47619047619047616,5.0,2022-05-05,2022-08-05
DIS,0.05932806254957769,0.016785961024919267,0.012462975834391547,0.39954822507682697,0.026700259225172395,0.04152322649977041,0.5357142857142857,6.0,0.06997176828096871,0.021936289894191795,0.011533807958401436,0.17164242451513667,0.037585907068250476,0.03885099860553143,0.5714285714285714,8.0,2022-05-05,2022-08-05
EEM,0.04321964332974509,0.012590543086692385,0.007616087929697647,0.2521934520153353,0.019143966159351756,0.02542230248828912,0.5396825396825397,8.0,0.039495114878103546,0.01394900678324734,0.00926571610043485,0.10014939584008176,0.026416815791616532,0.03029766073415452,0.47619047619047616,6.0,2022-05-05,2022-08-05
EFA,0.041230176692650236,0.010149171292157932,0.006871696115441707,0.17030129549166861,0.01643834469986396,0.023387462327735895,0.5,10.0,0.03630025044367772,0.014223916529074992,0.008931013998047693,0.12633098432461454,0.023681012684920268,0.027814917491578356,0.5079365079365079,5.0,2022-05-05,2022-08-05
GLD,0.03135309508988148,0.008558578221885525,0.006603673874242435,0.09761143665716343,0.016492825887657634,0.02136270783900495,0.4523809523809524,8.0,0.03735118235521481,0.008945557345627622,0.006140500500573864,0.09907653097837765,0.015248482819050169,0.019699511533797315,0.5396825396825397,9.0,2022-05-05,2022-08-05
GOOGL,0.04877914404088842,0.01749478167073918,0.011878038321644906,0.238450210259728,0.03073861847690217,0.03768128060222157,0.4642857142857143,6.0,0.05816641443094845,0.026089334310388304,0.014772422712621828,0.12009284969460421,0.03873896841475991,0.0469963511925936,0.49206349206349204,5.0,2022-05-05,2022-08-05
HD,0.052508553579056,0.015929564215456504,0.012975598557595005,0.278337196369271,0.029001416950127794,0.040245740811762624,0.45634920634920634,6.0,0.04596764726119332,0.017287636191457376,0.01378218700952886,0.12248324553811851,0.027950048773803915,0.04008503982728459,0.4603174603174603,4.0,2022-05-05,2022-08-05
HYG,0.015619512994265162,0.004073177699544724,0.0031499351205101413,0.0919376119608647,0.007202723138732853,0.010438472148015871,0.5119047619047619,7.0,0.02558430637707806,0.009003688542808974,0.006542723853044653,0.0848811789130901,0.010952498996161974,0.019334815968823943,0.5396825396825397,4.0,2022-05-05,2022-08-05
IEF,0.018123611315448446,0.004353548246233297,0.002963413209927027,0.13282103131125933,0.007494803332897643,0.010249704733321815,0.5357142857142857,9.0,0.01449631587258873,0.007032229445843813,0.004141804535025351,0.05878083762314845,0.010378600589179266,0.01412453320283849,0.42857142857142855,5.0,2022-05-05,2022-08-05
INTC,0.06401763031759435,0.018867294057018764,0.015488136367159924,0.23500768412401218,0.027351437273580952,0.04721324960802704,0.5079365079365079,5.0,0.06695010704642114,0.023180775436000313,0.01799734060387665,0.20278151248512166,0.03586105144543343,0.055154218180427456,0.5079365079365079,4.0,2022-05-05,2022-08-05
IWM,0.03886201427912608,0.01442645314647199,0.008551886259115045,0.23368878243119795,0.023157675587987085,0.02957480022056241,0.5158730158730159,6.0,0.054549082341424394,0.018712994800454862,0.013420805972890129,0.13917280682384459,0.03425051223761464,0.04260046051362604,0.5079365079365079,5.0,2022-05-05,2022-08-05
JNJ,0.033949543246527596,0.009811341415011884,0.00559062863555036,0.1202763790951602,0.013760797191471124,0.01931314742737745,0.503968253968254,10.0,0.029362282053451864,0.010693954886406246,0.006991019536536158,0.07282262389513294,0.018313538907863924,0.022397371473038913,0.5238095238095238,5.0,2022-05-05,2022-08-05
JPM,0.06734242267994535,0.015649302296143523,0.010975593265580664,0.29581153063591215,0.028784545701675362,0.03592191640755659,0.5436507936507936,9.0,0.05104252705467884,0.0188585299254811,0.009722386105653113,0.1760166267878832,0.02426811009050468,0.03376390061977286,0.6190476190476191,5.0,2022-05-05,2022-08-05
KO,0.02520094067549893,0.009820189753915432,0.007228955094167024,0.08027151183167713,0.016025828112577033,0.02276615413349312,0.4246031746031746,5.0,0.04981147565061054,0.014570891347128696,0.013045862670397998,0.0979867191249123,0.019380216920909653,0.03418861425771158,0.47619047619047616,5.0,2022-05-05,2022-08-05
LQD,0.017084188987173232,0.005199918487273891,0.003913585861058803,0.16655920447365313,0.010410552441647496,0.012942490127287586,0.49603174603174605,6.0,0.0172843535584637,0.00735317649995896,0.004938386730989629,0.06611340734802562,0.010014641773126021,0.014718415911951,0.42857142857142855,5.0,2022-05-05,2022-08-05
MA,0.0640320754040841,0.01981352798181339,0.013022396287536944,0.22019283523718425,0.030496250715293653,0.04432255574200739,0.5119047619047619,7.0,0.049182149233993055,0.019944323721301064,0.01604708572890426,0.15174983421536792,0.04042693508561538,0.047956883110593845,0.4126984126984127,4.0,2022-05-05,2022-08-05
META,0.12045449319601376,0.029930295882546903,0.026724211152795257,0.5422314765937563,0.0404292926938923,0.06869347211628864,0.5119047619047619,6.0,0.07548827366078292,0.03556438253689754,0.022633168469723273,0.2351669190560114,0.06307655482840621,0.07019260929496765,0.4603174603174603,4.0,2022-05-05,2022-08-05
MRK,0.05275904615029857,0.014840860742312277,0.011560747164408055,0.20167884005807446,0.017283647830241937,0.03203517754539446,0.4722222222222222,7.0,0.03153780296021231,0.013135395560810214,0.0082599007752937,0.1018594355285003,0.02415899767040307,0.027157445037874234,0.47619047619047616,5.0,2022-05-05,2022-08-05
MSFT,0.048788167965774606,0.01642797416888578,0.011397453219096205,0.21081054629050733,0.029201211774600704,0.0372064112188384,0.48412698412698413,6.0,0.0502732202519463,0.02187608606687544,0.014186446631942516,0.11770683718189523,0.040577987600014395,0.04337190178594971,0.49206349206349204,4.0,2022-05-05,2022-08-05
NFLX,0.18016048975949003,0.03473267644758701,0.03723555095888931,0.7277392895460559,0.03612227488451076,0.0866575438307278,0.503968253968254,7.0,0.07263088238486408,0.037528540241060955,0.0204954870927306,0.18309039571088837,0.05150005850565027,0.0644236437277283,0.49206349206349204,4.0,2022-05-05,2022-08-05
NVDA,0.08025652311736096,0.033453018285988206,0.019039486650442385,0.44809445539107806,0.05159145446456036,0.06349584431231735,0.47619047619047616,6.0,0.08776759228563537,0.03990149215533423,0.02298675036052355,0.25857118586310324,0.05915988737939457,0.07455466973157301,0.47619047619047616,5.0,2022-05-05,2022-08-05
PEP,0.025427021229677764,0.009759825317101362,0.007322982114147196,0.11898742629686165,0.017026629140880704,0.022860976177980337,0.42063492063492064,5.0,0.04284735972503982,0.013322726676509284,0.012242102778582807,0.10408690127262687,0.01773048280721401,0.03145689676801042,0.42857142857142855,5.0,2022-05-05,2022-08-05
PFE,0.05334865696917864,0.01886325449532034,0.009891491715094416,0.24738194247368228,0.026713447896463852,0.033928383204323426,0.5158730158730159,8.0,0.036814992407269584,0.01637107351369847,0.010094433401993274,0.13817385458061748,0.023287317766569827,0.03282560015833788,0.4444444444444444,5.0,2022-05-05,2022-08-05
PG,0.027677276400928742,0.010457992890129638,0.007067178508748556,0.12745193410852884,0.015408296320989362,0.02213138338407935,0.4365079365079365,6.0,0.06623062815149,0.017468366622519334,0.014813488258991269,0.1515387149262023,0.026396072715894746,0.04552232644143622,0.5079365079365079,6.0,2022-05-05,2022-08-05
QQQ,0.038516652148308926,0.014642033737911226,0.010588243020849864,0.22328991128016107,0.02565999388817619,0.033579187239577084,0.44841269841269843,5.0,0.05091939863372175,0.021392014975862614,0.0143687897379109,0.13674530658634276,0.038741313547085,0.04376512497246404,0.49206349206349204,4.0,2022-05-05,2022-08-05
SPY,0.02921098594799164,0.010675337336601014,0.007824371236069189,0.13487273968987945,0.019317204336246528,0.025057840531626886,0.4642857142857143,5.0,0.049027756826488356,0.016216813353783197,0.011284166253715573,0.12156478231784962,0.03171511753447849,0.03584827222787604,0.5396825396825397,5.0,2022-05-05,2022-08-05
T,0.045357384941939666,0.01531271714929302,0.011017988245005586,0.28600066505612465,0.019733990967375548,0.03547445832802196,0.503968253968254,5.0,0.07498844784095288,0.016669595006352244,0.015118638677611469,0.13164432181118968,0.02461894822620776,0.043324198635075445,0.5079365079365079,7.0,2022-05-05,2022-08-05
TLT,0.03199321483940774,0.010027434166550763,0.006347860087184075,0.2472371451313602,0.01625602215627157,0.02199354284795093,0.5238095238095238,7.0,0.026086852190522064,0.01313828389087389,0.007591412013114886,0.08653700117525387,0.020888037108933534,0.02437615773271634,0.47619047619047616,4.0,2022-05-05,2022-08-05
UNH,0.036971572077997124,0.013035610683138193,0.008313713297962317,0.09828313523574872,0.022431010461702178,0.02648637414744092,0.4603174603174603,7.0,0.03627386362847212,0.01777724720009189,0.01036396103670632,0.10537718074603375,0.02614832907313186,0.03159393529474028,0.42857142857142855,5.0,2022-05-05,2022-08-05
V,0.05233988618414042,0.018045656219260957,0.011895428678213731,0.23981011446205702,0.029136966035001353,0.04017979718010404,0.5,6.0,0.04083014787070742,0.018990020650214105,0.01260189749095908,0.12090224020642715,0.034354508481509616,0.03890397916698163,0.4444444444444444,4.0,2022-05-05,2022-08-05
VNQ,0.03158677334200768,0.010985694886375274,0.007436219729194129,0.1383503122179266,0.01674690893316928,0.024143507246073666,0.4801587301587302,6.0,0.050406856675148805,0.015994620130958807,0.012001632541702096,0.13220331945976116,0.026030797385537985,0.03733843164783515,0.5238095238095238,5.0,2022-05-05,2022-08-05
WMT,0.027158955225475467,0.01049625742036352,0.006417429896351525,0.11477291612470086,0.017874374636325584,0.021996463367409066,0.4801587301587302,6.0,0.0933549795309143,0.024124444975251177,0.025931938758587306,0.2182276322515132,0.03674448476913621,0.07387373263917091,0.4444444444444444,5.0,2022-05-05,2022-08-05
XLB,0.03213016044679563,0.011519289330864931,0.007447773518996451,0.11963358509115596,0.017629185478229177,0.02475651788456314,0.4880952380952381,6.0,0.061104298901500424,0.01631133460908443,0.010445179299401782,0.18950361412439531,0.031017913151409338,0.03444971438723049,0.5555555555555556,8.0,2022-05-05,2022-08-05
XLE,0.042959788907252563,0.018269911453182245,0.01065825983392539,0.17675790923951895,0.029851155143122317,0.03364856938336328,0.4523809523809524,6.0,0.07465072915364232,0.027338601787796065,0.01955138144500156,0.26043732716984047,0.050976308933984235,0.06147912853087836,0.47619047619047616,5.0,2022-05-05,2022-08-05
XLF,0.040176503979523444,0.013023226750008285,0.00863794835559754,0.1635678264224646,0.023060021667684494,0.02912340207726638,0.4801587301587302,7.0,0.04455133612731771,0.0158693127896283,0.008839550818912243,0.13297693569862823,0.025268792674156004,0.02969618239035013,0.6031746031746031,5.0,2022-05-05,2022-08-05
XLI,0.027987267248130155,0.010473304338320211,0.006666058199100091,0.10829991962035579,0.01718098885930469,0.022894687939200933,0.4722222222222222,6.0,0.04221009858115103,0.015087524875424883,0.009715022689312538,0.12011499735153774,0.02895681525878051,0.0325319571236552,0.5396825396825397,5.0,2022-05-05,2022-08-05
XLK,0.03966444002649004,0.015082035487139218,0.010309606435456736,0.2070287926359099,0.026010776406447177,0.032622548219888865,0.4801587301587302,5.0,0.04675315069909804,0.021014384755649092,0.013605414224605247,0.13896247790542282,0.03867337016200252,0.042370592384456174,0.47619047619047616,4.0,2022-05-05,2022-08-05
XLP,0.018839316520948713,0.008117899142043979,0.006010759175581584,0.07961866736176026,0.013312699891714203,0.018909964660871196,0.42063492063492064,4.0,0.045429870024024314,0.012939375878941334,0.011537744768006175,0.10957327767947,0.014835729116042062,0.029680001692611313,0.49206349206349204,5.0,2022-05-05,2022-08-05
XLU,0.04504909180408744,0.00962578660009642,0.006306872852572243,0.09150603440954896,0.0154373184203343,0.020223786623438086,0.4642857142857143,14.0,0.038133611653931004,0.013828125262896155,0.011071048544689646,0.13931280428892356,0.02358321921273875,0.032344359078321644,0.4126984126984127,5.0,2022-05-05,2022-08-05
XLV,0.033868143544683864,0.00915573942789955,0.006137481039182129,0.10559035489185609,0.015589848366462322,0.019990822304752645,0.45634920634920634,10.0,0.03188656482869503,0.012633337531568312,0.008351243169420127,0.10543193449592025,0.022458601999538252,0.026147732012404473,0.47619047619047616,5.0,2022-05-05,2022-08-05
XLY,0.046276116468763916,0.015318920664361777,0.011481035777292023,0.24006103871786177,0.02620844814009398,0.03635185671827778,0.4523809523809524,6.0,0.07478029861650903,0.025143843861877437,0.017265292609872213,0.1487194234617092,0.04235058055327512,0.050781244062200276,0.49206349206349204,6.0,2022-05-05,2022-08-05
XOM,0.04661183778443901,0.018714922584748654,0.011602513734221831,0.17216057747524316,0.028351434329674935,0.0373510523286934,0.4523809523809524,6.0,0.05723001007256833,0.02656828536228067,0.018168257165894708,0.20508660271404855,0.041827955811603965,0.05612125815330826,0.42857142857142855,4.0,2022-05-05,2022-08-05
AAPL,0.05960486647751762,0.017880024910452003,0.01209927845163285,0.24329937148363345,0.027036746123479588,0.03836102868058054,0.4722222222222222,8.0,0.045590587250714194,0.019029403315660772,0.012664052014087277,0.12541190734892183,0.03752491245421765,0.03856603497510197,0.49206349206349204,4.0,2022-06-06,2022-09-06
ABBV,0.036876400976840036,0.01269685565042888,0.010725009049041126,0.15831598307325,0.017889878639047896,0.03013963943949022,0.4166666666666667,5.0,0.03409633526269131,0.013965828416944482,0.009621540814868799,0.12472334537433982,0.02532775310070917,0.03000605765787051,0.49206349206349204,4.0,2022-06-06,2022-09-06
AMD,0.11283796368939578,0.03486287465694382,0.021267345286233034,0.4755728383571133,0.05383285278889595,0.06897548244331976,0.5079365079365079,8.0,0.11593769342552332,0.033146156352779704,0.020257930302846817,0.3002469697650457,0.060093818930011166,0.07198691585464648,0.5714285714285714,7.0,2022-06-06,2022-09-06
AMZN,0.08776542759274965,0.024715903884339068,0.019471766944278872,0.4420339714685856,0.03221266143835015,0.061234133415919184,0.5119047619047619,6.0,0.07129889558779867,0.030052258519242776,0.01646150547481643,0.16821140196265227,0.05102060882990125,0.053539314827969836,0.49206349206349204,6.0,2022-06-06,2022-09-06
BA,0.1162527869448513,0.025534142490004644,0.017368444264669023,0.5276151126730239,0.048226080440779646,0.057954589116512155,0.5793650793650794,9.0,0.06880820656873801,0.030045731974030977,0.01820322925098889,0.17724758852199307,0.04043552179784016,0.05535489964209467,0.5238095238095238,4.0,2022-06-06,2022-09-06
BAC,0.06602248505561215,0.01840219160492038,0.011179106035312813,0.3109448499717816,0.02967552080498699,0.038036061346581336,0.5238095238095238,9.0,0.04835128188481489,0.01900965491451417,0.010360988975317478,0.17111427286357161,0.03073098985178666,0.03588431891757182,0.5714285714285714,5.0,2022-06-06,2022-09-06
COST,0.0591284724724214,0.017436496490717913,0.014718126264780217,0.3140242704894183,0.025037742905117875,0.039308675495652756,0.4523809523809524,6.0,0.02969863826241948,0.015464159986589109,0.009166246377289963,0.07497867158206029,0.023385549927703298,0.02951951582908413,0.4444444444444444,4.0,2022-06-06,2022-09-06
CRM,0.07927897519935025,0.024371359753565382,0.017445950530881545,0.49799965002780344,0.03845455748901404,0.05604622456084998,0.5158730158730159,6.0,0.08954480452456823,0.028751625573374018,0.018089859499912774,0.20677584216329836,0.049548132870388784,0.056363386896538636,0.5555555555555556,6.0,2022-06-06,2022-09-06
CVX,0.04401124240422062,0.01664079704637991,0.011590262249307738,0.13362438307548408,0.025311873113141287,0.03521131400739715,0.42063492063492064,6.0,0.05844265166075034,0.023487273018385504,0.0134510864933473,0.2494892625013445,0.04280179906411641,0.04714897558175182,0.5396825396825397,5.0,2022-06-06,2022-09-06
DIS,0.06099602977957306,0.017800382908254277,0.012702903702736147,0.45355280072855597,0.030073294789967085,0.04346092199372923,0.5396825396825397,6.0,0.055321427526396696,0.021111699367885987,0.010776901466181175,0.14797282948433244,0.03434933102807756,0.03686832801134879,0.5714285714285714,6.0,2022-06-06,2022-09-06
EEM,0.04348436144701995,0.01292811181573202,0.007662736080918316,0.2801871809315014,0.019681743955529817,0.025875435686104994,0.5396825396825397,8.0,0.04116048632345303,0.011912749028251336,0.008147603597750967,0.10089671204925954,0.02308286620407498,0.029005912192947708,0.5555555555555556,6.0,2022-06-06,2022-09-06
EFA,0.04381070946103799,0.01070872558927455,0.007185883562392474,0.19090723345360594,0.018300937384939254,0.024875398379946977,0.5079365079365079,10.0,0.049705221639348235,0.012925976956429495,0.008218455958886943,0.12160612243649849,0.0219585251400781,0.026370234351664967,0.6031746031746031,7.0,2022-06-06,2022-09-06
GLD,0.031845534203146265,0.008658850961783947,0.006415766964003825,0.11863611233037841,0.016015974646551988,0.02110026448325417,0.47619047619047616,8.0,0.03940382731779878,0.008431483012673475,0.0058078203529635395,0.09550818614744216,0.013929053133253344,0.019377794006477878,0.5873015873015873,9.0,2022-06-06,2022-09-06
GOOGL,0.051647305271895406,0.018323216914260875,0.012390136365732482,0.293873040235914,0.032138820789229056,0.0397364763213836,0.4722222222222222,6.0,0.06663999753854512,0.024615134529437144,0.014808888341898916,0.12508187468841603,0.03389486728866646,0.04682731263341222,0.5555555555555556,5.0,2022-06-06,2022-09-06
HD,0.0529826157702488,0.016531322423028492,0.013283880938067427,0.3159988126573179,0.02849864688929623,0.04096379766865707,0.44841269841269843,6.0,0.048507236316630106,0.016002448307522118,0.011934320046155026,0.11325686249018874,0.02811999379420106,0.03645804508687106,0.5079365079365079,5.0,2022-06-06,2022-09-06
HYG,0.016765496725537694,0.004531255872627548,0.003297214356022414,0.11556158421753648,0.007781325065870725,0.010840857804253555,0.5238095238095238,7.0,0.026827548859685482,0.00911665517202053,0.006624086138193946,0.06557586633318147,0.015409418327770751,0.0207050547909004,0.5555555555555556,4.0,2022-06-06,2022-09-06
IEF,0.018181039864902396,0.004587519636278437,0.003038830948847972,0.137768080086203,0.007617188021967575,0.010471977899871865,0.5277777777777778,9.0,0.016790954788746964,0.006957048776856377,0.004131107924215523,0.057040302813631816,0.011011136543354949,0.014300237634553958,0.5079365079365079,5.0,2022-06-06,2022-09-06
INTC,0.06590431610786943,0.019328425161620633,0.015678849396630227,0.2632762199196078,0.028843329530167605,0.0487921676709058,0.5158730158730159,5.0,0.09340150333550278,0.022790363726773847,0.017575551702917188,0.2955090062145318,0.04277344510508746,0.05645934700412117,0.5396825396825397,7.0,2022-06-06,2022-09-06
IWM,0.04114974775606781,0.015075833355203357,0.008906871808672685,0.29314556223756505,0.02371515365136555,0.031144894887734205,0.5238095238095238,6.0,0.06199170755547542,0.016876618215301533,0.011889943909449651,0.13917280682384459,0.02656226206209016,0.038320073761165196,0.5396825396825397,7.0,2022-06-06,2022-09-06
JNJ,0.033788328166575045,0.009996165975622433,0.005474337365633673,0.12027637909515987,0.013760797191471124,0.019050631187721153,0.5119047619047619,10.0,0.029904611929951645,0.011016703824246988,0.007120145697607534,0.10898002579947408,0.01983507319932959,0.022926523251228736,0.5238095238095238,5.0,2022-06-06,2022-09-06
JPM,0.06799812222286801,0.016386531296058094,0.010889721954625974,0.307728976602879,0.028784545701675362,0.03592191640755659,0.5515873015873016,9.0,0.04950395525390108,0.01713613222564109,0.010215101877789111,0.16233330086487385,0.029275015898316024,0.035853008560312316,0.5873015873015873,5.0,2022-06-06,2022-09-06
KO,0.03265499645661135,0.01122604303332945,0.009497269885787364,0.09379243669551718,0.017909105680444647,0.02719677446216005,0.4166666666666667,5.0,0.026482607362581546,0.01050279916885108,0.006725741552401663,0.062404212276716,0.017024715940988033,0.021490598127625188,0.49206349206349204,5.0,2022-06-06,2022-09-06
LQD,0.016835016465048924,0.005359926248899188,0.003917238679638007,0.17305189145374544,0.010410552441647496,0.012942490127287586,0.4880952380952381,6.0,0.02032308972388365,0.007853198185656347,0.00500012524952693,0.0641675514525677,0.012184899675023852,0.015595912250633753,0.5079365079365079,5.0,2022-06-06,2022-09-06
MA,0.06335328619335437,0.020405720737113307,0.013303352094173288,0.22019283523718358,0.030921339700736867,0.04621510007888992,0.49603174603174605,7.0,0.04862184189067798,0.017683656431466736,0.014149213248609994,0.1517498342153678,0.03686720734423789,0.04339820597403693,0.47619047619047616,4.0,2022-06-06,2022-09-06
META,0.12305915143254759,0.031009679113027478,0.02730208446284876,0.5422314765937568,0.04181970400627474,0.07247824145804568,0.5119047619047619,6.0,0.09681875284178147,0.033444869280301256,0.020956440009043606,0.20743482320285056,0.05221995976869668,0.0642077408120795,0.5238095238095238,6.0,2022-06-06,2022-09-06
MRK,0.047657275677984154,0.014828610534479994,0.011564786202191011,0.20167884005807468,0.015734066897839093,0.03169044748914424,0.4642857142857143,6.0,0.03261221079381227,0.013253960433086515,0.008282466233349148,0.10109528969267201,0.024375981419433167,0.027157445037874234,0.49206349206349204,5.0,2022-06-06,2022-09-06
MSFT,0.05142210787783283,0.017015439377266788,0.012012770583557469,0.26066951459026655,0.03286731576081352,0.03908740342222646,0.48412698412698413,6.0,0.07048871869759091,0.020205249388979045,0.012587271195998378,0.1352181844886594,0.03790323999225085,0.041636271199424424,0.5714285714285714,7.0,2022-06-06,2022-09-06
NFLX,0.18090922617071611,0.0363780451507559,0.03768942211889919,0.7594731825161349,0.041554697071236074,0.09148913393767578,0.5,7.0,0.07204948525341506,0.033925301597597844,0.018425353371684626,0.1739881216467648,0.05093794583281628,0.058900390469196096,0.5396825396825397,4.0,2022-06-06,2022-09-06
NVDA,0.0880810388330815,0.03549647410653936,0.020098172569663647,0.5158577459077933,0.05535350475077657,0.06782745614160086,0.49603174603174605,6.0,0.1163098353706183,0.036835884218039384,0.02307734828782109,0.29924535676023445,0.06263600353240739,0.07752347850098362,0.5238095238095238,7.0,2022-06-06,2022-09-06
PEP,0.031439722159826704,0.01081394120608695,0.00910753856217202,0.11898742629686188,0.019057775275843195,0.026676941649934446,0.42063492063492064,5.0,0.025000001505828737,0.01002401667782196,0.006547619442002764,0.06268022450462019,0.01706643305165162,0.020290768253910962,0.47619047619047616,5.0,2022-06-06,2022-09-06
PFE,0.051967818022548795,0.019158013437474294,0.00995399517747257,0.24738194247368173,0.026713447896463852,0.033928383204323426,0.5,8.0,0.04112562941185645,0.01711977725222286,0.009618090749547071,0.1552823241442446,0.030797581539515072,0.03525497645266265,0.5238095238095238,5.0,2022-06-06,2022-09-06
PG,0.03445709052571909,0.011350749918605045,0.008639133447104893,0.13285611525958807,0.01612210559376236,0.025783385779983396,0.44841269841269843,6.0,0.07211306582551218,0.01528939547693656,0.011855322613037718,0.09922436055244455,0.02299262546026477,0.03579293406638892,0.5396825396825397,9.0,2022-06-06,2022-09-06
QQQ,0.04210598490779191,0.015747208059589183,0.011323322634565555,0.2872135712790238,0.026880257920207783,0.03666315863594611,0.4603174603174603,5.0,0.047888137073575546,0.018798368134255297,0.012668819331633743,0.12418114226301902,0.03478998389957274,0.04077540695412543,0.5238095238095238,4.0,2022-06-06,2022-09-06
SPY,0.03167856142451238,0.011525375303778163,0.008485328952994387,0.1822027435211414,0.019535553083992813,0.02749059053204363,0.4642857142857143,5.0,0.046850479466511205,0.014600738848916179,0.010201314077385504,0.11807845918964188,0.028474390443403785,0.03347719577853525,0.5555555555555556,5.0,2022-06-06,2022-09-06
T,0.04139517674048293,0.014870421612594945,0.010348794185120733,0.20539563088408863,0.01836544964915303,0.03223962984869049,0.4880952380952381,5.0,0.08133715281490969,0.016101102334266863,0.014212136916583684,0.20161276625425328,0.024549425070329135,0.043324198635075445,0.5714285714285714,7.0,2022-06-06,2022-09-06
TLT,0.03241812775661102,0.010493391235165591,0.0065393710091047365,0.258329318853209,0.01698663858332362,0.022467519391941103,0.5158730158730159,7.0,0.027536890009005187,0.012899885709748406,0.00752772125466632,0.10265560402742624,0.023094425855422863,0.025815241974819464,0.5079365079365079,4.0,2022-06-06,2022-09-06
UNH,0.038612273471848965,0.01354612813635122,0.008938026266631705,0.13668242034530698,0.022804509442243343,0.028327538313692655,0.4444444444444444,7.0,0.028484928139444032,0.016450148253521042,0.00813855089698401,0.08736244145871352,0.02342685535141732,0.026534352107608378,0.42857142857142855,5.0,2022-06-06,2022-09-06
V,0.05267752994756291,0.01883191177974491,0.012067183086833494,0.23981011446205658,0.03118229314441471,0.04151391489975646,0.49603174603174605,6.0,0.0398686951460413,0.01623434338490721,0.011250425438036345,0.11864820832542045,0.032927720214807756,0.03505677918816011,0.49206349206349204,4.0,2022-06-06,2022-09-06
VNQ,0.0349475680552682,0.011632363681374921,0.00803756092542387,0.1891046027409573,0.017848021549907268,0.026561834971859453,0.49206349206349204,6.0,0.049279712231337966,0.014425979433781428,0.010311050899774897,0.12355231243788267,0.02364168576055876,0.03129129492791349,0.5396825396825397,6.0,2022-06-06,2022-09-06
WMT,0.05461901400634039,0.013844665688904129,0.012807488854300594,0.2524999780743469,0.019312594395698345,0.0338598620312799,0.48412698412698413,6.0,0.047990382148789666,0.017753887332314738,0.01608143317155209,0.07974358615584032,0.019267136602575684,0.04114281302912215,0.3968253968253968,4.0,2022-06-06,2022-09-06
XLB,0.03409933892839352,0.012132688174738303,0.007780725651897109,0.1196335850911554,0.018471551762752347,0.026264668232118996,0.49603174603174605,6.0,0.059838808954688634,0.01537650858605786,0.00986353993758604,0.1895036141243951,0.02992471430814506,0.034100783634055526,0.5714285714285714,8.0,2022-06-06,2022-09-06
XLE,0.04994993093916739,0.01895714419125749,0.012482959923225461,0.17675790923951895,0.029983803988780904,0.03771026541738975,0.44841269841269843,6.0,0.06705826340263454,0.02547710122507454,0.015966253191103463,0.2604373271698406,0.03999636704835689,0.05080438003439161,0.5238095238095238,5.0,2022-06-06,2022-09-06
XLF,0.042410055148570026,0.013562424240647483,0.008694061305456857,0.20210527703586867,0.023901881600042633,0.0294569569483506,0.503968253968254,7.0,0.04510508284896467,0.014807581581732551,0.009307398048199057,0.12485792085946301,0.025268792674156004,0.030292506027303018,0.5873015873015873,5.0,2022-06-06,2022-09-06
XLI,0.030123893648385774,0.010955438759906344,0.0070372732354975825,0.15891139190713355,0.01775977848769249,0.024444113022652772,0.48412698412698413,6.0,0.038585692714349806,0.014297875066592174,0.009493305350355905,0.12011499735153763,0.028507483149495947,0.03189000295746952,0.5079365079365079,5.0,2022-06-06,2022-09-06
XLK,0.04195991443990494,0.016028358686211906,0.01090624760243561,0.258354836620345,0.02814838404786687,0.03521908169100722,0.4801587301587302,5.0,0.06412035049208795,0.018718978759681443,0.012298215372159726,0.12925549214386256,0.03758769451944902,0.04154168241729578,0.5396825396825397,7.0,2022-06-06,2022-09-06
XLP,0.02588868416276722,0.009383526315658636,0.008226848522834916,0.1243637019659043,0.014879882341028805,0.023097357792253765,0.4246031746031746,4.0,0.025195081570456114,0.009520200485006933,0.005798867980501804,0.07287168249985632,0.013322216723573843,0.018665297988576635,0.5396825396825397,5.0,2022-06-06,2022-09-06
XLU,0.043603847831381465,0.009645692506007506,0.006150437483584334,0.09150603440954874,0.015218950320980845,0.019612144319413365,0.4603174603174603,14.0,0.038472105240513,0.013699824570834941,0.011169320876277967,0.1365630634727848,0.02358321921273875,0.032344359078321644,0.4126984126984127,5.0,2022-06-06,2022-09-06
XLV,0.035992981880809224,0.00960593776212289,0.006570147486179461,0.11762235032491841,0.01584535007673153,0.02150068127500217,0.4523809523809524,10.0,0.032866294600608456,0.012199468462765685,0.0075644646302987706,0.0884968547556565,0.020752121097233445,0.025471278508644946,0.5396825396825397,5.0,2022-06-06,2022-09-06
XLY,0.05108258093179614,0.0171518279320496,0.012807501351947444,0.346142979794848,0.027927874075953166,0.04083065956616981,0.44841269841269843,6.0,0.06670336676251525,0.02074540698197002,0.014437958173704598,0.12662974121621018,0.03969493418227791,0.04373588673255624,0.5238095238095238,6.0,2022-06-06,2022-09-06
XOM,0.05104965349123161,0.01915259780049961,0.013075488448331328,0.1721605774752425,0.02821466024743615,0.040970553764170206,0.4365079365079365,6.0,0.05196115733885856,0.025450236550262,0.014662760448355149,0.20508660271404844,0.03941978742559367,0.04630090839342754,0.49206349206349204,4.0,2022-06-06,2022-09-06
AAPL,0.06400044151630253,0.01885071916269273,0.01274909193551843,0.28346211749362193,0.03231869857537392,0.04111849392348757,0.4801587301587302,8.0,0.05030310942137362,0.019539989073914778,0.013307700905125296,0.20824987814272145,0.029338314559353727,0.04388428339589148,0.5238095238095238,4.0,2022-07-07,2022-10-05
ABBV,0.03724388580280202,0.013208320495023592,0.010906078113569515,0.20673514554750672,0.0184959812059823,0.03134708261703814,0.4126984126984127,5.0,0.04310045226590785,0.01561464161420412,0.012922534189072897,0.12635077272993034,0.025766929715074882,0.03843581603323468,0.4603174603174603,4.0,2022-07-07,2022-10-05
AMD,0.12196527831368767,0.03608759934118399,0.02214138898617715,0.5449941541432639,0.057806748648972915,0.07351896123896788,0.5238095238095238,8.0,0.10185271104186981,0.031396410243851355,0.020208871238466233,0.390241570807916,0.06008565190681354,0.07006174213059568,0.5238095238095238,7.0,2022-07-07,2022-10-05
AMZN,0.09103149122972998,0.026066343143217468,0.020032182413468717,0.45162820505690426,0.03916267854446321,0.06603553660352168,0.5158730158730159,6.0,0.05670317323566726,0.027888971531455246,0.015500867463013096,0.2195054499740845,0.035899762405155064,0.051659950127337984,0.5079365079365079,4.0,2022-07-07,2022-10-05
BA,0.12354279005319378,0.027471128535798247,0.018633374709218185,0.5164238808745762,0.04900599468873567,0.06110176755403314,0.5753968253968254,9.0,0.06169784734314343,0.028528607312539415,0.017954400020491472,0.29637377648374796,0.0406762794515804,0.056874122646850656,0.47619047619047616,4.0,2022-07-07,2022-10-05
BAC,0.06775244564102359,0.018658378927517875,0.01127922046101275,0.36592191659349504,0.031453213741206305,0.038549933837768516,0.5317460317460317,9.0,0.04480129596953406,0.019700537395427195,0.009050766862532133,0.17033354433247205,0.02362533588598187,0.03028451128433346,0.5555555555555556,6.0,2022-07-07,2022-10-05
COST,0.059339969767823936,0.017934580125017117,0.01466373711795072,0.3140242704894183,0.02539279541528213,0.039455902171208486,0.45634920634920634,6.0,0.043888834388685835,0.016866080257576046,0.012384856264884893,0.16856813452799135,0.031178734646305748,0.040931008415806214,0.49206349206349204,4.0,2022-07-07,2022-10-05
CRM,0.08363633248189023,0.026161772438693803,0.018555679825527593,0.49799965002780366,0.04184757356730764,0.06101210695424434,0.5119047619047619,6.0,0.06875950044613757,0.025137544838816084,0.013890808170936884,0.2479740057463844,0.03947307829492055,0.04525154622634653,0.5555555555555556,6.0,2022-07-07,2022-10-05
CVX,0.04967274807097401,0.01796685175750101,0.012991609794897602,0.2227681497972881,0.026403057049257057,0.04126249650478504,0.4246031746031746,6.0,0.05065594179578112,0.022647894743710564,0.012060938522805027,0.14377700609048782,0.02580153185181504,0.03619476371377872,0.5238095238095238,5.0,2022-07-07,2022-10-05
DIS,0.07428278006239525,0.01842945734012969,0.012976152202134628,0.49819808105706354,0.03245325131709433,0.04498461177007451,0.5436507936507936,8.0,0.05209293612620774,0.022792154299525007,0.010147974570040469,0.24511835117846825,0.028838044923327234,0.033904112518369944,0.5714285714285714,6.0,2022-07-07,2022-10-05
EEM,0.045369342414193624,0.013523882619034103,0.008133945851150251,0.25966304018501096,0.020729357189326957,0.028052153587629983,0.5317460317460317,8.0,0.03825790819933441,0.01173576850330516,0.007292563146500693,0.15030466973033307,0.021777407091291057,0.02613053627682599,0.5714285714285714,6.0,2022-07-07,2022-10-05
EFA,0.04877657730321201,0.011447377503921795,0.007677794575505594,0.22223633409501165,0.021176727952751127,0.026619577994474137,0.5277777777777778,10.0,0.04660815335386872,0.014016080333414909,0.008322884527476558,0.16806462864359006,0.017003205577392343,0.02747279246520165,0.5714285714285714,7.0,2022-07-07,2022-10-05
GLD,0.03458634522523279,0.008726414477211373,0.0063722007926307585,0.1533601167543195,0.016015974646551988,0.021099479323375286,0.48412698412698413,9.0,0.021564546872412684,0.008838380275515043,0.004823239199457382,0.09912432163968488,0.012996909021501201,0.01575359228606571,0.5079365079365079,6.0,2022-07-07,2022-10-05
GOOGL,0.05397523583086102,0.01974372311058282,0.012753888697407635,0.29387304023591443,0.03371625298068582,0.040523026511459975,0.4801587301587302,6.0,0.0644047986955725,0.022751886880784465,0.014766532328790872,0.2164973696001664,0.030355613795451642,0.05005444074921045,0.5873015873015873,4.0,2022-07-07,2022-10-05
HD,0.05618584420084133,0.01718039484115081,0.013580272588226437,0.34568635850686635,0.029332482565620217,0.04263707876898275,0.46825396825396826,6.0,0.05301041762773882,0.017913531770802196,0.01346296320704478,0.18040394657914505,0.025658530389977063,0.03949915433794368,0.49206349206349204,5.0,2022-07-07,2022-10-05
HYG,0.023891154179641834,0.005629882999976933,0.0044596821135331425,0.14601183914381421,0.008657667037645289,0.014245991870682557,0.5476190476190477,7.0,0.02257480696426696,0.008684030792758013,0.004886321853737437,0.09448921618485095,0.011736707103617705,0.015935136566583963,0.5238095238095238,6.0,2022-07-07,2022-10-05
IEF,0.020010127868345114,0.005058620523788409,0.003287378149799555,0.16179752872173603,0.008756912861435063,0.011346794729483266,0.5357142857142857,9.0,0.01826824851963687,0.007051084522508132,0.004204596881503724,0.10295501872675095,0.013557662162779894,0.014997969685794088,0.5396825396825397,5.0,2022-07-07,2022-10-05
INTC,0.06657619985039702,0.020155067539179297,0.016244592763496872,0.3422820385843095,0.031712955227914216,0.05131471189447342,0.5079365079365079,5.0,0.10593795528338888,0.023207910452999914,0.018510664229624402,0.359020984000366,0.042646731078019626,0.061231641345565524,0.5714285714285714,7.0,2022-07-07,2022-10-05
IWM,0.04526088589079606,0.01595243877547547,0.009878367952356281,0.31911641781616285,0.025205123115626532,0.03475385297057376,0.5198412698412699,6.0,0.0489387530324722,0.016623400205562244,0.009386401044587923,0.17929476017971857,0.022516948019452032,0.02957733706200827,0.5396825396825397,7.0,2022-07-07,2022-10-05
JNJ,0.03566995071325723,0.010351516902270702,0.005779195201882313,0.12027637909516042,0.015349960589249983,0.02020444932365984,0.5119047619047619,10.0,0.026417574596342693,0.010298059851307795,0.006522857925022887,0.08935255588834701,0.017005126006604865,0.021564693615147984,0.5555555555555556,4.0,2022-07-07,2022-10-05
JPM,0.07117126312352282,0.016875752386072283,0.011095293287397265,0.33563444473640225,0.02966986897783206,0.037252902376786134,0.5634920634920635,9.0,0.04404218105941707,0.01792592446302561,0.009215174969142098,0.15473601338418486,0.02842625537489942,0.03281288756696735,0.5396825396825397,6.0,2022-07-07,2022-10-05
KO,0.03279794297935242,0.011599386860100308,0.009669513069609876,0.10139278400485519,0.017909105680444647,0.027654302687204754,0.4087301587301587,5.0,0.03429694509285583,0.010195337969409862,0.007423581188929832,0.13479874648491474,0.016313315320199827,0.024705492836022885,0.5238095238095238,6.0,2022-07-07,2022-10-05
LQD,0.01901947206362194,0.005807185424443708,0.004253994473104474,0.19650142509990542,0.010634359118297321,0.013899636861481102,0.5079365079365079,6.0,0.017869669369203,0.00833884687816521,0.004569844900413465,0.11213199063980839,0.013558751975870698,0.01501169941853131,0.5396825396825397,4.0,2022-07-07,2022-10-05
MA,0.06812100845876912,0.021350979849527517,0.014079242819686078,0.22064635532157428,0.038586837112091515,0.0488090833498031,0.503968253968254,7.0,0.05562597561961896,0.01505126470423192,0.009460199935309348,0.21005687085412594,0.027029717807183374,0.03262699112439038,0.5238095238095238,9.0,2022-07-07,2022-10-05
META,0.12634982249670546,0.03245157691460965,0.028032157588554776,0.5922078238260604,0.049439246891434876,0.07645797712181782,0.5119047619047619,6.0,0.10127300567932082,0.031171222671129213,0.020459193066529456,0.2662553301644882,0.04663526288986915,0.06715993523347505,0.5555555555555556,6.0,2022-07-07,2022-10-05
MRK,0.048766211342603644,0.01527558189615274,0.011745574263973713,0.20167884005807435,0.01715483326056208,0.033162963681714085,0.46825396825396826,6.0,0.03277030303186709,0.011881387846782875,0.0073997458459054725,0.1026594291670484,0.018588380413554494,0.024241787535682235,0.5396825396825397,5.0,2022-07-07,2022-10-05
MSFT,0.054626076244788206,0.018020610216804015,0.012563403989656106,0.29082114020366934,0.036384649915638625,0.040438400305679315,0.49206349206349204,6.0,0.0734480477520695,0.019354502080777897,0.012144187789694031,0.2047079983391351,0.02913179104042165,0.040975583403036,0.6031746031746031,7.0,2022-07-07,2022-10-05
NFLX,0.18686373399704312,0.03778172397121238,0.03738510551197457,0.7594731825161352,0.049642927418243415,0.09443946140424,0.5198412698412699,7.0,0.057578866301202715,0.03284533227792778,0.017707786263266707,0.12503010596381192,0.04564592531645571,0.0589254706561719,0.5079365079365079,3.0,2022-07-07,2022-10-05
NVDA,0.09216259706649263,0.03681515661831598,0.020361892144353674,0.5646474413577032,0.05810641045130515,0.06968509656890456,0.5119047619047619,6.0,0.11713683489724223,0.03486641554274211,0.025565579045033027,0.368066181481689,0.06196386848432944,0.08166037068695683,0.47619047619047616,7.0,2022-07-07,2022-10-05
PEP,0.03231996768460941,0.011139337598443908,0.009106022641298683,0.11898742629686232,0.019057775275843195,0.026814541876681856,0.4365079365079365,5.0,0.027971780843992364,0.010546045154777452,0.008139936224442222,0.08892924985307371,0.01670179195919269,0.02443399856989581,0.47619047619047616,4.0,2022-07-07,2022-10-05
PFE,0.05473114307581411,0.01994774438764218,0.010567152968974222,0.24738194247368206,0.029226993804338013,0.03562085054438724,0.49603174603174605,8.0,0.036267081159065975,0.01332561156215267,0.007604387984965447,0.17059322396459864,0.019882150748297234,0.027149278500976426,0.5714285714285714,5.0,2022-07-07,2022-10-05
PG,0.0363955203733847,0.012103830420799782,0.00892819403098903,0.19001300868129112,0.017214554793005644,0.027791194128997852,0.4603174603174603,6.0,0.07128342981148587,0.014082156523325288,0.011907946224268953,0.15794048023363505,0.023133487337163673,0.034385261499932956,0.5238095238095238,9.0,2022-07-07,2022-10-05
QQQ,0.04610401174504683,0.016917958190779434,0.012031126570918595,0.3265453588837758,0.030069029386542306,0.03952095644308096,0.47619047619047616,5.0,0.05180951520595806,0.017790242980347773,0.011513225601324013,0.19611993084571144,0.025831187232577813,0.03774497273208399,0.5555555555555556,5.0,2022-07-07,2022-10-05
SPY,0.03553079750662421,0.01256723965960223,0.009235187447158276,0.23009957537584147,0.021785303006421657,0.030796741283248795,0.4801587301587302,5.0,0.04712249196794527,0.01434894213019323,0.008982293190370798,0.16535456727158193,0.020484709944022426,0.029760726939320026,0.5714285714285714,6.0,2022-07-07,2022-10-05
T,0.05217868277789491,0.015572134791279172,0.010870558912061441,0.20142708146870691,0.020256144556964215,0.03460038426265763,0.4880952380952381,7.0,0.06871857492099301,0.015271095126817567,0.013300369339547036,0.2624999856898358,0.023066006308733754,0.0396426063503611,0.6031746031746031,5.0,2022-07-07,2022-10-05
TLT,0.03378291543354379,0.010934349873656619,0.006702959411417419,0.28877675212594434,0.01730661116479329,0.023551755128319394,0.5238095238095238,7.0,0.030797421591255626,0.012987249905385759,0.007604301627470525,0.1572526176719624,0.023754080377945574,0.025112909623886098,0.5555555555555556,4.0,2022-07-07,2022-10-05
UNH,0.040382339747060646,0.01448639342639585,0.009080684863757023,0.16911380374519436,0.023513830698326958,0.028939861076078384,0.4603174603174603,7.0,0.023089001651227913,0.014075081778673636,0.008475129574359452,0.0760419925630178,0.022524350697109362,0.026780637685542008,0.4126984126984127,3.0,2022-07-07,2022-10-05
V,0.055582156869280155,0.019627138486201772,0.012532051963672472,0.2415721881005708,0.03326615692284577,0.04232924308047973,0.503968253968254,6.0,0.06065849547365765,0.013995575799812063,0.008725676432222577,0.18186428671076504,0.023742525240651523,0.02928347931566838,0.5396825396825397,11.0,2022-07-07,2022-10-05
VNQ,0.03988019033808379,0.012631595554831744,0.009099789899671418,0.2456141795030664,0.021154339342806208,0.030388108259186482,0.49603174603174605,6.0,0.04738540773459741,0.01425957798114801,0.009088471060207175,0.21532581422791852,0.02509165270558421,0.030213735288869698,0.5396825396825397,7.0,2022-07-07,2022-10-05
WMT,0.05401316086192947,0.01402839408555166,0.01286027639569749,0.25739688365401736,0.019085983918529947,0.03377986598161769,0.47619047619047616,6.0,0.049267641466822505,0.017858064363773015,0.016074980020039088,0.07974358615584021,0.024532252204716044,0.04255464303121215,0.4126984126984127,4.0,2022-07-07,2022-10-05
XLB,0.046597352689323385,0.01307196032202288,0.008676552240685977,0.19234980449494254,0.02107783159295377,0.029901302507172472,0.5158730158730159,8.0,0.04063142355415784,0.015777203034604618,0.00806179038772973,0.16951970940181849,0.020322079433509988,0.02715388278994066,0.5238095238095238,7.0,2022-07-07,2022-10-05
XLE,0.05627357560897246,0.020630862906068113,0.014063298504234333,0.24925990860784542,0.03233567374054012,0.0447483452995795,0.44841269841269843,6.0,0.05655360161551467,0.023199595880635377,0.014138400403878667,0.17350967878791956,0.028418653831963923,0.04216213346977937,0.49206349206349204,5.0,2022-07-07,2022-10-05
XLF,0.04500385458475887,0.014045597861977054,0.009000770916951775,0.2525188325022206,0.024974159582942367,0.03052925827080455,0.5158730158730159,7.0,0.04109640723665508,0.014973610161397864,0.00830230449225355,0.1477322845190967,0.020666107395414256,0.02748388055237641,0.5555555555555556,6.0,2022-07-07,2022-10-05
XLI,0.03430133976291283,0.01175240293416482,0.007826817837969968,0.1980884139358089,0.020692899821391053,0.027188588746819363,0.49603174603174605,6.0,0.03805531008388062,0.014640481620153132,0.0085116494415606,0.1720229171314912,0.018994231977883913,0.02804945202378925,0.5079365079365079,6.0,2022-07-07,2022-10-05
XLK,0.0458408630316341,0.017168167262612482,0.011642123944541994,0.29964231066789737,0.029934643716886776,0.0380262115987261,0.49206349206349204,5.0,0.05949710364951902,0.017667424475479275,0.011017982157318338,0.2143489852612367,0.025753961890159282,0.037432891935769874,0.5555555555555556,7.0,2022-07-07,2022-10-05
XLP,0.02915651719276065,0.009800769324209632,0.008280450882744025,0.14571180894551994,0.01520469510619118,0.02339330690991535,0.42857142857142855,5.0,0.029991107816846423,0.009930380291296921,0.007405211806628746,0.12954811522403298,0.017255092712510002,0.023202036759674388,0.5555555555555556,4.0,2022-07-07,2022-10-05
XLU,0.05498914940793718,0.010759680383754454,0.0076405976019449555,0.15709452094116705,0.015761458474671093,0.02452950058883305,0.46825396825396826,14.0,0.039822020405438883,0.01385287005183552,0.009634359775509405,0.1557384544531436,0.023918944601282476,0.028935196634737703,0.4603174603174603,6.0,2022-07-07,2022-10-05
XLV,0.03917573569404724,0.010323205355298178,0.006995667088222721,0.16061050760245954,0.017429127807765937,0.02301332760395289,0.4642857142857143,10.0,0.028422284776837604,0.011856803691623318,0.007268485524940833,0.09455096239733785,0.01636551387627111,0.02465558659538658,0.5396825396825397,4.0,2022-07-07,2022-10-05
XLY,0.057828003710818414,0.018564865560726933,0.013559957580098111,0.36127727641363505,0.029897361631777076,0.04532820426521566,0.48412698412698413,6.0,0.04907983488533309,0.019464495100329653,0.012464719970878245,0.1747224042553852,0.03175479370127511,0.03909514426033775,0.49206349206349204,5.0,2022-07-07,2022-10-05
XOM,0.05613291178436483,0.02079484289040927,0.01417497772332445,0.20374800095588053,0.03400799289622676,0.045808326736830156,0.4444444444444444,6.0,0.06589690297337025,0.022294961781620045,0.01287363183850945,0.1612062839560009,0.0320882955174441,0.04144350591204493,0.49206349206349204,8.0,2022-07-07,2022-10-05
AAPL,0.063948833408315,0.019162427192006774,0.012738811435919322,0.28346211749362127,0.03231869857537392,0.04111849392348757,0.4801587301587302,8.0,0.058766689772579615,0.023265361874085472,0.01451029377100731,0.20824987814272167,0.03765983336411656,0.046975689084881034,0.5555555555555556,4.0,2022-08-05,2022-11-03
ABBV,0.03935827267260515,0.0136717049671174,0.01129002243995048,0.20673514554750605,0.019766476400069753,0.03370987060974139,0.4246031746031746,5.0,0.042062552086342866,0.016551252412855343,0.012240425210311415,0.071853443569586,0.021370385591927922,0.03636742316750377,0.47619047619047616,4.0,2022-08-05,2022-11-03
AMD,0.11872062786491881,0.03602847616721324,0.021917654375061938,0.5449941541432638,0.057806748648972915,0.07351896123896788,0.5158730158730159,8.0,0.1727994277477018,0.034020607324878785,0.027428480594873305,0.4461934715013307,0.061740191350653575,0.0893008070105358,0.6190476190476191,7.0,2022-08-05,2022-11-03
AMZN,0.08783019164587337,0.02740361485612218,0.019644559459033727,0.4463834407169731,0.03916267854446321,0.0642358980752347,0.5079365079365079,6.0,0.11419759300844885,0.027228471014714112,0.018881877150867865,0.3832020734584548,0.049852847722722526,0.06095077751889505,0.6031746031746031,7.0,2022-08-05,2022-11-03
BA,0.12188735143063147,0.02783339009692181,0.018557123794931085,0.5162219802376742,0.04853816615348613,0.0610597734271538,0.5714285714285714,9.0,0.06573458318327219,0.02895213584126157,0.022027461736898967,0.29637377648374796,0.05245065875009346,0.06851626486972948,0.3968253968253968,4.0,2022-08-05,2022-11-03
BAC,0.06698872506136148,0.018970249491962965,0.011247395499773272,0.38331926382052717,0.031453213741206305,0.038549933837768516,0.5277777777777778,9.0,0.04511133008059927,0.021123882848205204,0.009764357160302871,0.1821467151976276,0.028877667111539718,0.03161846006404237,0.5238095238095238,6.0,2022-08-05,2022-11-03
COST,0.059273100010034566,0.01837485290825611,0.014647212664817343,0.3140242704894177,0.025513688214360425,0.04000156948362821,0.45634920634920634,6.0,0.04756651628545406,0.01784837583910063,0.012583734467051338,0.18951441474809771,0.0325844512472343,0.041025532572338264,0.5238095238095238,4.0,2022-08-05,2022-11-03
CRM,0.08323540100974522,0.027127694902472826,0.018616864583709248,0.4979996500278032,0.04459128849111187,0.06114308559080105,0.5079365079365079,6.0,0.07969058811997032,0.024543085418044636,0.014949172374597605,0.25562642684192327,0.0393154972474422,0.049083378222254836,0.5873015873015873,6.0,2022-08-05,2022-11-03
CVX,0.0492026926667442,0.018908446163250506,0.01277992017318031,0.24948926250134462,0.026314776189017192,0.04126973025413421,0.42857142857142855,6.0,0.04616838907061813,0.01996557266718105,0.01355738409216564,0.1437770060904875,0.02580153185181504,0.037178727837962444,0.4126984126984127,5.0,2022-08-05,2022-11-03
DIS,0.07244077510620602,0.018907868411868076,0.012765383293309365,0.5059975220440056,0.0312321590798438,0.04469820624584939,0.5396825396825397,8.0,0.05698277164330143,0.02229905700882759,0.011100539930513267,0.2549615279719659,0.03170088781152743,0.03654737625132362,0.5714285714285714,6.0,2022-08-05,2022-11-03
EEM,0.046172473035460355,0.01337962035153319,0.008097941424680738,0.2638477903809351,0.02077255924070327,0.028502668358513415,0.5396825396825397,8.0,0.04457268446208901,0.013394228687942865,0.008361398239641514,0.17344709017915638,0.022193655189903617,0.028956219149678553,0.5873015873015873,6.0,2022-08-05,2022-11-03
EFA,0.04950892258384925,0.011710550349534315,0.007727583154621973,0.23314777791285513,0.021176727952751127,0.026619577994474137,0.5317460317460317,10.0,0.04922977973824468,0.014337844437893914,0.00781425075210233,0.16806462864358962,0.017471070567153125,0.02760246460957,0.6190476190476191,7.0,2022-08-05,2022-11-03
GLD,0.03406010424447689,0.008911757165409888,0.00637178820900078,0.1747689529566998,0.016015974646551988,0.021099479323375286,0.47619047619047616,9.0,0.026095279852310603,0.008913420408051348,0.0048952184427133874,0.09912432163968476,0.013359656287326781,0.01613895200614532,0.5873015873015873,6.0,2022-08-05,2022-11-03
GOOGL,0.05657370316564085,0.02086783059767507,0.013163794567762753,0.29911208249398136,0.03487063530341429,0.04224089968420072,0.4880952380952381,6.0,0.0990788475755336,0.023989464891368613,0.018872161442958783,0.31659565077112684,0.042542596843798464,0.061809700734020756,0.6190476190476191,5.0,2022-08-05,2022-11-03
HD,0.055635279937193624,0.017238608775599094,0.013848608642375035,0.34568635850686547,0.029332482565620217,0.04263707876898275,0.4523809523809524,6.0,0.06122181634471462,0.019803442194414534,0.013118960645295993,0.18040394657914516,0.02802076334602648,0.04138381520412274,0.5714285714285714,5.0,2022-08-05,2022-11-03
HYG,0.02368456028696766,0.005962125385563454,0.004500066454523855,0.1460118391438151,0.008827530578343401,0.014318798337496675,0.5396825396825397,7.0,0.022392752209050362,0.008909364253223856,0.004846916062565013,0.09448921618485084,0.012676117125917374,0.016744906008703903,0.5238095238095238,6.0,2022-08-05,2022-11-03
IEF,0.020577715094016114,0.005361464851660364,0.0034688148301341456,0.15794984053524486,0.009112271264068678,0.012133897119067837,0.5238095238095238,9.0,0.018997825361244065,0.0064416645428875385,0.0036186334021417266,0.10474352002119636,0.010363119968212342,0.013327031546689322,0.6190476190476191,5.0,2022-08-05,2022-11-03
INTC,0.07008748506575566,0.02097205217713339,0.01717002646189195,0.35066509933546364,0.032511361256649704,0.054015401135977234,0.503968253968254,5.0,0.09295577648137816,0.026081925651305193,0.015369672037264907,0.31095206340793147,0.04262927496248776,0.05325551414900062,0.6031746031746031,7.0,2022-08-05,2022-11-03
IWM,0.04665814900921107,0.015939620002499776,0.01018332617264527,0.3191164178161633,0.025205123115626532,0.03475385297057376,0.5198412698412699,6.0,0.04677416507713404,0.01797354007064369,0.009589941252587006,0.17929476017971824,0.029151460169336195,0.03364114515392608,0.5079365079365079,7.0,2022-08-05,2022-11-03
JNJ,0.03735587516036874,0.010542573002588632,0.005929503993709324,0.12027637909516042,0.015735149999463887,0.020787326384247278,0.5238095238095238,10.0,0.0244014327084193,0.010910762824730762,0.0062402252958038765,0.05503954674536349,0.016973889667297137,0.02079924038427286,0.5396825396825397,4.0,2022-08-05,2022-11-03
JPM,0.07149991182369593,0.017056911271347255,0.011045196129227405,0.35719607588469315,0.02966986897783206,0.037439034449280095,0.5674603174603174,9.0,0.0385465907507106,0.02005965159952014,0.009177759702550144,0.1679023508198907,0.02842625537489942,0.03129311068394228,0.47619047619047616,6.0,2022-08-05,2022-11-03
KO,0.03303388069953099,0.011648751946798562,0.009541658767792815,0.10139278400485452,0.017909105680444647,0.027654302687204754,0.42063492063492064,5.0,0.03427924246101963,0.012193934814970287,0.0076670744321183865,0.15997304439466364,0.020956396079135253,0.025966183076425314,0.5079365079365079,6.0,2022-08-05,2022-11-03
LQD,0.019245446540014716,0.0061228857398189914,0.004373965122730617,0.19650142509990554,0.010852748860379208,0.014240470598760905,0.5,6.0,0.02435103014054502,0.008056676108414056,0.004392321453922261,0.1263394346889798,0.01368624524910358,0.01504618256931467,0.6031746031746031,6.0,2022-08-05,2022-11-03
MA,0.06494769394074462,0.0209001463883882,0.013745543691162883,0.2206463553215735,0.036566830615139156,0.04733309401831663,0.49206349206349204,7.0,0.07370960030375072,0.01796228245617732,0.010446371925134739,0.21145358609808873,0.03276947597204873,0.037164404662505174,0.6031746031746031,9.0,2022-08-05,2022-11-03
META,0.1269207361892049,0.03370995612674651,0.028616688354348142,0.5922078238260606,0.05083615272958411,0.0785767192761632,0.503968253968254,6.0,0.2336708315572883,0.04205027278339613,0.04046248165494169,0.5084857858849623,0.05522564561262838,0.11401804551112252,0.6190476190476191,6.0,2022-08-05,2022-11-03
MRK,0.04993119794585717,0.015481236903197656,0.011935744528890159,0.20167884005807446,0.017996646250573185,0.03478654782614255,0.4722222222222222,6.0,0.020361017448238396,0.012716722693725938,0.005655838180066221,0.07459337323907966,0.016810643398407356,0.018655866777542857,0.49206349206349204,4.0,2022-08-05,2022-11-03
MSFT,0.05488158515794037,0.0189835391230855,0.012622168263416202,0.2908211402036691,0.036758632462809075,0.0407749980488531,0.49206349206349204,6.0,0.10688785614942276,0.022252412872020313,0.016259396107385738,0.26839280745597394,0.03826516234931656,0.05539365052002079,0.6349206349206349,7.0,2022-08-05,2022-11-03
NFLX,0.18861714477198321,0.039031146059592424,0.037112169688931884,0.7594731825161352,0.05003115539323746,0.09458244375112179,0.5277777777777778,7.0,0.09348706786986831,0.037755684320847964,0.02023529607572907,0.14043318924295212,0.05935640271268539,0.06756450631417907,0.5238095238095238,6.0,2022-08-05,2022-11-03
NVDA,0.09013508947971434,0.03726624531461103,0.020403633076719108,0.5646474413577027,0.05810641045130515,0.06968509656890456,0.5,6.0,0.12901859405267124,0.03612213199942914,0.026452224971116458,0.4099234961594148,0.07528596502291363,0.08598302627689458,0.5079365079365079,7.0,2022-08-05,2022-11-03
PEP,0.03196200842643405,0.011199015977887184,0.009005169040781023,0.1189874262968621,0.019057775275843195,0.026814541876681856,0.4365079365079365,5.0,0.03175380062941996,0.013379802168934042,0.00868049223555572,0.09813689807815673,0.020023796481477285,0.026584149954713643,0.5079365079365079,4.0,2022-08-05,2022-11-03
PFE,0.05574073741967243,0.019769742201585068,0.010290597677477989,0.24738194247368184,0.029226993804338013,0.03562085054438724,0.5158730158730159,8.0,0.03226828627024251,0.01682994532682133,0.008252030880397113,0.16683300112862776,0.022515004156370512,0.027999631995282215,0.5396825396825397,4.0,2022-08-05,2022-11-03
PG,0.04118766797609046,0.012905763646209586,0.010103756934971685,0.1900130086812909,0.017750841235089965,0.031198657547547044,0.4603174603174603,6.0,0.04533369403352189,0.012005284155613674,0.007834163715470374,0.17454810332521986,0.021016609831953303,0.02419859803654817,0.5079365079365079,9.0,2022-08-05,2022-11-03
QQQ,0.04717244395790405,0.017533395169433873,0.011980303227404203,0.326545358883775,0.030069029386542306,0.03952095644308096,0.49206349206349204,5.0,0.07040215499131311,0.018822124440760063,0.012190849349145126,0.21648311304831325,0.0338554967138032,0.042051649632532245,0.6190476190476191,6.0,2022-08-05,2022-11-03
SPY,0.035851775521275935,0.012889673670135549,0.009176347306040864,0.23009957537584236,0.021785303006421657,0.030796741283248795,0.4880952380952381,5.0,0.052689413031811995,0.0155973209782113,0.009270864463075425,0.16680326440555315,0.024865448553978008,0.032580363121786166,0.6031746031746031,6.0,2022-08-05,2022-11-03
T,0.06086378966251188,0.016463474846539025,0.012267599881163474,0.19349800553096952,0.02346180056454362,0.03917567708764936,0.503968253968254,7.0,0.039883546784156204,0.017745407049008257,0.007894836973403353,0.19817719984135485,0.021234345447461854,0.025238849584061196,0.5555555555555556,6.0,2022-08-05,2022-11-03
TLT,0.03453374772697561,0.011255377313412864,0.00685193407281262,0.288776752125944,0.01835544961647011,0.02427066500411064,0.5238095238095238,7.0,0.036105229462222124,0.012458272359447133,0.006877186564232786,0.2157467416196126,0.02288954775576051,0.024989387248620626,0.6190476190476191,5.0,2022-08-05,2022-11-03
UNH,0.040473838206745,0.015010883628137319,0.009101259914215147,0.16911380374519347,0.023513830698326958,0.02908783854186304,0.4603174603174603,7.0,0.021886990346399487,0.012172451620671836,0.008033915107309336,0.08734816522943523,0.020064727860651322,0.02582669560709433,0.4126984126984127,3.0,2022-08-05,2022-11-03
V,0.05529045902543123,0.019608661106257048,0.012466283149673345,0.2116309660086152,0.03326615692284577,0.04232924308047973,0.503968253968254,6.0,0.06781581175310705,0.016131530992556906,0.009082474788362552,0.18186428671076527,0.02863794999657998,0.031615979296463814,0.5714285714285714,11.0,2022-08-05,2022-11-03
VNQ,0.03968719302738293,0.01275947393371894,0.00898388107284112,0.2456141795030662,0.021154339342806208,0.030388108259186482,0.5,6.0,0.05945402781611094,0.016727817389192757,0.010223576211765109,0.2464039875539098,0.027779569445286655,0.03087157730699666,0.5873015873015873,7.0,2022-08-05,2022-11-03
WMT,0.06006882906795575,0.015380282123962917,0.014410451417817665,0.2573968836540176,0.02017723499957671,0.03952518235011193,0.4722222222222222,6.0,0.02708682359786232,0.014048479265820165,0.008121269861792936,0.07855532918532848,0.020505718295235932,0.025181830367353025,0.4603174603174603,4.0,2022-08-05,2022-11-03
XLB,0.04660448807604152,0.013161533502184915,0.00860675069780376,0.21125411470054378,0.020671049382194873,0.029848186882557578,0.5198412698412699,8.0,0.047849541379837275,0.017722504146576206,0.008861026181451348,0.1695197094018187,0.025858800024312335,0.03150156406069285,0.5555555555555556,7.0,2022-08-05,2022-11-03
XLE,0.05601790183074961,0.020826617198897997,0.014100848160945664,0.2604373271698408,0.03233567374054012,0.044883256122048645,0.4444444444444444,6.0,0.0489480671891962,0.022071284671161515,0.01500021413862464,0.17350967878791934,0.025713925075970943,0.04147806254049055,0.38095238095238093,5.0,2022-08-05,2022-11-03
XLF,0.044514664026969485,0.014025259219514648,0.008828741698682281,0.2525188325022214,0.02433847498822835,0.030290396921249386,0.5198412698412699,7.0,0.04156496636859992,0.01633539309863468,0.00839696290274746,0.1496973803872732,0.02189773983595291,0.028222235523625516,0.5555555555555556,6.0,2022-08-05,2022-11-03
XLI,0.03315748256969225,0.011899048842914003,0.00774595300885603,0.19808841393580867,0.02006479152150462,0.027159491505418683,0.48412698412698413,6.0,0.04113199198934438,0.01568363289208963,0.008903028569122158,0.1720229171314912,0.020733301635765745,0.02877679906627137,0.5238095238095238,6.0,2022-08-05,2022-11-03
XLK,0.04576486993462977,0.0176940728576224,0.011532020797019803,0.29964231066789704,0.029934643716886776,0.0380262115987261,0.49603174603174605,5.0,0.07391318844563448,0.01969346741996469,0.01222109597315385,0.2290327824623446,0.03402890622020294,0.04286480748865462,0.6031746031746031,7.0,2022-08-05,2022-11-03
XLP,0.02908389266091779,0.009876298829391996,0.008201657730378816,0.14571180894552038,0.01520469510619118,0.02339330690991535,0.43253968253968256,5.0,0.03059273945876341,0.011617493263851636,0.007823540073228738,0.13254852185043675,0.017376759702344403,0.023389171376507395,0.5396825396825397,4.0,2022-08-05,2022-11-03
XLU,0.05531443361639286,0.010891529582319618,0.007658202075404212,0.15709452094116705,0.015658546386855616,0.024517934021224572,0.46825396825396826,14.0,0.04720297810186514,0.01624370888874603,0.01055766465481832,0.20715976495524968,0.026487977242437545,0.0332504412484855,0.5079365079365079,6.0,2022-08-05,2022-11-03
XLV,0.04039222068469101,0.010601190028244825,0.006999181097479527,0.1606105076024592,0.017512521846050216,0.023297197086964514,0.4801587301587302,10.0,0.02745171572102581,0.012666715249774823,0.007262358656356034,0.0945509623973374,0.016971757840239597,0.02477002948646484,0.5238095238095238,4.0,2022-08-05,2022-11-03
XLY,0.05770457940547989,0.01921968118046396,0.013739185572733304,0.36127727641363516,0.031320297115348776,0.04545110781509358,0.47619047619047616,6.0,0.059483572401500304,0.01934244873229949,0.012746479800321495,0.21631963042987723,0.037079977203595495,0.04120000743834662,0.5714285714285714,5.0,2022-08-05,2022-11-03
XOM,0.055990844413262256,0.021097943332693665,0.014341089297769193,0.20508660271404833,0.03403614700196681,0.046401425147425956,0.4365079365079365,6.0,0.05469229395151857,0.0208942258264612,0.012020284384949136,0.16120628395600112,0.0260132136117604,0.03666451471237875,0.42857142857142855,8.0,2022-08-05,2022-11-03
AAPL,0.06560804425790884,0.019350714005165526,0.012667198247772774,0.2834621174936216,0.03314112410261066,0.041472148893208424,0.49603174603174605,8.0,0.05779685350612946,0.026643681582637423,0.014219860783254074,0.17338470550764018,0.037246249489283366,0.04687709315600852,0.5079365079365079,5.0,2022-09-06,2022-12-05
ABBV,0.0343068615616397,0.01307612009019018,0.009597752936887298,0.21770013422543844,0.01926866798903089,0.02992965990491491,0.44047619047619047,5.0,0.033702761728033014,0.016154039329204176,0.013374111796838496,0.07185344356958623,0.02071607196449704,0.03632294572653402,0.36507936507936506,3.0,2022-09-06,2022-12-05
AMD,0.12032641149128907,0.036572157400037476,0.021658754068432033,0.5449941541432637,0.05934242670638404,0.07377053521823299,0.5277777777777778,8.0,0.12502119252987784,0.03976242207847986,0.029766950602351867,0.34534814950792425,0.0617138734203085,0.08929853839298091,0.5238095238095238,5.0,2022-09-06,2022-12-05
AMZN,0.08934518485892382,0.0278298602747598,0.01949994113984448,0.446383440716973,0.04341751713892599,0.06470193794242597,0.5198412698412699,6.0,0.11047600684419129,0.0321234508784093,0.018266535523179778,0.3687064762462192,0.049852847722722526,0.06095077751889505,0.6031746031746031,7.0,2022-09-06,2022-12-05
BA,0.12163117295403927,0.027999683737125473,0.018691187648031078,0.5029387685844775,0.04853816615348613,0.0610597734271538,0.5674603174603174,9.0,0.06773810281990533,0.02930627778731364,0.02389351069485197,0.2371471717500131,0.052003716124353304,0.06851626486972948,0.36507936507936506,4.0,2022-09-06,2022-12-05
BAC,0.06979378890158595,0.019141619039800866,0.011321132519608422,0.3833192638205275,0.03186318717070023,0.038549933837768516,0.5436507936507936,9.0,0.04495436669433343,0.02199149575760329,0.010703420641507958,0.1559398601347589,0.028995392058903346,0.034877293469168846,0.47619047619047616,6.0,2022-09-06,2022-12-05
COST,0.060219923822324904,0.018631817921385494,0.014555320692986175,0.3140242704894183,0.026180969099407817,0.04067783059941267,0.46825396825396826,6.0,0.05806411967708626,0.020265555852698344,0.01536087822145139,0.15730643583474002,0.0325844512472343,0.048830956137055154,0.5238095238095238,4.0,2022-09-06,2022-12-05
CRM,0.08779725762197421,0.02762720709683311,0.01852864203061144,0.5105174772382625,0.04541083701884171,0.061529728473703776,0.5357142857142857,6.0,0.07739906437266422,0.031901662443727316,0.019656905237502024,0.19139060723530021,0.045399444854881496,0.06576529169484185,0.49206349206349204,5.0,2022-09-06,2022-12-05
CVX,0.04419263606092531,0.018879075270589747,0.012801835049395029,0.24948926250134473,0.026159788343928052,0.04120917966845884,0.42063492063492064,5.0,0.05040637120157849,0.020835345671052163,0.01440182034330814,0.1366448342439449,0.028793923078129113,0.04137122385916686,0.42857142857142855,5.0,2022-09-06,2022-12-05
DIS,0.07365757204758402,0.01969631803460444,0.012754069324819178,0.505997522044006,0.03245325131709433,0.04494536077061587,0.5476190476190477,8.0,0.10748496661247335,0.029171821677002902,0.022489639478800335,0.2546609991304257,0.034896975301039454,0.06151156088716092,0.5396825396825397,6.0,2022-09-06,2022-12-05
EEM,0.04763954169872101,0.013293917612195122,0.007988784684862447,0.266337844698151,0.02077255924070327,0.028502668358513415,0.5595238095238095,8.0,0.03839684541431688,0.01624511509401928,0.008588039017632202,0.14274902872796136,0.022193655189903617,0.028956219149678553,0.5079365079365079,6.0,2022-09-06,2022-12-05
EFA,0.051815675642216126,0.011966043141168687,0.007744935644934421,0.23467033783170999,0.021578728586113677,0.026992665538007977,0.5515873015873016,10.0,0.034244884315535254,0.016646120537348503,0.007659389709823903,0.12272934205355501,0.0168874889419502,0.02529035976898178,0.5079365079365079,6.0,2022-09-06,2022-12-05
GLD,0.03323626208519038,0.008700157860503583,0.005982150346965955,0.17565662552639016,0.015590043870463382,0.020253960584764433,0.49603174603174605,9.0,0.021789314038015175,0.011039972245961286,0.005187931913813137,0.05851963437423302,0.015021164496448813,0.01707908388892687,0.5238095238095238,5.0,2022-09-06,2022-12-05
GOOGL,0.06129320278609106,0.021385893447038524,0.013377484735059555,0.29911208249398136,0.03628915882461379,0.043636874392675495,0.5198412698412699,6.0,0.08132904303137072,0.02685648073269744,0.018364622619986934,0.2474291487456015,0.04050205514149744,0.05846226886213585,0.5396825396825397,5.0,2022-09-06,2022-12-05
HD,0.05616218630165745,0.017538645312375895,0.013675857053975027,0.3456863585068657,0.029332482565620217,0.04225432177422593,0.4642857142857143,6.0,0.04789942526523384,0.02238331118141344,0.012925241738237702,0.11110390514220603,0.025012497503710596,0.037496308698459546,0.4603174603174603,5.0,2022-09-06,2022-12-05
HYG,0.025600846212024953,0.006331666125166388,0.004608152318164492,0.14601183914381488,0.010436415560275913,0.015023197155373182,0.5634920634920635,7.0,0.02241184630564676,0.009506831529636548,0.005174452249499973,0.06457132900280294,0.012200928243698084,0.015676417642286417,0.49206349206349204,6.0,2022-09-06,2022-12-05
IEF,0.02105724776166724,0.005513178375760797,0.003475584434196642,0.15680469648967477,0.00924025367215649,0.012284241490682217,0.5357142857142857,9.0,0.020055488281820136,0.007259046235301461,0.0037139793114481733,0.0693515801351432,0.010067272060365373,0.01307483130765233,0.5555555555555556,7.0,2022-09-06,2022-12-05
INTC,0.08688183387275655,0.021599969480953073,0.017231563718096716,0.4429554438361667,0.03399081618783102,0.0556124380814768,0.5198412698412699,7.0,0.07615860829984501,0.028598323338386678,0.015385577434312122,0.20659064559429863,0.0344622309705348,0.04965312855857046,0.5555555555555556,6.0,2022-09-06,2022-12-05
IWM,0.05221423265868127,0.016211209851894053,0.010273633740712749,0.3191164178161624,0.02573852845559938,0.035310515871120524,0.5277777777777778,7.0,0.03573515377173104,0.01927421341230254,0.009926431603258621,0.12996673070607312,0.027536611437637783,0.03231363758490982,0.4444444444444444,5.0,2022-09-06,2022-12-05
JNJ,0.03958005865736486,0.010828571589277964,0.006020776118514495,0.1211884337742497,0.01617902764377452,0.021232206085706067,0.5436507936507936,10.0,0.020008820497727137,0.010381804098429268,0.007543007727317769,0.0441528807059931,0.01493085728562392,0.022672049628498808,0.3968253968253968,3.0,2022-09-06,2022-12-05
JPM,0.07220729674463175,0.017248226050605973,0.011154471861061312,0.3571960758846937,0.029848366889137,0.037665989395494474,0.5674603174603174,9.0,0.035319169446426504,0.02023559619622976,0.008664154121057005,0.1468548657738008,0.027389954001534312,0.03012113315561729,0.4603174603174603,6.0,2022-09-06,2022-12-05
KO,0.033474618795961024,0.011836225839996271,0.009535598581319575,0.10139278400485485,0.018100281047405818,0.02811806510282275,0.42857142857142855,5.0,0.030537333657211143,0.013016562556164327,0.007711447893235136,0.12341507446199496,0.01590956580715046,0.023918066223218293,0.4444444444444444,6.0,2022-09-06,2022-12-05
LQD,0.019811869533382934,0.006409634664768215,0.004395490535003789,0.19650142509990542,0.011528489511052464,0.01446597945653259,0.5119047619047619,6.0,0.021032955214710793,0.00911924662339996,0.0044008347851847976,0.08166328880909357,0.013327421709711395,0.01504618256931467,0.5396825396825397,6.0,2022-09-06,2022-12-05
MA,0.06528254307933015,0.02107547936011976,0.013816411233720667,0.22064635532157362,0.03682842113374558,0.04733972413976831,0.49206349206349204,7.0,0.0620832783033557,0.02052961366448195,0.01091032668596387,0.16128686001165238,0.030731914454479637,0.03570445057535357,0.5079365079365079,9.0,2022-09-06,2022-12-05
META,0.12883038732778032,0.03431946604680242,0.028117743265983795,0.5922078238260606,0.05083615272958411,0.0785767192761632,0.5198412698412699,6.0,0.18280510378392148,0.04570007556420327,0.043525024710457494,0.4743717513822777,0.05522564561262838,0.11401804551112252,0.5238095238095238,5.0,2022-09-06,2022-12-05
MRK,0.050077129606962194,0.015663517179357794,0.011879942011068538,0.20167884005807402,0.018347098073300584,0.0348372755190765,0.47619047619047616,6.0,0.022075486463337676,0.013115584556260803,0.008456335540391447,0.038571129682071104,0.01426508580758623,0.022814569439148724,0.38095238095238093,3.0,2022-09-06,2022-12-05
MSFT,0.06129987276504372,0.01925397482675812,0.012516408283699165,0.29082114020366956,0.03715168709632376,0.040901279541664975,0.5079365079365079,7.0,0.07181248880527957,0.02610146002114881,0.01709821162030466,0.1965121518271794,0.03454338130831279,0.05458896134947208,0.5238095238095238,5.0,2022-09-06,2022-12-05
NFLX,0.19492765247972102,0.03963634131483768,0.03642001443486851,0.7594731825161352,0.050688400201538183,0.09536588954373092,0.5515873015873016,7.0,0.10015491126161039,0.03960863035274377,0.01895483668565276,0.14721050098209776,0.047644561506721986,0.06439638841044559,0.5079365079365079,8.0,2022-09-06,2022-12-05
NVDA,0.10438246565715925,0.038537466368774184,0.021139875182890816,0.5963628757742554,0.061351789595136985,0.07377487705714171,0.5119047619047619,7.0,0.08811521892645524,0.03788626134277552,0.023777122567456174,0.22599114908074125,0.056189594485887354,0.07321389437340386,0.4603174603174603,5.0,2022-09-06,2022-12-05
PEP,0.03301132950639902,0.011311865470288215,0.008973317742810844,0.11898742629686188,0.019931737044430464,0.027098085430591137,0.45634920634920634,5.0,0.02838083496100772,0.013695218216504232,0.008759516963273987,0.07067262606465208,0.020006959712246575,0.02570721987258498,0.4444444444444444,4.0,2022-09-06,2022-12-05
PFE,0.05431369598285834,0.01940650669168492,0.009903968467606715,0.24738194247368206,0.028683876201629998,0.03501124818197972,0.5238095238095238,8.0,0.029239665610887755,0.01531971170944675,0.007993206648479016,0.1272991857723691,0.019520097080640265,0.024506333506550626,0.5079365079365079,4.0,2022-09-06,2022-12-05
PG,0.05456634043229966,0.013180349297590896,0.010053322358558612,0.190013008681291,0.018808571563825583,0.03167609004279382,0.48412698412698413,9.0,0.023370686292429672,0.012437455368852369,0.007748345813798368,0.12289144704033839,0.020528788332923386,0.02352112441308707,0.3968253968253968,4.0,2022-09-06,2022-12-05
QQQ,0.049341070144010866,0.017990772329716045,0.011943671741208979,0.3265453588837751,0.03058102269739475,0.04033032626968992,0.5158730158730159,5.0,0.05735260785033182,0.021169857189011727,0.011586385424309458,0.16020438827728212,0.029934150665402635,0.039318882308931435,0.5555555555555556,6.0,2022-09-06,2022-12-05
SPY,0.03799062887725989,0.013288985860287992,0.009232782316784274,0.2300995753758419,0.0228440721511027,0.0316848552079387,0.5119047619047619,5.0,0.04832978104256338,0.017021204411464326,0.009066192691967154,0.12883012474544941,0.02259884305411932,0.02981534877031125,0.5873015873015873,6.0,2022-09-06,2022-12-05
T,0.0613880557317399,0.01661124552535402,0.012214970273152327,0.20198721329509395,0.023582096838381573,0.03917567708764936,0.5079365079365079,7.0,0.033156193770974486,0.017479781664123572,0.007655109672952261,0.1432766244990279,0.02098551020599908,0.024724423994761463,0.49206349206349204,6.0,2022-09-06,2022-12-05
TLT,0.03558554161724,0.011558744818695454,0.006942946281141402,0.29324350019887535,0.020546918506835564,0.025008286470702593,0.5317460317460317,7.0,0.02803833399112768,0.014101165298808917,0.006230740886917262,0.15174878250930768,0.01818773097301434,0.022299089046741216,0.5555555555555556,5.0,2022-09-06,2022-12-05
UNH,0.03999230120886554,0.015004911998201047,0.009191352295026968,0.1691138037451939,0.023513830698326958,0.02908783854186304,0.44841269841269843,7.0,0.028683282519719806,0.015424898301758687,0.009959473097124931,0.09392052799810335,0.02399313284867166,0.031204174183401878,0.4444444444444444,3.0,2022-09-06,2022-12-05
V,0.05534672131351586,0.019766609836880587,0.012478968550125329,0.19412435118956428,0.03326615692284577,0.04232924308047973,0.503968253968254,6.0,0.06215717482569549,0.018571989020177704,0.010025350778337981,0.14025074221117118,0.02863794999657998,0.0325478130410341,0.47619047619047616,11.0,2022-09-06,2022-12-05
VNQ,0.04044488775100478,0.013073454562234235,0.00893566878960989,0.2456141795030664,0.022570384661544086,0.03061965651988282,0.5119047619047619,6.0,0.05778864615049693,0.019432588352377725,0.010874207608964476,0.2044163923634278,0.027779569445286655,0.03087157730699666,0.5396825396825397,7.0,2022-09-06,2022-12-05
WMT,0.06018042848914266,0.01589686652356884,0.014545774562671565,0.2573968836540179,0.020643945353658006,0.04035703124119649,0.46825396825396826,6.0,0.02720652040103252,0.014803879520807386,0.008397074197849543,0.06887832799841509,0.02298982904615654,0.02532413534775918,0.4444444444444444,4.0,2022-09-06,2022-12-05
XLB,0.047875060579833144,0.013566170698465357,0.008768326113522554,0.21125411470054345,0.021784240355264647,0.03060685110842943,0.5238095238095238,8.0,0.03528298186793636,0.019023677563344586,0.008960757299793362,0.140853457067735,0.024474467355680606,0.03002209192870353,0.49206349206349204,5.0,2022-09-06,2022-12-05
XLE,0.051141970501798084,0.02086914924136255,0.014466453807281529,0.2604373271698408,0.03344052831833597,0.0449464241638446,0.43253968253968256,5.0,0.05379588963433851,0.02268124049970501,0.015618161506743437,0.15522590732261143,0.029450899267132492,0.04620228540719032,0.4126984126984127,5.0,2022-09-06,2022-12-05
XLF,0.04648420487166464,0.014236018198885838,0.009064419949974605,0.2525188325022204,0.024974159582942367,0.030679773813002575,0.5277777777777778,7.0,0.032852391872677314,0.017180494645221762,0.007584967820531557,0.12097762076929675,0.020392646265089985,0.026616454760901326,0.49206349206349204,6.0,2022-09-06,2022-12-05
XLI,0.034210156349448705,0.01226143908886159,0.00805382166864964,0.198088413935809,0.02111688979253289,0.028247296829387005,0.4801587301587302,6.0,0.03511515356817346,0.015820660906730684,0.00836075084956511,0.13168653082963033,0.01959497243950814,0.02502270550264457,0.47619047619047616,6.0,2022-09-06,2022-12-05
XLK,0.05709006421653126,0.018148739000133796,0.01151618358865214,0.29964231066789704,0.03021768418706775,0.03900724754252643,0.5158730158730159,7.0,0.0470480870558016,0.022785482511212152,0.011575323005792457,0.1617806279012205,0.029278717514103804,0.03954047793928686,0.5079365079365079,5.0,2022-09-06,2022-12-05
XLP,0.030202146416201364,0.010073967316851768,0.00818225480598284,0.14571180894551994,0.015543148213262293,0.024108944623785544,0.45634920634920634,5.0,0.025536705640215727,0.011875402628904208,0.007656507863909478,0.09879401178599767,0.01736672129907314,0.0215438230641056,0.4603174603174603,4.0,2022-09-06,2022-12-05
XLU,0.055279324998705595,0.01102056057801304,0.007653341338861164,0.15709452094116683,0.015658546386855616,0.024517934021224572,0.46825396825396826,14.0,0.04663667280954479,0.017920819470950845,0.010094517924143892,0.20715976495524935,0.026487977242437545,0.0332504412484855,0.5238095238095238,6.0,2022-09-06,2022-12-05
XLV,0.04153695576037722,0.010849359810003215,0.007032712086413075,0.16061050760245943,0.017763955516792506,0.024086688079235495,0.49206349206349204,10.0,0.023715848044022814,0.01241016580422055,0.007110571723957457,0.07442524607570267,0.0163285069792657,0.021948518413861334,0.4603174603174603,4.0,2022-09-06,2022-12-05
XLY,0.05800847259556411,0.019611187822261927,0.01360227532002766,0.3612772764136353,0.032748094726426154,0.045902895130918546,0.48412698412698413,6.0,0.05901334173581684,0.02157610713427282,0.012645716086246468,0.20578366955508154,0.034533383819552024,0.04031912570974153,0.5714285714285714,5.0,2022-09-06,2022-12-05
XOM,0.04582389767443723,0.02118992289255362,0.014648291805100086,0.20508660271404833,0.03474519943595384,0.04668014103050719,0.4246031746031746,4.0,0.05976668634600136,0.020913472804089752,0.012770659475641316,0.14016565602811326,0.028909478265480914,0.03926627716839265,0.4444444444444444,8.0,2022-09-06,2022-12-05
AAPL,0.06940780539466325,0.020181912020035758,0.013507188607297322,0.2834621174936227,0.03624772849860019,0.04444550445066852,0.49206349206349204,8.0,0.059267927747877716,0.025377177886224216,0.012700270231688083,0.1959204118355583,0.037246249489283366,0.04099229195359383,0.5714285714285714,5.0,2022-10-05,2023-01-05
ABBV,0.03718171304077923,0.013883117291188388,0.010697119823240057,0.21915468713177655,0.01926866798903089,0.03258405684618711,0.4246031746031746,5.0,0.02319870275506294,0.012401442046409784,0.00828525098395105,0.059153100559271365,0.016247855775057884,0.02337541796992726,0.42857142857142855,3.0,2022-10-05,2023-01-05
AMD,0.12175956460121358,0.03741839626060934,0.02229136644237602,0.6086714892393074,0.0608636204260153,0.07653487537605544,0.5198412698412699,8.0,0.11766359116358052,0.037914299471301885,0.026147464703017893,0.19708870235326026,0.05061485799601443,0.07689502386227245,0.5555555555555556,5.0,2022-10-05,2023-01-05
AMZN,0.08917118409079852,0.028672565256034382,0.019783650150014823,0.44638344071697234,0.046568078709660655,0.06661151568912148,0.5119047619047619,6.0,0.1055716299138547,0.030500300272268334,0.01675740157362773,0.32155886625171437,0.04819529925814394,0.05536914824371936,0.6190476190476191,7.0,2022-10-05,2023-01-05
BA,0.1281745505199682,0.029196970004293204,0.019800206925561985,0.5029387685844775,0.04984442048812229,0.06404977492351906,0.5674603174603174,9.0,0.041181741979811635,0.023938296580220696,0.021011092846842674,0.08769179096883584,0.034837556387399916,0.049969648855429566,0.2857142857142857,2.0,2022-10-05,2023-01-05
BAC,0.07205386803766951,0.019442302307583564,0.011175116129917442,0.38331926382052695,0.03186318717070023,0.038679696513964086,0.5634920634920635,9.0,0.05233663380022783,0.019631059119512295,0.012114961527830516,0.16986907609433932,0.028582811417324206,0.036249374556425656,0.4444444444444444,7.0,2022-10-05,2023-01-05
COST,0.06285743736707325,0.019151544513757644,0.015079435731999893,0.31402427048941794,0.026923405774923824,0.0438499753350965,0.4722222222222222,6.0,0.05905309846896548,0.017903304546536717,0.013591586155555547,0.16515513109529945,0.029599259221344588,0.042202084754925845,0.5396825396825397,5.0,2022-10-05,2023-01-05
CRM,0.08656150061613764,0.027913521870114914,0.018580120081746716,0.5359400275282038,0.04572881242670919,0.061529728473703776,0.5277777777777778,6.0,0.09047330182152,0.030258278975104722,0.020235731287641556,0.2238761074270058,0.044635384172566385,0.0656071416629766,0.5079365079365079,6.0,2022-10-05,2023-01-05
CVX,0.047665931441947855,0.01981922525696764,0.013618837554842245,0.24948926250134462,0.02633658539663364,0.04421369884262109,0.42857142857142855,5.0,0.03276497745455377,0.017562259597302093,0.01097944570787516,0.0997097659316245,0.030484889433268592,0.03341116350595413,0.3968253968253968,4.0,2022-10-05,2023-01-05
DIS,0.0753894308323472,0.020241582631510397,0.012707381844250984,0.4832029495773218,0.03260191309239406,0.04480112793147096,0.5595238095238095,8.0,0.09231010798091062,0.028552174344930126,0.02442066348701339,0.2099680494947368,0.038781213526511205,0.06441879820894031,0.5238095238095238,4.0,2022-10-05,2023-01-05
EEM,0.04824677153870951,0.013671275384011276,0.008164838260396995,0.32001459744970495,0.022080778221553778,0.029131200518801283,0.5555555555555556,8.0,0.028533973422292386,0.015222628319016928,0.008051914898706845,0.06811324289108922,0.01810908486211611,0.025029850783269136,0.49206349206349204,4.0,2022-10-05,2023-01-05
EFA,0.053774576741438235,0.012810405857375695,0.008108864746724814,0.29273468057615326,0.021928071310595727,0.028760833746490275,0.5476190476190477,10.0,0.021852660445450672,0.01405852407292962,0.005815627376611872,0.03732108621601804,0.014909442864469302,0.01848634968200072,0.4603174603174603,5.0,2022-10-05,2023-01-05
GLD,0.032464941366793953,0.00887094495287651,0.005935342171650256,0.21032844203783263,0.015590043870463382,0.019771674277502132,0.4880952380952381,9.0,0.016865262091415804,0.010404796141245285,0.004759156851193172,0.05124354873368242,0.013304412094055296,0.015529507349702043,0.49206349206349204,4.0,2022-10-05,2023-01-05
GOOGL,0.06340792285806718,0.021888238339557838,0.013724658627287264,0.361646065616662,0.03628915882461379,0.045316497562032904,0.5238095238095238,6.0,0.08831285512566142,0.026051303243202685,0.016833828689642207,0.20147397923528532,0.04050205514149744,0.054784687633082335,0.5714285714285714,6.0,2022-10-05,2023-01-05
HD,0.059767480530692724,0.01852037268149066,0.01423035250730779,0.3472935483459185,0.029754049680314955,0.04504729480228115,0.47619047619047616,6.0,0.02621088167712492,0.019411526801025834,0.008089778295408925,0.07207550552953079,0.02469406309060742,0.027209005442504708,0.4444444444444444,4.0,2022-10-05,2023-01-05
HYG,0.027030908755388182,0.007014075912266682,0.004910615090562186,0.15790237012539488,0.01139843351898514,0.016130474674059318,0.5595238095238095,7.0,0.016638940969161624,0.008242775043867197,0.004293920250106225,0.04070331962904772,0.0121656751227606,0.013215739292321671,0.47619047619047616,5.0,2022-10-05,2023-01-05
IEF,0.02238243001229101,0.005939758571099048,0.0036943111574071676,0.1780214042533702,0.00991979290525707,0.013251083688923701,0.5357142857142857,9.0,0.0149981792944654,0.00629183308403847,0.0027774406100861855,0.032718927926481345,0.008049169011818912,0.009270162461525844,0.5555555555555556,7.0,2022-10-05,2023-01-05
INTC,0.09001873511621267,0.022448058093987665,0.01770368457285516,0.5271726324491857,0.034384368322716394,0.05852145485294718,0.5238095238095238,7.0,0.05830000391907494,0.0270099606000247,0.012955556426461097,0.16834904650185478,0.0344622309705348,0.04149101473291211,0.5555555555555556,5.0,2022-10-05,2023-01-05
IWM,0.0529641790276348,0.01689633887496004,0.010421192632752216,0.3191164178161625,0.0264443811339271,0.03632865729675637,0.5277777777777778,7.0,0.03098494169283966,0.016954157975994758,0.009016781974106778,0.0889827634106386,0.02738839525298914,0.02939752792032882,0.47619047619047616,4.0,2022-10-05,2023-01-05
JNJ,0.03856490889399592,0.011020780654525478,0.006121414110158083,0.1212428118924942,0.01617902764377452,0.021519884650833456,0.5238095238095238,10.0,0.017897168435909088,0.009391060760173566,0.006924499692464825,0.03213827588977736,0.014754061943995422,0.01991455756976665,0.38095238095238093,3.0,2022-10-05,2023-01-05
JPM,0.07254048209609074,0.017712820943373106,0.011103135014707768,0.37802770399309815,0.02989029072699024,0.03803634533208536,0.5714285714285714,9.0,0.025554921481676155,0.016851863718222216,0.008563377568815643,0.06433647159535139,0.02034168601081975,0.0255235084300994,0.3968253968253968,4.0,2022-10-05,2023-01-05
KO,0.03757585084664433,0.01208100565985293,0.009798845566672914,0.1415780112731032,0.018202518688821882,0.029766818369901273,0.4246031746031746,6.0,0.01881031268730048,0.011706264808389774,0.005899291613400688,0.03341107385424413,0.014872032464017259,0.017036873436481748,0.42857142857142855,4.0,2022-10-05,2023-01-05
LQD,0.018390514784845793,0.006903505776954768,0.004524650462938251,0.2309332676809961,0.01217197905190886,0.015299633978570405,0.5079365079365079,5.0,0.016082495553017422,0.008090462460641022,0.0038291656078612906,0.04108270567856742,0.010073455082220873,0.012109958357334971,0.5238095238095238,5.0,2022-10-05,2023-01-05
MA,0.07602010738565664,0.021144929382468605,0.013682757423438765,0.28123236770941906,0.03682842113374558,0.04687724694465619,0.49603174603174605,9.0,0.042933851314374785,0.01931592690773161,0.010563090402743003,0.07209103214414525,0.030336313823415693,0.033989693666963305,0.5079365079365079,5.0,2022-10-05,2023-01-05
META,0.13209989398776012,0.03495474574355552,0.02835477522464548,0.613304246754044,0.05129366795984319,0.08184303532833287,0.5277777777777778,6.0,0.13457420712127827,0.0454379446381098,0.04539209367185973,0.3606816762941494,0.05522564561262838,0.10756415789809212,0.4603174603174603,3.0,2022-10-05,2023-01-05
MRK,0.045685211296536264,0.014844339904789212,0.011878154937099428,0.20167884005807402,0.018293403254236777,0.03490573061507469,0.47619047619047616,5.0,0.02056176057708331,0.01216284485078918,0.008975371680472874,0.038571129682071104,0.01426508580758623,0.02218155767953131,0.30158730158730157,3.0,2022-10-05,2023-01-05
MSFT,0.06370638699320216,0.019668832500049825,0.012902023926246122,0.3167739610273137,0.037571809702533994,0.042253159511045094,0.5119047619047619,7.0,0.06516575234918995,0.025881509559093307,0.01609030922202221,0.14525642670772898,0.03502328564722986,0.051780195866412554,0.5555555555555556,4.0,2022-10-05,2023-01-05
NFLX,0.19603793474995643,0.04055917282074224,0.036627458046866866,0.7594731825161352,0.05124672946159751,0.09742727470550168,0.5515873015873016,7.0,0.1085385431840641,0.03820658204827101,0.0198788540630154,0.14721050098209754,0.046814185136388395,0.06651667435725817,0.5238095238095238,8.0,2022-10-05,2023-01-05
NVDA,0.10610938830904998,0.03910419947622995,0.022018050362933677,0.6360039113997691,0.06267944128671636,0.07625913967706005,0.5,7.0,0.08827164045226084,0.03897231195373476,0.021017057250538294,0.22332893165144596,0.060815635976939855,0.07083375703146144,0.5238095238095238,5.0,2022-10-05,2023-01-05
PEP,0.03449771506543513,0.011752746054737652,0.009514250781935482,0.11898742629686199,0.020277761779753083,0.02843359426884279,0.44841269841269843,5.0,0.021709530483903235,0.01195868178765645,0.006317588236056497,0.04733719467070063,0.01665917982547842,0.020410019715793787,0.47619047619047616,4.0,2022-10-05,2023-01-05
PFE,0.05396583275068143,0.019568955744537184,0.01008861721664593,0.2686169493946793,0.029226993804338013,0.035317020883934555,0.5119047619047619,8.0,0.03485775427536311,0.01635155879876967,0.009529015719014608,0.08847307143654215,0.021850782963334446,0.02721033494842251,0.5079365079365079,4.0,2022-10-05,2023-01-05
PG,0.05534247178783377,0.013551080557124987,0.010315685549525078,0.2223879154527557,0.021576810381423256,0.03273600542790456,0.47619047619047616,9.0,0.014310027578596696,0.010448710324522473,0.005678582372459007,0.023590936796823114,0.012921416317648505,0.016458712649553453,0.36507936507936506,3.0,2022-10-05,2023-01-05
QQQ,0.050460615505512396,0.01864206702192354,0.012314793069797669,0.3343249034308786,0.031171373856818674,0.04218537636065308,0.5119047619047619,5.0,0.04849143237770044,0.01960240003052908,0.009621315947956437,0.11234267493385597,0.029497939350780055,0.034003772039767316,0.6031746031746031,5.0,2022-10-05,2023-01-05
SPY,0.04320674423463972,0.013975510393115606,0.009624102754184505,0.24365103948759048,0.02362991844016989,0.033221596993890615,0.5079365079365079,6.0,0.03660095930356442,0.015080435510408082,0.007262095099913575,0.07184639869211096,0.02257014069375255,0.02506020333223699,0.6031746031746031,5.0,2022-10-05,2023-01-05
T,0.06346528556701084,0.017061405009197228,0.012304494140542918,0.2709043611514145,0.02406301190451534,0.03976650623510995,0.5198412698412699,7.0,0.026794183677211272,0.016825081990014836,0.00786813330203823,0.07461120946219979,0.020659436228552108,0.025709837245233763,0.4126984126984127,5.0,2022-10-05,2023-01-05
TLT,0.035902392009822794,0.011974598913021673,0.007064128057488281,0.3362445981454284,0.021160756504326538,0.02563316356396952,0.5277777777777778,7.0,0.02309802969898692,0.013773017630754187,0.006110589867456857,0.09394027834351515,0.017996494384420293,0.020504163524507096,0.5238095238095238,4.0,2022-10-05,2023-01-05
UNH,0.03257717314159854,0.015038076880882205,0.009307763754742439,0.1691138037451938,0.023513830698326958,0.029733657503728396,0.42857142857142855,5.0,0.033307617379651606,0.015297791916911161,0.009986410854569264,0.11470719822239206,0.026954357754144453,0.031046388286773474,0.4603174603174603,4.0,2022-10-05,2023-01-05
V,0.08166627963478201,0.01985980943105918,0.012557810856538901,0.2413785155378505,0.03357678973323558,0.04234416937849176,0.5079365079365079,11.0,0.03682866740349807,0.01769475138606419,0.009504172233160793,0.07154166164896592,0.02497775623283286,0.030467208008101876,0.47619047619047616,5.0,2022-10-05,2023-01-05
VNQ,0.047226259045024054,0.013841167441414412,0.00956441501243847,0.3010034569868083,0.02421207312125052,0.032576704892645456,0.5119047619047619,7.0,0.04437511601431939,0.01799179045857451,0.010020187487104378,0.06403568237331347,0.026675814021405075,0.02723860709509074,0.5396825396825397,5.0,2022-10-05,2023-01-05
WMT,0.05430027367971538,0.016219624273310744,0.014760193440716284,0.25739688365401736,0.020743942353616495,0.040686464231797705,0.45634920634920634,5.0,0.026136464911312957,0.014103637902191997,0.00806681015781264,0.07613397613859263,0.02272121991141448,0.0249137861738519,0.4444444444444444,4.0,2022-10-05,2023-01-05
XLB,0.04830777573887442,0.01441852623612577,0.00899503760705537,0.247163532581271,0.023303683637366266,0.031578601730266304,0.5158730158730159,8.0,0.030804506631580336,0.016606173655749457,0.00869262973730662,0.07006499757371798,0.024474467355680606,0.028736401366245834,0.49206349206349204,4.0,2022-10-05,2023-01-05
XLE,0.05432088535625212,0.021657971354684103,0.015149250896165931,0.260437327169841,0.034278801962123115,0.04764367837858363,0.44047619047619047,5.0,0.05580355622102847,0.018916044493867544,0.012917489865978812,0.12117354417710613,0.029450899267132492,0.03773761773467674,0.4444444444444444,7.0,2022-10-05,2023-01-05
XLF,0.04772305183434767,0.014686219014812108,0.009226456687973885,0.25633886828100383,0.02512291287600779,0.03161234243176332,0.5317460317460317,7.0,0.026142592545761817,0.014676909392823248,0.00663938858305062,0.07437510626298571,0.01713650977975186,0.02131875698192101,0.49206349206349204,5.0,2022-10-05,2023-01-05
XLI,0.03633725167003101,0.012990508376790133,0.008422977569293678,0.2164400442313814,0.022896293879063917,0.029463908333049845,0.4880952380952381,6.0,0.023178197568988142,0.013297414316324136,0.007153764681786463,0.04638371704489608,0.019024177305368005,0.021216408546008675,0.4444444444444444,4.0,2022-10-05,2023-01-05
XLK,0.05836958898978549,0.01870196662840421,0.011870799348121058,0.3229364001296825,0.030636457515343794,0.04074118400007354,0.5119047619047619,7.0,0.04535581482201658,0.02185310661052073,0.010079069960448129,0.10739638732723045,0.029278717514103804,0.03562025584009215,0.5555555555555556,5.0,2022-10-05,2023-01-05
XLP,0.03187135524924615,0.010560748233933404,0.008634470744815688,0.1601288109080783,0.017174783834576525,0.02543990388973399,0.45634920634920634,5.0,0.023631478044583085,0.009967714315590442,0.005626542391567401,0.036931302516710174,0.014924396109424776,0.016838803117178336,0.47619047619047616,6.0,2022-10-05,2023-01-05
XLU,0.035177496012401055,0.012088676424263029,0.008698435377611896,0.15709452094116705,0.019430498902888532,0.028568652272301046,0.4523809523809524,6.0,0.030036141582517734,0.015129145559290694,0.008612513715417271,0.055137645236758126,0.02155592000897928,0.028294574328818822,0.47619047619047616,4.0,2022-10-05,2023-01-05
XLV,0.042336950472568434,0.01132329267702781,0.0073361646982889744,0.16061050760245954,0.01861681165277966,0.02524718862610316,0.4801587301587302,10.0,0.020323444032158345,0.0106857686286266,0.005735010661631984,0.03651847096357763,0.014486410503488556,0.017763757753053222,0.49206349206349204,4.0,2022-10-05,2023-01-05
XLY,0.0604779076812119,0.020441435719369395,0.01385406615352437,0.36127727641363505,0.03512849631601879,0.04729838136355754,0.49603174603174605,6.0,0.0536808636624275,0.018984084958573694,0.009956934388998648,0.13620752431565264,0.03037343655585628,0.03502642042140677,0.6190476190476191,5.0,2022-10-05,2023-01-05
XOM,0.06781853782362009,0.02180160359499619,0.014905173148048371,0.2050866027140481,0.03543035843406709,0.048071600183878745,0.42857142857142855,8.0,0.036996716254495174,0.01734878840662869,0.011157739822784259,0.09318626954244136,0.02775621836170795,0.034231568329357115,0.3968253968253968,5.0,2022-10-05,2023-01-05
AAPL,0.07212134449420046,0.02156455902830191,0.013703718537053105,0.28346211749362105,0.03731527199329442,0.04489167877077357,0.503968253968254,8.0,0.043611702693211706,0.02187170911775238,0.011768237234676173,0.17364011345776298,0.030242979284626836,0.03703359546022694,0.4603174603174603,5.0,2022-11-03,2023-02-06
ABBV,0.03886462803937908,0.014223178476199102,0.010872842368159625,0.21915468713177777,0.021290326198182375,0.034017708011471706,0.44047619047619047,5.0,0.025914563989034165,0.01070511460902819,0.007312751742937331,0.12208429812915877,0.017492918509929047,0.02326310193516326,0.49206349206349204,4.0,2022-11-03,2023-02-06
AMD,0.1386840253380909,0.03861943156180361,0.02389632436594797,0.6544994295506881,0.06131672759456065,0.08251267110595244,0.5476190476190477,8.0,0.058699159929748355,0.03865784424986594,0.016305322202707875,0.1970887023532597,0.0449519165523535,0.05288805115114781,0.4444444444444444,5.0,2022-11-03,2023-02-06
AMZN,0.10476477647249074,0.03002955763631912,0.020440217631868235,0.5167827034189453,0.05173248496556486,0.06847500778488998,0.5317460317460317,7.0,0.05727177616251874,0.03061159254838791,0.01565630565289313,0.18821312678230773,0.0341062740335009,0.048878152231043276,0.5079365079365079,4.0,2022-11-03,2023-02-06
BA,0.12455322810946179,0.030285141630489985,0.02082947975753471,0.5029387685844775,0.05036949505065238,0.06692412407922929,0.5317460317460317,9.0,0.037054429055957586,0.019754741297118357,0.01146922804112973,0.046461403673353496,0.025079264637704535,0.034344726331042935,0.38095238095238093,5.0,2022-11-03,2023-02-06
BAC,0.07269555986474101,0.020300155331585204,0.011229897994978416,0.38667287665852645,0.03186318717070023,0.038679696513964086,0.5674603174603174,9.0,0.047239501273086626,0.015192067272389038,0.011872361431066744,0.16986907609433854,0.023085537600679183,0.03478606542155935,0.3968253968253968,7.0,2022-11-03,2023-02-06
COST,0.06494161186537155,0.01975486939038602,0.014993734341211323,0.31402427048941817,0.028190836514865387,0.04453715834545217,0.49206349206349204,6.0,0.05266637023558532,0.018197272439038393,0.012957599026215436,0.165155131095299,0.01831403745606871,0.03637912799770926,0.5079365079365079,5.0,2022-11-03,2023-02-06
CRM,0.09128200200518008,0.02875071138608039,0.018440808485894963,0.5411665833542879,0.04615708094355003,0.06270875370321402,0.5555555555555556,6.0,0.07919360856380686,0.029553689245651372,0.019998386000961328,0.2085518639422025,0.04209511259075631,0.06098252068337945,0.4444444444444444,6.0,2022-11-03,2023-02-06
CVX,0.04753824861939738,0.02024899802345397,0.013771000592127018,0.24948926250134484,0.026721052865131493,0.0445782236488419,0.42063492063492064,5.0,0.044789780599462016,0.017548708730666183,0.011730656823668622,0.10000522029997505,0.030503596627154128,0.03673930581700818,0.47619047619047616,5.0,2022-11-03,2023-02-06
DIS,0.07634025071726762,0.02089075962798973,0.012750670132059716,0.48074853619880453,0.034006175787851936,0.04527162479813488,0.5634920634920635,8.0,0.08412528135743126,0.028043251014141547,0.025964593011552857,0.1619037485512702,0.03766999953263572,0.06404640257512925,0.4444444444444444,4.0,2022-11-03,2023-02-06
EEM,0.04990297014819961,0.014120808405369237,0.008445118025079934,0.3321745866779854,0.02293554970825637,0.03033522059931357,0.5555555555555556,8.0,0.018195735298551275,0.013615407474094125,0.006317963645330303,0.05223531418873684,0.01714076287644204,0.019548809585163834,0.4444444444444444,3.0,2022-11-03,2023-02-06
EFA,0.0542683252416051,0.013236339366004322,0.00796796838864837,0.2927346805761536,0.021928071310595727,0.028760833746490275,0.5595238095238095,10.0,0.01774030707831976,0.012500014464869369,0.005881643027758344,0.03732108621601837,0.012678926918731149,0.01638716290214401,0.3968253968253968,4.0,2022-11-03,2023-02-06
GLD,0.03320570786910495,0.008966265982312911,0.005882530447332936,0.21032844203783363,0.015356343696808028,0.019732512523831167,0.503968253968254,9.0,0.019434392067950588,0.01085061970790253,0.0063410273943048665,0.04519178476262875,0.015968524592469956,0.019806975451044928,0.4126984126984127,4.0,2022-11-03,2023-02-06
GOOGL,0.07347943488012157,0.023037224028711688,0.015241946268423486,0.4432005226551573,0.038947669949624605,0.05017555305809189,0.5436507936507936,6.0,0.0415935320587535,0.024173541735073422,0.009148137549579216,0.1482325875210333,0.0250630062982655,0.030567766550066072,0.5079365079365079,6.0,2022-11-03,2023-02-06
HD,0.06258737773520609,0.01901011161736997,0.014111511935246684,0.34729354834591897,0.03133089497592839,0.04532636374226532,0.503968253968254,6.0,0.023797132434960906,0.018886199758917286,0.007974347729528345,0.06763041634850187,0.023990549025106354,0.028388576012130018,0.3968253968253968,4.0,2022-11-03,2023-02-06
HYG,0.02733936640928385,0.007359685492105171,0.005012217175035374,0.15790237012539587,0.012009519558039528,0.016458005825252166,0.5555555555555556,7.0,0.015018532852629059,0.007566581191246212,0.0038161845773073836,0.04070331962904772,0.010478272608452488,0.011604678451154343,0.47619047619047616,5.0,2022-11-03,2023-02-06
IEF,0.02256497058546053,0.006085966110554449,0.003660225735262522,0.19061350208393812,0.010134549357298506,0.013284397251595838,0.5436507936507936,9.0,0.011349277205278991,0.006626566594888821,0.0029023724775404827,0.03271892792648101,0.00834612115573562,0.009465481900332945,0.5396825396825397,4.0,2022-11-03,2023-02-06
INTC,0.08276621167743971,0.02292966574360512,0.015587636532584475,0.5405666492292613,0.03462461656639769,0.05366995121160275,0.5436507936507936,7.0,0.05878304925342973,0.024631985101204117,0.014462496244891442,0.16834904650185434,0.03795234681397712,0.04601823431378374,0.5079365079365079,5.0,2022-11-03,2023-02-06
IWM,0.053408297245557165,0.017372656048931543,0.010508577004334165,0.3191164178161625,0.029120372994714944,0.036834864616003035,0.5277777777777778,7.0,0.024001363298494536,0.015332350755837058,0.007407828178547697,0.08898276341063904,0.019897380689629117,0.025045980180019967,0.4444444444444444,4.0,2022-11-03,2023-02-06
JNJ,0.039151949354074705,0.011154215473040314,0.006162806842771018,0.12739787482120002,0.016694362339766705,0.021752874594599445,0.5277777777777778,10.0,0.05002834673276339,0.009775272908717419,0.008875997000974151,0.10124829008296687,0.015075177549536255,0.026986237311166533,0.4603174603174603,10.0,2022-11-03,2023-02-06
JPM,0.07167890439109484,0.018679416002743872,0.011072846625041578,0.3792954264147935,0.02989029072699024,0.03803634533208536,0.5674603174603174,9.0,0.024770071817502407,0.01256008088332713,0.008300376799515797,0.06433647159535127,0.017275597252067863,0.025093047638491156,0.3968253968253968,4.0,2022-11-03,2023-02-06
KO,0.03820041499810639,0.012626923739495387,0.009715473511423161,0.1665550565428533,0.01889811830274928,0.030012773977622895,0.44047619047619047,6.0,0.021260184534193354,0.010364434233357872,0.0066676205976412845,0.0719502707580445,0.013744367412604597,0.018779158103542914,0.42857142857142855,4.0,2022-11-03,2023-02-06
LQD,0.020247877407939048,0.00708081302964027,0.004528746029192716,0.24541910455337124,0.01280910091776381,0.015413448696526423,0.5079365079365079,6.0,0.012480745458530618,0.008110488067113165,0.0034118439966000806,0.03962888320191038,0.009927713528993909,0.01152465423813731,0.5079365079365079,4.0,2022-11-03,2023-02-06
MA,0.07480390606068518,0.021361186826946908,0.013251825761884424,0.2825032360439188,0.03682842113374558,0.04531394876843004,0.503968253968254,9.0,0.029518003573512964,0.01694509512618761,0.00858989521980536,0.0541573251623767,0.01878671035401206,0.026410803408514483,0.47619047619047616,4.0,2022-11-03,2023-02-06
META,0.16425800696536905,0.03883298612220645,0.03377599710326853,0.7441880915580131,0.05390103386361895,0.09774936183710087,0.5476190476190477,6.0,0.04324458533500892,0.040030617232607695,0.016302522249308917,0.07741518710152107,0.03267933067856208,0.046736530117591046,0.3968253968253968,3.0,2022-11-03,2023-02-06
MRK,0.04491664013082541,0.014496368930541072,0.011989700752052997,0.20167884005807424,0.018293403254236777,0.03490573061507469,0.4642857142857143,5.0,0.028151817877946524,0.012832957735028372,0.011729924115811051,0.103622407361329,0.018527752872976044,0.03224616205478287,0.3333333333333333,3.0,2022-11-03,2023-02-06
MSFT,0.07281396224824413,0.021090107372447573,0.013965640907401322,0.3714848342471643,0.03847744121861875,0.04624119087792143,0.5396825396825397,7.0,0.037312484094515694,0.0222575956903503,0.01118716454332922,0.1357204838507371,0.02533786929334473,0.03270700333661178,0.4603174603174603,4.0,2022-11-03,2023-02-06
NFLX,0.20050656509684273,0.042584379277247716,0.03646779457779877,0.7594731825161352,0.05412469359447168,0.09948430767447439,0.5634920634920635,7.0,0.058624372405989514,0.0305949893425143,0.017060002552007528,0.13585720143306212,0.033294449851873444,0.04783780492042611,0.47619047619047616,4.0,2022-11-03,2023-02-06
NVDA,0.10974805824941944,0.03983759786330003,0.022044347689541423,0.6633508775393904,0.06499559769956752,0.07758918755088705,0.5158730158730159,7.0,0.07232662376428646,0.03971552734517633,0.01951670799988682,0.22332893165144607,0.055447136884944355,0.0643531985156566,0.4603174603174603,5.0,2022-11-03,2023-02-06
PEP,0.03511087402953951,0.012429909864156161,0.009544027265966096,0.11898742629686221,0.020611170000781436,0.02880490417176136,0.45634920634920634,5.0,0.02107205370447574,0.009412307095487208,0.005760437961540987,0.09026340670808142,0.013730971233294965,0.019027089631932004,0.5079365079365079,4.0,2022-11-03,2023-02-06
PFE,0.053420501906165166,0.02001820078762068,0.010068528554180684,0.30221097037453293,0.029226993804338013,0.035317020883934555,0.5079365079365079,8.0,0.049594375754172,0.015382199216842132,0.011808184703374287,0.19328571446089515,0.023298357725976503,0.03783443374358389,0.5714285714285714,4.0,2022-11-03,2023-02-06
PG,0.0555969651688412,0.01379027351768949,0.010284014615750365,0.23772446602724062,0.02177360498874245,0.03273600542790456,0.4801587301587302,9.0,0.020412460608058583,0.010329552004863846,0.0063001421629810435,0.08118158653979635,0.012874962231460018,0.018572872341296787,0.4444444444444444,4.0,2022-11-03,2023-02-06
QQQ,0.05966011386380492,0.019415551332718144,0.012267772331301878,0.3511871989390043,0.034724319311391756,0.04267633190486191,0.5476190476190477,6.0,0.03054253578070047,0.018123684642007525,0.00775683448398742,0.11234267493385619,0.02067012103303597,0.02545960182024068,0.49206349206349204,5.0,2022-11-03,2023-02-06
SPY,0.04603218233695169,0.014628142273414212,0.00950320316264486,0.2449638371480224,0.02615057204304126,0.03353783617573591,0.5436507936507936,6.0,0.026298429308625408,0.013240086779011563,0.006470248480693553,0.07184639869211085,0.01594004186060406,0.019752536359291972,0.5079365079365079,5.0,2022-11-03,2023-02-06
T,0.06220707911943967,0.018058334207549164,0.012377939212541567,0.29229968287885333,0.02406301190451534,0.0395481220838732,0.5079365079365079,7.0,0.02156796341476031,0.014696097443767348,0.0076096645112561576,0.07461120946220012,0.02011492166014245,0.02489530132124468,0.42857142857142855,3.0,2022-11-03,2023-02-06
TLT,0.03637781297663931,0.01217050808415073,0.006977226033879232,0.3910113470204698,0.021160756504326538,0.02563316356396952,0.5396825396825397,7.0,0.021705916385153838,0.013693439451821202,0.006316536514198206,0.08841866125998232,0.016804393836556863,0.020087318134317106,0.47619047619047616,4.0,2022-11-03,2023-02-06
UNH,0.03294269783349815,0.014878561092728644,0.009346836885298087,0.16911380374519425,0.023571076218263577,0.030039767381349287,0.43253968253968256,5.0,0.04277253385835886,0.016123737055329514,0.01206985082422825,0.14604237061257974,0.026954357754144453,0.03733353295664932,0.49206349206349204,4.0,2022-11-03,2023-02-06
V,0.07501513902157066,0.01981188002785483,0.011628090746151206,0.24137851553785117,0.03326615692284577,0.03959783680252161,0.503968253968254,11.0,0.026060135630221096,0.015252607234210737,0.008931901324874165,0.05899109491750165,0.020955434285252362,0.026224165453404086,0.4444444444444444,3.0,2022-11-03,2023-02-06
VNQ,0.052463371245376283,0.014703246445382206,0.009841236637993894,0.3286882414641479,0.025679483313627054,0.03302502972471943,0.5476190476190477,7.0,0.029255259956446417,0.016336579838547312,0.008257533052222779,0.06403568237331358,0.023811660900241272,0.025965052811177697,0.42857142857142855,5.0,2022-11-03,2023-02-06
WMT,0.05523313602899145,0.016443952863556672,0.01457541089653941,0.2573968836540178,0.02124060234599449,0.04090756903514359,0.4722222222222222,5.0,0.026552170692737256,0.013832678113730661,0.007726822159262165,0.09221949582764799,0.02272121991141448,0.02517060220616843,0.47619047619047616,4.0,2022-11-03,2023-02-06
XLB,0.05054244989558502,0.015115972544241487,0.009102577972648095,0.24716353258127055,0.024737816167029147,0.032478294456440654,0.5317460317460317,8.0,0.02327146675126803,0.014772866027566332,0.00718255146644075,0.07006499757371798,0.017828156942766592,0.022671630438277635,0.4444444444444444,4.0,2022-11-03,2023-02-06
XLE,0.05364898766223795,0.02196871271655946,0.015282480549203241,0.2604373271698407,0.03559215581523967,0.04783932102162521,0.42857142857142855,5.0,0.058679417442342806,0.017677808974372308,0.012030832941221078,0.12117354417710602,0.027323099620029868,0.03527145116293404,0.5079365079365079,7.0,2022-11-03,2023-02-06
XLF,0.04881836866510537,0.015349464493040747,0.009112762150819667,0.2580535471204336,0.02512291287600779,0.03161234243176332,0.5476190476190477,7.0,0.02340598592845685,0.011821841774430051,0.0065229796849797786,0.07437510626298605,0.01713650977975186,0.020061099957862427,0.42857142857142855,5.0,2022-11-03,2023-02-06
XLI,0.03762955441119077,0.013621496236430806,0.008449954268358664,0.2164400442313824,0.02294408386060666,0.029463908333049845,0.503968253968254,6.0,0.020745542860605537,0.011718118990484307,0.006585886622414457,0.04825515213425513,0.018018750779662186,0.020424733457081262,0.42857142857142855,4.0,2022-11-03,2023-02-06
XLK,0.06132231815849396,0.019703662855458496,0.011862948453280084,0.3355907013477034,0.03290318239769918,0.041768745377230125,0.5357142857142857,7.0,0.027379525248234785,0.019383806286727076,0.008209028734038648,0.10739638732723011,0.021410320097088063,0.02751016589394606,0.4603174603174603,4.0,2022-11-03,2023-02-06
XLP,0.032011746049636754,0.01105590051913948,0.008608736487452116,0.1630238073175876,0.017324960590732803,0.02550800152366604,0.4603174603174603,5.0,0.024331935678184334,0.009067554604646285,0.005793318018615317,0.05976511853091904,0.012286209972658124,0.017318343399003344,0.47619047619047616,6.0,2022-11-03,2023-02-06
XLU,0.037834303864467914,0.012940836557419939,0.009318119024932335,0.20715976495524935,0.024064813241474865,0.030546873978380313,0.45634920634920634,6.0,0.02397517786527561,0.0123159535757545,0.006485089094705697,0.05785524744483328,0.01891988386872052,0.02140959120248137,0.4444444444444444,5.0,2022-11-03,2023-02-06
XLV,0.043657543037797925,0.011705563397895942,0.007334005245767641,0.16061050760245987,0.019529144996000124,0.025379669058653895,0.49603174603174605,10.0,0.017375888073999392,0.008835960584871662,0.005056475365449558,0.05637163092540509,0.013964397334175881,0.01592796599620061,0.47619047619047616,4.0,2022-11-03,2023-02-06
XLY,0.06348275147693691,0.020956076051039406,0.013740855298038292,0.36127727641363494,0.03756139644653314,0.04744984267106741,0.5238095238095238,6.0,0.03583040463147586,0.018327499258634538,0.008668646281808677,0.1338436946381053,0.02499271807950847,0.02897041511579848,0.5079365079365079,5.0,2022-11-03,2023-02-06
XOM,0.06672687259030985,0.021982915179638542,0.014970772696543875,0.20508660271404833,0.03543035843406709,0.048071600183878745,0.4166666666666667,8.0,0.04317193587814175,0.017085298948493907,0.011306935587132362,0.09318626954244214,0.029808918763586024,0.035104590579170786,0.47619047619047616,5.0,2022-11-03,2023-02-06
AAPL,0.07254809488688538,0.022455580727742747,0.013562469470119545,0.2834621174936218,0.03731527199329442,0.04489167877077357,0.5119047619047619,8.0,0.04111168802123664,0.017904658950494187,0.011093630100968616,0.1405789774874715,0.026548698506477852,0.0354060100710428,0.4603174603174603,5.0,2022-12-05,2023-03-08
ABBV,0.037666430525399995,0.014214213541339771,0.011060777217776189,0.2191546871317771,0.021290326198182375,0.034017708011471706,0.4126984126984127,5.0,0.030260870757997823,0.011216425051831316,0.0072049692280947205,0.12347840868850601,0.0213622288565673,0.024293798438713987,0.5714285714285714,4.0,2022-12-05,2023-03-08
AMD,0.13638111840175407,0.03903411690772117,0.023919149996615326,0.6376004249448182,0.061632194338144965,0.08251267110595244,0.5396825396825397,8.0,0.06192735768554376,0.03265526705728151,0.015727582904265083,0.1324877960785722,0.0398971569311418,0.05045056746093149,0.49206349206349204,5.0,2022-12-05,2023-03-08
AMZN,0.10562372460026838,0.031211238100714047,0.020258518607194333,0.5110252239106791,0.05173248496556486,0.06847500778488998,0.5396825396825397,7.0,0.06881115618443308,0.025161734340354076,0.015887135626997537,0.184040436938404,0.03314875463764218,0.04657469253834287,0.49206349206349204,6.0,2022-12-05,2023-03-08
BA,0.11810403644012044,0.02951621625182644,0.020587863495089023,0.48725439384030056,0.049327999308376586,0.06599788921014874,0.5119047619047619,9.0,0.042431398909807336,0.019119672636585705,0.012460013965578345,0.09292745861913432,0.02862711595065339,0.03813377488022615,0.4126984126984127,5.0,2022-12-05,2023-03-08
BAC,0.07210405346891235,0.02041870412028261,0.01144508785220831,0.3866728766585261,0.03186318717070023,0.03909213721283152,0.5555555555555556,9.0,0.03657055713463716,0.012708476337345,0.010158488092954766,0.10875206123375214,0.0229944254540864,0.03031866487372789,0.49206349206349204,4.0,2022-12-05,2023-03-08
COST,0.06897458014339124,0.020312370871508965,0.01555162791833316,0.3140242704894183,0.029025778760185573,0.047392794593538595,0.503968253968254,6.0,0.04328584987395124,0.015190156712456855,0.008302180200691706,0.09202764697115096,0.02038195723988747,0.0268679766208286,0.5396825396825397,7.0,2022-12-05,2023-03-08
CRM,0.0861762895266609,0.02975298048115209,0.01787567333255051,0.4983708494576842,0.04720302575427363,0.06213291012593876,0.5436507936507936,6.0,0.03148965026295439,0.023753364373378664,0.00944134134868121,0.07455322893953864,0.021437074078822217,0.028734641089374735,0.4603174603174603,4.0,2022-12-05,2023-03-08
CVX,0.04920538083062137,0.020477626698992404,0.013961050513450113,0.24948926250134462,0.029982328261757688,0.045564212288046996,0.43253968253968256,5.0,0.03828582694901311,0.0163147670497744,0.010027240391408196,0.13857205752486346,0.028907570672951764,0.03405820557967859,0.47619047619047616,5.0,2022-12-05,2023-03-08
DIS,0.09044363387719896,0.022919896681729206,0.01566063534802863,0.45056677605079665,0.03489796897007208,0.049983000613525154,0.5476190476190477,8.0,0.044748096318595686,0.018653342328610524,0.012830995360170806,0.12958216014033197,0.031068854450746985,0.03894242173427842,0.47619047619047616,4.0,2022-12-05,2023-03-08
EEM,0.0460564542558643,0.01479876463208954,0.008148449599114453,0.3270729360347282,0.022080778221553778,0.029473812928036285,0.5357142857142857,8.0,0.020249331870085402,0.010782894068369187,0.00662924555270653,0.10047065791260845,0.017677019812853467,0.020846441105523333,0.47619047619047616,3.0,2022-12-05,2023-03-08
EFA,0.05039350171519984,0.014066156892203481,0.007865652384118493,0.2873623440786621,0.021598890458882997,0.02837453049947588,0.5317460317460317,10.0,0.018062677811837125,0.008957932485900062,0.005664818310163973,0.0436348915954875,0.01094518476040659,0.01747002261538408,0.42857142857142855,4.0,2022-12-05,2023-03-08
GLD,0.03204768491057484,0.009433751928882407,0.0057682199314668435,0.21032844203783363,0.015356343696808028,0.019327776255806974,0.49603174603174605,9.0,0.02144465830780128,0.008835863219219323,0.006429615365654704,0.07331971266407233,0.015968524592469956,0.019887374199060504,0.4603174603174603,4.0,2022-12-05,2023-03-08
GOOGL,0.07184018024143277,0.024028793506193604,0.015091381579149223,0.43699319823921134,0.038947669949624605,0.05017555305809189,0.5357142857142857,6.0,0.06711955199795075,0.023958979815209586,0.015012309609931263,0.17273074113918752,0.02743961228275905,0.04811578507745312,0.5079365079365079,6.0,2022-12-05,2023-03-08
HD,0.06216251400614617,0.019750938258245723,0.014015718345541613,0.3472935483459174,0.03133089497592839,0.04532636374226532,0.503968253968254,6.0,0.048857183112921566,0.016874181336576657,0.0131836843320582,0.14447145145289664,0.023896785894376025,0.039941151192147195,0.4603174603174603,5.0,2022-12-05,2023-03-08
HYG,0.027209249376453342,0.007800961598337961,0.005058824585263569,0.15790237012539587,0.012056372625377194,0.016458005825252166,0.5515873015873016,7.0,0.014438117534130199,0.00647877107610452,0.0036095293835325497,0.0490932033762882,0.01011732315446331,0.012428545695947174,0.47619047619047616,5.0,2022-12-05,2023-03-08
IEF,0.022957196623977296,0.006286826612498154,0.00369118272411701,0.18891644400315488,0.01019194538672002,0.013284397251595838,0.5476190476190477,9.0,0.011910066442216103,0.005772212430731083,0.0028357301052895486,0.05212718101647473,0.00834612115573562,0.00965485787651979,0.5714285714285714,4.0,2022-12-05,2023-03-08
INTC,0.08317781038298412,0.024107323328615485,0.015803783972766983,0.5405666492292618,0.03529083832362819,0.05395482392986391,0.5396825396825397,7.0,0.05718041914970108,0.022231237328192897,0.014522011212622497,0.16875313181795248,0.03855557108817431,0.050447009094289536,0.49206349206349204,5.0,2022-12-05,2023-03-08
IWM,0.05022962576982969,0.017771227475740486,0.010381453738804086,0.2692396253127093,0.02814574752966906,0.036156532312174264,0.503968253968254,7.0,0.021601144200908685,0.012341572685785444,0.006667019815095272,0.05981942162926501,0.015507877564013917,0.021559508916738718,0.4444444444444444,4.0,2022-12-05,2023-03-08
JNJ,0.03818353420978669,0.01114709914714788,0.006464937009064414,0.1273978748211999,0.016694362339766705,0.022214937151438092,0.49206349206349204,10.0,0.06009051242559483,0.009575989277151154,0.007430547235423017,0.14814720236041834,0.015214125322098104,0.023661753891044995,0.6190476190476191,10.0,2022-12-05,2023-03-08
JPM,0.05733298190759408,0.018842700483001133,0.011091201857123856,0.37929542641479386,0.02966986897783206,0.038009523298446285,0.5357142857142857,7.0,0.025615153882916134,0.011226812640914574,0.008357678074672813,0.05775825845397753,0.018070492103959713,0.02565254299419631,0.4126984126984127,4.0,2022-12-05,2023-03-08
KO,0.03625150178022053,0.012600131010297416,0.009481363200093754,0.1665550565428522,0.017915810860767423,0.02802688758931105,0.4246031746031746,6.0,0.02500316909384868,0.009179100405004524,0.006250792273462169,0.08332046358661427,0.013666934752488213,0.019464246367928373,0.5238095238095238,4.0,2022-12-05,2023-03-08
LQD,0.020311823971357085,0.007537783702438008,0.004506411162476409,0.23978543426971255,0.01280910091776381,0.015413448696526423,0.5119047619047619,6.0,0.014753908729738098,0.006730373234186066,0.003642940427095827,0.0585847567079012,0.011231584660728567,0.012553156706325841,0.5555555555555556,4.0,2022-12-05,2023-03-08
MA,0.06971421718270394,0.020657846983493593,0.012646570010467838,0.2825032360439197,0.035723957699184655,0.043190407290087496,0.49206349206349204,9.0,0.036484222669217505,0.012812520092610118,0.007370550034185353,0.07654491148785625,0.01734173550076107,0.023012890080089388,0.5555555555555556,6.0,2022-12-05,2023-03-08
META,0.15846970842028701,0.040006977749447954,0.03430080268837381,0.7431979260513291,0.05390103386361895,0.09774936183710087,0.5238095238095238,6.0,0.049541255528137665,0.037715814131822845,0.01621886341694983,0.11522805283308668,0.0403862898787262,0.049200883506470144,0.47619047619047616,3.0,2022-12-05,2023-03-08
MRK,0.027323466314395306,0.012522482922995626,0.007620090207201879,0.10756336877844386,0.015982667555198272,0.024975909913233882,0.44047619047619047,5.0,0.026866128938910123,0.013587679744680791,0.010128104163478022,0.10362240736132866,0.02605170067107604,0.031785171612934704,0.3968253968253968,3.0,2022-12-05,2023-03-08
MSFT,0.0719158286527672,0.022266498889440024,0.01403119672788778,0.37043903905328623,0.03847744121861875,0.04624119087792143,0.5317460317460317,7.0,0.0439836068795468,0.019018044002533128,0.010472287352273046,0.13572048385073743,0.02651337096923857,0.03298052873646545,0.5238095238095238,5.0,2022-12-05,2023-03-08
NFLX,0.21408479168580125,0.04349878497749261,0.03659569088646175,0.7351133695399986,0.05412469359447168,0.09948430767447439,0.5555555555555556,8.0,0.0765683169306114,0.02562535636861427,0.01712566973195493,0.16167521144583274,0.033413813004224316,0.04953840855295033,0.5079365079365079,6.0,2022-12-05,2023-03-08
NVDA,0.11025538041418023,0.04006878364954276,0.022240668668204348,0.6535410716678116,0.06499559769956752,0.07758918755088705,0.5158730158730159,7.0,0.06643880824534448,0.03832758867835345,0.01845522451259569,0.22332893165144618,0.0472778334456916,0.06220925806938524,0.4444444444444444,5.0,2022-12-05,2023-03-08
PEP,0.03467838842160358,0.012302288962493167,0.0093576603677343,0.11898742629686176,0.020096479219655135,0.028229850369614725,0.4603174603174603,5.0,0.023301495666706064,0.008745658967542345,0.00554797515873954,0.08071960790178923,0.012742012481781417,0.017114725391984387,0.5714285714285714,4.0,2022-12-05,2023-03-08
PFE,0.05265212127314769,0.01801196670275912,0.01000438712514605,0.3022109703745315,0.028436918125762628,0.03514660267597002,0.503968253968254,8.0,0.07658689215669223,0.014566290088787853,0.011143595419624532,0.25682229339632323,0.023417246956047987,0.03783443374358389,0.6507936507936508,7.0,2022-12-05,2023-03-08
PG,0.05453314157504464,0.013961404527254796,0.010164828608894205,0.23772446602724018,0.020855596062328507,0.03206353136874902,0.47619047619047616,9.0,0.024712838455978457,0.00948922075074871,0.00631986168627315,0.10418961368998192,0.013396063606100928,0.02031106458655818,0.5396825396825397,4.0,2022-12-05,2023-03-08
QQQ,0.059553111584877624,0.020221798345043916,0.012245769698189123,0.35118719893900374,0.034724319311391756,0.04267633190486191,0.5476190476190477,6.0,0.03109109216476537,0.014919442868587983,0.007896150391051522,0.09675140554866668,0.02067012103303597,0.025609268651251932,0.49206349206349204,5.0,2022-12-05,2023-03-08
SPY,0.04691729399787795,0.015206849438147558,0.009516003128870573,0.24496383714802283,0.02615057204304126,0.03353783617573591,0.5515873015873016,6.0,0.02220132947004298,0.010631720623732617,0.00606914650415637,0.05866187515057797,0.0152374139089828,0.018909948298123647,0.5079365079365079,4.0,2022-12-05,2023-03-08
T,0.058614915188385255,0.017585798552771988,0.012211440664246929,0.2922996828788532,0.02215144283186075,0.03774676852559115,0.4880952380952381,7.0,0.03100042626879824,0.014381185787152428,0.00736895378520614,0.08863853707224523,0.020196535205880793,0.02489530132124468,0.5079365079365079,5.0,2022-12-05,2023-03-08
TLT,0.036052071961157756,0.012525270489759922,0.0069147492518093585,0.3825303976873664,0.021160756504326538,0.02563316356396952,0.5396825396825397,7.0,0.022019284289554155,0.012155323496952928,0.006019381066809337,0.08841866125998266,0.01766170649076295,0.020745437217951856,0.5079365079365079,4.0,2022-12-05,2023-03-08
UNH,0.0337570402760214,0.015426170276857455,0.00964486865029183,0.16911380374519358,0.024729123822859272,0.03134515112340131,0.42857142857142855,5.0,0.03959734819362747,0.01320935240360695,0.010824671904783523,0.14111543057859055,0.02157323267409549,0.03262663175855626,0.5079365079365079,4.0,2022-12-05,2023-03-08
V,0.07193421003027538,0.019585291634661817,0.011463619128330736,0.2413785155378514,0.03326615692284577,0.03880748334815954,0.4880952380952381,11.0,0.02633952906262008,0.01128533741173712,0.006062272562031605,0.05466809776739978,0.015559319498618917,0.019637932501744892,0.5396825396825397,5.0,2022-12-05,2023-03-08
VNQ,0.05212518912895671,0.01547904432865784,0.009903785934501775,0.328688241464149,0.025679483313627054,0.032944578564800896,0.5396825396825397,7.0,0.028763568389146482,0.0131815090031325,0.007305033241687996,0.09743836778976767,0.01994485457873226,0.02403068125137836,0.49206349206349204,5.0,2022-12-05,2023-03-08
WMT,0.05445895203594743,0.016882503609425902,0.015019433200390264,0.2573968836540177,0.02124060234599449,0.041089349475285385,0.44841269841269843,5.0,0.024472548334120443,0.010803126162116023,0.006474219136010699,0.0751844601849122,0.01791238721431857,0.021743395395286774,0.5238095238095238,4.0,2022-12-05,2023-03-08
XLB,0.049101849349705906,0.015820930838781538,0.00914289624643486,0.24716353258127055,0.024528777823284616,0.03247385606845849,0.5158730158730159,8.0,0.01990044775668265,0.011791862493376081,0.0063176024624389355,0.06161265197237731,0.016453485864473327,0.021179180450608154,0.42857142857142855,4.0,2022-12-05,2023-03-08
XLE,0.05456055116119224,0.02201536370928165,0.015324776322167541,0.2604373271698409,0.034278801962123115,0.048175948182286994,0.4365079365079365,5.0,0.04217948714491364,0.01673933864582045,0.010042735034503246,0.10310388574447626,0.024183064663468257,0.03034509003284827,0.5238095238095238,5.0,2022-12-05,2023-03-08
XLF,0.04631522861895719,0.015514516172820993,0.00899548763017595,0.25805354712043416,0.024974159582942367,0.030993098370743273,0.5317460317460317,7.0,0.023154298772755513,0.00956464007371237,0.006537188178100372,0.055135352868952214,0.018060445785500777,0.02118329960224752,0.47619047619047616,4.0,2022-12-05,2023-03-08
XLI,0.03601538995173995,0.013749736175848015,0.008283148359056454,0.21644004423138086,0.02129906884750324,0.02880058511616561,0.49206349206349204,6.0,0.022312602102163615,0.01030472141386087,0.00649308526782539,0.04825515213425524,0.018227928609251508,0.02161020610969816,0.47619047619047616,4.0,2022-12-05,2023-03-08
XLK,0.06034017766818209,0.020682415774307676,0.011772719849281557,0.3355907013477031,0.03290318239769918,0.041768745377230125,0.5317460317460317,7.0,0.029137811595560916,0.015366096565768535,0.008222310150422834,0.10212073119273535,0.021211665426052795,0.0269441947947964,0.49206349206349204,4.0,2022-12-05,2023-03-08
XLP,0.031153078901135528,0.011141120882971117,0.008530009699120442,0.16302380731758792,0.017259038822560226,0.0248648120557593,0.4523809523809524,5.0,0.028550968790970518,0.008266707101900219,0.005287216442772319,0.060989430226083385,0.010043140781911718,0.016691491000003694,0.5555555555555556,7.0,2022-12-05,2023-03-08
XLU,0.03747202334868403,0.013345283861367022,0.00909317480754013,0.20715976495524935,0.023033737117821113,0.030147224454320935,0.4642857142857143,6.0,0.026623694056078152,0.010982886667032458,0.006765037014249366,0.11307155178931028,0.01857577649452351,0.021312734693641783,0.47619047619047616,5.0,2022-12-05,2023-03-08
XLV,0.04278407862324319,0.011916867945269064,0.007357050556906898,0.16061050760246032,0.01861681165277966,0.025363065445102858,0.48412698412698413,10.0,0.0206289075641055,0.008057780700392675,0.004911644658120357,0.09442927612497276,0.014497498956763711,0.016432278915704923,0.5714285714285714,4.0,2022-12-05,2023-03-08
XLY,0.06432520174244072,0.021633008734974587,0.013807177141685507,0.36842670649744913,0.03756139644653314,0.04744984267106741,0.5277777777777778,6.0,0.03639351725258739,0.015150689482747103,0.008511387099395437,0.09592933524200897,0.021517776564261227,0.027933461958333544,0.5238095238095238,5.0,2022-12-05,2023-03-08
XOM,0.06674994200128356,0.02193698207301312,0.014874071325072345,0.2050866027140481,0.03504628446705047,0.047957576863929804,0.42063492063492064,8.0,0.049946247759905936,0.016606846252654378,0.010240302120086534,0.0721293602809544,0.02707070613988641,0.03297408975297558,0.5079365079365079,7.0,2022-12-05,2023-03-08
AAPL,0.0752408226603288,0.02250615751503963,0.013604684452832971,0.29824799766990306,0.03736251653521826,0.04548147881026407,0.5277777777777778,8.0,0.016741944923744752,0.014266386441354105,0.006643628937993949,0.06450780080753038,0.01790154384352145,0.02067297679951635,0.36507936507936506,3.0,2023-01-05,2023-04-06
ABBV,0.038637370415489,0.014081186746852152,0.010885925791665554,0.21915468713177755,0.021290326198182375,0.034017708011471706,0.4365079365079365,5.0,0.027122799626113206,0.0118585558401769,0.007414521943646467,0.12347840868850601,0.02157447483255106,0.024293798438713987,0.5079365079365079,4.0,2023-01-05,2023-04-06
AMD,0.13741355530816404,0.03830845221749638,0.023888818076650054,0.5930748662982888,0.061632194338144965,0.08251267110595244,0.5436507936507936,8.0,0.04956764439069288,0.032296117010707975,0.012982002102324326,0.1324877960785722,0.03387276777048266,0.0433767189679343,0.47619047619047616,5.0,2023-01-05,2023-04-06
AMZN,0.10492506017975346,0.03149905946614631,0.020124515510667,0.5167587129608365,0.05173248496556486,0.06847500778488998,0.5396825396825397,7.0,0.0630813879145198,0.024336056499415965,0.015474510743821593,0.19643963852442092,0.026680420927634563,0.04211038418130217,0.4603174603174603,6.0,2023-01-05,2023-04-06
BA,0.11433930897698344,0.0294531132404759,0.020903870263649187,0.487254393840301,0.049327999308376586,0.06599788921014874,0.4880952380952381,9.0,0.04881626025224797,0.01840763774953924,0.0131726416553685,0.1020370501145581,0.02898434965834117,0.040609097991930715,0.4603174603174603,5.0,2023-01-05,2023-04-06
BAC,0.0744575183853481,0.02016462950050114,0.011607606324246445,0.38667287665852657,0.03290514402062573,0.0398956635892435,0.5634920634920635,9.0,0.0745588895083452,0.018735974424895486,0.01530534388734359,0.26176431345806017,0.03310305854514049,0.048276869590961335,0.5396825396825397,6.0,2023-01-05,2023-04-06
COST,0.06432035279016397,0.019748204897816878,0.015569609207142865,0.3140242704894183,0.029688820227258418,0.04823081203686241,0.5158730158730159,5.0,0.03186212459583254,0.01472893499928829,0.007164763467316841,0.09989876355836513,0.020480802085228157,0.022335940875884308,0.4603174603174603,7.0,2023-01-05,2023-04-06
CRM,0.08471383041564329,0.029786512260266948,0.017725116032133153,0.46066521890876355,0.04720302575427363,0.06213291012593876,0.5396825396825397,6.0,0.035820828751826746,0.02364719633810372,0.009304111364110842,0.07455322893953864,0.021404936750743675,0.028447530981348362,0.42857142857142855,6.0,2023-01-05,2023-04-06
CVX,0.04892706432448205,0.02079323891358528,0.013785006218405659,0.2494892625013445,0.03134488447296986,0.04562766096760573,0.4365079365079365,5.0,0.04017822810312842,0.01660792469888124,0.010522869265105062,0.18160334076460305,0.023377452025523736,0.03511382576167124,0.47619047619047616,5.0,2023-01-05,2023-04-06
DIS,0.09427588758313644,0.023450146257405803,0.016035279683922994,0.46690726390760373,0.03735433054380143,0.05131156674452576,0.5555555555555556,8.0,0.03024109816275154,0.016315374157241647,0.009213237791519287,0.1820510558858648,0.026267073665688645,0.02987940221199223,0.4444444444444444,4.0,2023-01-05,2023-04-06
EEM,0.046774542314298916,0.01498765763832419,0.008203535113584732,0.3270729360347274,0.022660156835303046,0.029528481135428948,0.5396825396825397,8.0,0.018617436409907907,0.009961990938095931,0.006568651959140894,0.12305891501517674,0.017716036964129912,0.020610638690544275,0.42857142857142855,3.0,2023-01-05,2023-04-06
EFA,0.05104910469487098,0.014137885600002063,0.007864138306248384,0.28736234407866224,0.021928071310595727,0.028658460691313743,0.5357142857142857,10.0,0.017432892868812024,0.009545657962841448,0.006398978533194891,0.07258631519252412,0.011820473646361063,0.019060575175643468,0.4126984126984127,3.0,2023-01-05,2023-04-06
GLD,0.03183109938461658,0.009611176522747249,0.005774349094715027,0.2103284420378323,0.015562644121271835,0.019402819786158952,0.49206349206349204,9.0,0.021393059929999556,0.01040023603784337,0.006414144952557186,0.07331971266407289,0.016857667589772106,0.020516325815485792,0.4603174603174603,4.0,2023-01-05,2023-04-06
GOOGL,0.0728200563746123,0.02434906864890842,0.014901605161773253,0.4362837485228305,0.039913277579150676,0.05056143135900571,0.5476190476190477,6.0,0.06111653516564493,0.02442415781601441,0.01587442471834933,0.17273074113918718,0.02743961228275905,0.04411068225838635,0.42857142857142855,6.0,2023-01-05,2023-04-06
HD,0.0624976657377891,0.01969196084360136,0.013753093831187354,0.33296485224994177,0.03133089497592839,0.04532636374226532,0.5158730158730159,6.0,0.05360770290701039,0.016651082486743678,0.014040112666121768,0.16756358258910553,0.024314130432802016,0.039941151192147195,0.47619047619047616,5.0,2023-01-05,2023-04-06
HYG,0.024154855129571714,0.008009776936272653,0.004986695915920274,0.1504049503965148,0.01219544640516083,0.01655471667163525,0.5436507936507936,6.0,0.012179972730224576,0.006136091574342733,0.00321693268831068,0.0490932033762882,0.007636149842053586,0.010406650259328437,0.5079365079365079,4.0,2023-01-05,2023-04-06
IEF,0.022561529405141882,0.006429888364485347,0.0036596675472199414,0.1701754248662697,0.01019194538672002,0.013284397251595838,0.5436507936507936,9.0,0.011766467535292804,0.006925319990036739,0.0033203435725693976,0.05212718101647429,0.009395976286600317,0.010845369031391244,0.49206349206349204,4.0,2023-01-05,2023-04-06
INTC,0.08417048086555548,0.024117033740303388,0.01571182309490369,0.5405666492292616,0.03615524625729594,0.054207919800015686,0.5476190476190477,7.0,0.04619930502368399,0.025264373028701072,0.014666446039264758,0.16875313181795282,0.02776366480175585,0.04759826673928921,0.42857142857142855,4.0,2023-01-05,2023-04-06
IWM,0.05047452878419424,0.017679370986556305,0.010181700581467754,0.24677521025122084,0.02814574752966906,0.036156532312174264,0.5158730158730159,7.0,0.024845360089196297,0.013886818870522857,0.009119824635915307,0.1383713922972185,0.02773126416655075,0.02862953004078367,0.4126984126984127,3.0,2023-01-05,2023-04-06
JNJ,0.0377570530480443,0.010984880484878098,0.006192955790949067,0.12739787482119969,0.01617902764377452,0.02134752234224296,0.5079365079365079,10.0,0.054871955064131936,0.011488528711083324,0.007796015473592514,0.15596996972491628,0.016352588414467108,0.02446828846047633,0.5555555555555556,10.0,2023-01-05,2023-04-06
JPM,0.05668558546924004,0.01859089437492185,0.0111534138076051,0.3792954264147941,0.02966986897783206,0.038009523298446285,0.5277777777777778,7.0,0.04610313563834689,0.0168869250312067,0.013822809627017587,0.1313627976237719,0.02997903415645329,0.04230132858938446,0.4603174603174603,4.0,2023-01-05,2023-04-06
KO,0.03711171292336446,0.012372438150292075,0.009274567880159896,0.1665550565428523,0.017915810860767423,0.02802688758931105,0.44841269841269843,6.0,0.022243014735104875,0.00889647896613019,0.006279903978035074,0.07160876428114649,0.012856930473193385,0.019251480281266664,0.47619047619047616,4.0,2023-01-05,2023-04-06
LQD,0.0205571799050835,0.007708420546543214,0.004523766140729052,0.2226945163652514,0.013177212233859686,0.015413448696526423,0.5158730158730159,6.0,0.011988640840989103,0.006403840294894872,0.0034887579166899504,0.058584756707900754,0.008365726217042768,0.011482932734085627,0.47619047619047616,4.0,2023-01-05,2023-04-06
MA,0.07188858832854404,0.020330825702076536,0.012531599155911163,0.28250323604391825,0.03468802334894657,0.043190407290087496,0.5119047619047619,9.0,0.029251503555078634,0.011706924389032345,0.005909394657591643,0.09853822564030645,0.016023449638066112,0.018352623826324882,0.5555555555555556,6.0,2023-01-05,2023-04-06
META,0.15787568598298327,0.0404990340910923,0.03445699495660349,0.7340969656102869,0.05815694027852027,0.09866877992651008,0.5198412698412699,6.0,0.034098261357138254,0.03644543705023482,0.011839674082339671,0.1152280528330869,0.029699129253926027,0.03727525912140417,0.4444444444444444,3.0,2023-01-05,2023-04-06
MRK,0.027442730630009977,0.012560523744531987,0.007708017965799615,0.1075633687784443,0.01714661078924602,0.025149219240000985,0.4365079365079365,5.0,0.031114681201362845,0.014859019047756154,0.010495031357602545,0.10362240736132888,0.028363833681216023,0.032613409059156495,0.4603174603174603,3.0,2023-01-05,2023-04-06
MSFT,0.07359541854527878,0.02241133348627733,0.014115523398234686,0.32243121231317173,0.03875156595163366,0.046637820228991364,0.5396825396825397,7.0,0.030141977658669074,0.01783628377649931,0.008133549526942448,0.0928949825690738,0.02194379926486959,0.024492893900935925,0.4603174603174603,5.0,2023-01-05,2023-04-06
NFLX,0.21274400009607566,0.04415846824116503,0.037015897452613904,0.7068473454271893,0.05517909935787598,0.1019027361314231,0.5476190476190477,8.0,0.054790729782380906,0.0250046429940534,0.012650096342252445,0.20437009653165894,0.033413813004224316,0.039779221133068116,0.49206349206349204,6.0,2023-01-05,2023-04-06
NVDA,0.10997634280407831,0.03979382260422944,0.022184381319605744,0.6080154819109703,0.06531442153653684,0.07807324024548862,0.5158730158730159,7.0,0.03886015611569229,0.033759975862421354,0.014049968260523666,0.10082279962147023,0.034191906433077124,0.044138703728360346,0.3492063492063492,4.0,2023-01-05,2023-04-06
PEP,0.034875905831549994,0.012261753974979105,0.009134165813024998,0.11898742629686176,0.02001688648290078,0.02819918168449315,0.47619047619047616,5.0,0.020245281856464566,0.009198816600137865,0.005534424493389784,0.06615128279454141,0.012569511898759211,0.016043872874768023,0.5079365079365079,4.0,2023-01-05,2023-04-06
PFE,0.04942312795494828,0.016657727180560175,0.009163650754748301,0.24608252677576992,0.02386675965756796,0.03138650738799616,0.5158730158730159,8.0,0.060064284918121665,0.012678480573804638,0.00993126404069472,0.219331907126896,0.022783196397515047,0.033336897570939966,0.6031746031746031,7.0,2023-01-05,2023-04-06
PG,0.055050652104699456,0.01382240441634348,0.010026299757258866,0.23772446602724007,0.019919841969759752,0.03191272314845507,0.4880952380952381,9.0,0.022608698434169752,0.010016892238417409,0.006379879628689877,0.10715314832361833,0.013396063606100928,0.02031106458655818,0.49206349206349204,4.0,2023-01-05,2023-04-06
QQQ,0.06107491661898296,0.020213806470064485,0.012228203002718449,0.3241691891641655,0.034724319311391756,0.04267633190486191,0.5595238095238095,6.0,0.01735776341197811,0.01392536102043006,0.006371401252412599,0.07432963540918724,0.017780228169915945,0.020109808305959986,0.4126984126984127,3.0,2023-01-05,2023-04-06
SPY,0.0478536980904775,0.015261507200712994,0.00944594909790302,0.234240019041132,0.02615057204304126,0.03353783617573591,0.5634920634920635,6.0,0.01980891054865361,0.010410196009872058,0.006113861280448645,0.07538747374350752,0.015742096300555307,0.017836336255635965,0.4444444444444444,4.0,2023-01-05,2023-04-06
T,0.05900759375887752,0.01720562711400246,0.012493138922526577,0.29229968287885333,0.023582096838381573,0.03857777772111475,0.4801587301587302,7.0,0.02133346333906772,0.013245739572584242,0.0054207980615663875,0.11214486604462925,0.015991882215085275,0.01891204915211822,0.47619047619047616,5.0,2023-01-05,2023-04-06
TLT,0.03557333092840143,0.012798594205955787,0.006999382242856763,0.3492405132298454,0.021160756504326538,0.0256150156228968,0.5277777777777778,7.0,0.0156254009755474,0.011927756011317228,0.005355480173070681,0.07961261805443443,0.016418599065136784,0.01897997933270587,0.4444444444444444,3.0,2023-01-05,2023-04-06
UNH,0.034814308135580195,0.015524706423013904,0.009670641148772276,0.16911380374519402,0.025884705370052302,0.031733654748314945,0.4444444444444444,5.0,0.03300354209386232,0.014193230954167128,0.009895241897630677,0.07456163082428013,0.01553856343101393,0.026447095277824795,0.4603174603174603,4.0,2023-01-05,2023-04-06
V,0.0747284734406004,0.019483745505177,0.011443727879972419,0.2413785155378515,0.03326615692284577,0.03880748334815954,0.5079365079365079,11.0,0.02043263595066947,0.010598062205315797,0.004864913321587969,0.0715086102472774,0.013463626304423982,0.015687843777763166,0.5238095238095238,5.0,2023-01-05,2023-04-06
VNQ,0.05399572071597677,0.01569512099760523,0.009899215464595743,0.3115108398389145,0.02645956410230609,0.032990517316475405,0.5555555555555556,7.0,0.038361321552940635,0.014397389824152326,0.009438102921755235,0.17193154960945245,0.02289094278995433,0.029185130717191338,0.5079365079365079,5.0,2023-01-05,2023-04-06
WMT,0.05451059507136952,0.016775967491389814,0.014709208193861617,0.25739688365401747,0.02124060234599449,0.04042019251355936,0.4603174603174603,5.0,0.02198184718247503,0.010363957394522819,0.005931609557175802,0.07031829367669551,0.01484230091421893,0.01907318715478784,0.4603174603174603,5.0,2023-01-05,2023-04-06
XLB,0.051124140980594784,0.01592201142556645,0.009129310889391926,0.24716353258127055,0.0252853258108229,0.032920436821938875,0.5357142857142857,8.0,0.020374650436553954,0.012859004308603768,0.007680919807431053,0.11383636131253227,0.019535055692523506,0.02478282005165,0.3968253968253968,3.0,2023-01-05,2023-04-06
XLE,0.06629625978440949,0.02215591978458753,0.015297443741754516,0.2604373271698406,0.03490725334003222,0.04820260001147551,0.4444444444444444,7.0,0.0411405736785327,0.01818052409980162,0.010774912153901422,0.17334352872926162,0.02264681522275591,0.033755329550393676,0.47619047619047616,5.0,2023-01-05,2023-04-06
XLF,0.047246722585564595,0.01532781098546775,0.008862682025512617,0.2580535471204334,0.024974159582942367,0.030993098370743273,0.5476190476190477,7.0,0.04673961182215676,0.013822939919520234,0.01187645874169557,0.16270271389130886,0.02656703329305865,0.034730658692902705,0.47619047619047616,5.0,2023-01-05,2023-04-06
XLI,0.03724413274062663,0.013727609148388619,0.008295958578589415,0.21254118102190878,0.021882245927266186,0.028979426360557333,0.5079365079365079,6.0,0.025295360011402552,0.011302952284489614,0.007584146740632157,0.067522061747182,0.020424569979515896,0.02262378924310518,0.4603174603174603,4.0,2023-01-05,2023-04-06
XLK,0.0620884774520944,0.020659918186741556,0.011805844753622449,0.3044452486199397,0.03546566212461167,0.04198887370706065,0.5436507936507936,7.0,0.019897207949099608,0.013721950409294388,0.006316573952095114,0.05947672886082611,0.017559887767246186,0.01956184497144775,0.42857142857142855,4.0,2023-01-05,2023-04-06
XLP,0.03550458624645461,0.011060297306404794,0.008325389992855519,0.16302380731758825,0.017259038822560226,0.0248648120557593,0.48412698412698413,6.0,0.02243473026312024,0.008318746974752498,0.0050448467522889425,0.06162592542691514,0.009465073942792423,0.014106428436421625,0.4603174603174603,7.0,2023-01-05,2023-04-06
XLU,0.037672491381814895,0.013492405336894732,0.008972902492759548,0.20715976495524957,0.023033737117821113,0.030147224454320935,0.4722222222222222,6.0,0.023678619306910682,0.012255314987610108,0.0066834812559828545,0.11306881926943324,0.019553761701184356,0.021177736834222055,0.42857142857142855,5.0,2023-01-05,2023-04-06
XLV,0.04459727277133621,0.011921317701761932,0.007373887693673316,0.16061050760245943,0.018833642733191634,0.025363065445102858,0.503968253968254,10.0,0.01832696597215948,0.00846174009713928,0.004654467548484947,0.0849120318243457,0.013979239404133603,0.0155114262820496,0.49206349206349204,5.0,2023-01-05,2023-04-06
XLY,0.0663666633864251,0.021496538167311827,0.013581008624893223,0.37381441245452285,0.03756139644653314,0.04744984267106741,0.5476190476190477,6.0,0.03601975682523604,0.01535810439894252,0.009433745835180867,0.1150102585609204,0.022234082485085672,0.02758329046013211,0.47619047619047616,5.0,2023-01-05,2023-04-06
XOM,0.06704078744982116,0.021990376977434122,0.014836560104127088,0.20508660271404866,0.03504628446705047,0.047957576863929804,0.4246031746031746,8.0,0.05543671776871579,0.019202629169518003,0.010999348763634086,0.1557587572696989,0.022654167370287127,0.035593919657373296,0.5238095238095238,7.0,2023-01-05,2023-04-06
AAPL,0.055292997860453046,0.02231799508433814,0.013878322172145584,0.2982479976699033,0.03736251653521826,0.04548147881026407,0.49603174603174605,5.0,0.021506659550103457,0.014093760926958573,0.006068898638477166,0.06450780080753049,0.015866558867829318,0.019577437137029474,0.49206349206349204,4.0,2023-02-06,2023-05-08
ABBV,0.04075897902484329,0.014276010182853285,0.01083671267724008,0.2191546871317771,0.02257482873906026,0.034745086681430136,0.46825396825396826,5.0,0.0471701114495086,0.014897009961831891,0.014974638555399555,0.10636769554473835,0.018482683103024,0.03506544542235662,0.42857142857142855,4.0,2023-02-06,2023-05-08
AMD,0.11961148986264425,0.038700547155173674,0.023826990012478934,0.5789236277255339,0.061235048512397125,0.08161236807347792,0.5198412698412699,7.0,0.08606930694018322,0.0287674637363361,0.01800872944635868,0.18607894156224547,0.03339687234917168,0.057413430281042316,0.5396825396825397,6.0,2023-02-06,2023-05-08
AMZN,0.09952928919924972,0.03206016295972274,0.020241571712149,0.5167587129608372,0.05064904744626473,0.06832807524654039,0.5119047619047619,7.0,0.03742562075681696,0.01987251780205126,0.010891053659391178,0.11144841039462594,0.029521078821066082,0.034015427256986086,0.47619047619047616,4.0,2023-02-06,2023-05-08
BA,0.11173341421713856,0.028866796375751885,0.020744157117977825,0.4707897296560396,0.049327999308376586,0.06599788921014874,0.4801587301587302,9.0,0.04927097013026751,0.018488847395124058,0.01520708954637886,0.10203705011455777,0.04044848014938661,0.04726203538437851,0.4444444444444444,4.0,2023-02-06,2023-05-08
BAC,0.07098141600968697,0.020057312942289345,0.011669280409755792,0.3866728766585267,0.03186318717070023,0.039723391636016674,0.5396825396825397,9.0,0.09330811502786436,0.020306121573115957,0.015049695972236184,0.2617643134580604,0.03310305854514049,0.048276869590961335,0.6349206349206349,6.0,2023-02-06,2023-05-08
COST,0.06260565032403104,0.01987506477127746,0.015527195020841031,0.31402427048941817,0.02782871719532603,0.047930072114546134,0.503968253968254,5.0,0.030109107461052817,0.011574711749203385,0.006879769177928735,0.08787485709721787,0.01908809798747696,0.021916455742916563,0.4444444444444444,7.0,2023-02-06,2023-05-08
CRM,0.07912425961657372,0.029283422868964525,0.01698374259446658,0.4223112868218457,0.04572881242670919,0.05868007666919207,0.5277777777777778,6.0,0.03699312895621403,0.021221790815400123,0.009341699231367179,0.07186881760450381,0.02177268842605027,0.02852526194415536,0.4444444444444444,6.0,2023-02-06,2023-05-08
CVX,0.0500679554161269,0.020944726095957187,0.013808424211987379,0.24948926250134462,0.03134488447296986,0.04633905714884794,0.44841269841269843,5.0,0.039352483145508196,0.015283375564335941,0.00999428143377986,0.11719967194434355,0.022133581741231645,0.03304328621882835,0.49206349206349204,5.0,2023-02-06,2023-05-08
DIS,0.08776901326299298,0.0233594630858347,0.01573548046547683,0.4616564940535086,0.03606563237530976,0.048831224561621416,0.5317460317460317,8.0,0.03540955907525768,0.016551386599277244,0.00951869867614454,0.17158705161337384,0.029445711195943036,0.03164870244788007,0.5079365079365079,4.0,2023-02-06,2023-05-08
EEM,0.045735309998954754,0.014804662549684107,0.008269639258162213,0.3128847753743764,0.022660156835303046,0.029528481135428948,0.5277777777777778,8.0,0.026557611513798294,0.009265327949378158,0.006230524695319248,0.08156732837923952,0.017102367805552153,0.020116506124868677,0.47619047619047616,6.0,2023-02-06,2023-05-08
EFA,0.03968186215998499,0.014121471125038856,0.008036499308629097,0.2706060814111322,0.021928071310595727,0.028658460691313743,0.5119047619047619,7.0,0.019207939025760526,0.00916942563756483,0.006583366198345341,0.06376730250100704,0.013748923061486885,0.01957039781337802,0.4444444444444444,3.0,2023-02-06,2023-05-08
GLD,0.03275733720381807,0.009847027753922141,0.006035223691179634,0.21032844203783285,0.016074893061792182,0.02045674694596119,0.48412698412698413,9.0,0.016880571036973588,0.009865266051887612,0.0052100527891893785,0.03474569939425032,0.015208390456339992,0.01742846498683359,0.4444444444444444,4.0,2023-02-06,2023-05-08
GOOGL,0.0701059401903542,0.024479328145809918,0.01472707182557241,0.417766372991202,0.038947669949624605,0.05005297122973729,0.5357142857142857,6.0,0.065986032220896,0.021261610380113642,0.015234870354030821,0.1719621093960748,0.027083402189973193,0.044025506333120135,0.49206349206349204,6.0,2023-02-06,2023-05-08
HD,0.05429077030497968,0.01953928030542373,0.013895851923298373,0.25448476834685263,0.03114114406744226,0.04539290949947858,0.4880952380952381,5.0,0.046854154265262626,0.015372027598715931,0.013221630833231076,0.13021667631088985,0.02486531948869807,0.03716913506807262,0.49206349206349204,4.0,2023-02-06,2023-05-08
HYG,0.023853850123680766,0.008131464247740786,0.005030993844267216,0.1290932624857617,0.01219544640516083,0.01655471667163525,0.5317460317460317,6.0,0.012609158636467747,0.00540043851949863,0.002937617603478149,0.0362345446150355,0.0070296302297909955,0.009556782720676532,0.5714285714285714,4.0,2023-02-06,2023-05-08
IEF,0.022621448503211117,0.006632361158457207,0.003654825863614042,0.16966809747071676,0.010342616668426462,0.013320738265356104,0.5476190476190477,9.0,0.011130712361783184,0.0068800891935810364,0.0034231357461833203,0.0333743790298886,0.009811876647350481,0.011206944544081082,0.5079365079365079,3.0,2023-02-06,2023-05-08
INTC,0.08241432866532161,0.024519247141978857,0.015733147072563056,0.5121010435613975,0.03728875648949505,0.054176463239180746,0.5396825396825397,7.0,0.0455819755278459,0.0229756730455866,0.010195102751538404,0.14285715246715347,0.024422518699853936,0.033697264520647835,0.5079365079365079,6.0,2023-02-06,2023-05-08
IWM,0.04802657052939255,0.01735394996051802,0.010243762563312896,0.22378766326233457,0.02727589603387178,0.03545619449308291,0.4880952380952381,7.0,0.027561036335079548,0.013234914544774315,0.009296381303499053,0.1263003930337725,0.02773126416655075,0.02862953004078367,0.4603174603174603,3.0,2023-02-06,2023-05-08
JNJ,0.04285857115580041,0.011131988366513372,0.006886968273375631,0.12739787482119902,0.01776685739722739,0.02361492518956331,0.5158730158730159,10.0,0.036132170208900784,0.010849734135185378,0.006724349294460444,0.07012773723574939,0.015471361903147629,0.019639713507798612,0.5079365079365079,8.0,2023-02-06,2023-05-08
JPM,0.04673242843701846,0.01809321581747844,0.010283831654610845,0.3323661672630305,0.02918442087960402,0.03464279496409617,0.5158730158730159,6.0,0.04657378478312455,0.019323768799301064,0.013553217794030953,0.1313627976237718,0.02904840884756522,0.04214265142678136,0.47619047619047616,4.0,2023-02-06,2023-05-08
KO,0.03809806164993279,0.01259113586270051,0.009452072520899659,0.16655505654285307,0.018202518688821882,0.02896605191168082,0.4523809523809524,6.0,0.011791396609181878,0.006698081459004082,0.0034364726001258655,0.028712874694348467,0.006170834189390228,0.010864649499034984,0.4603174603174603,4.0,2023-02-06,2023-05-08
LQD,0.02035688356530103,0.007895647757969,0.004516408150310293,0.19472153239133383,0.013177212233859686,0.015413448696526423,0.5119047619047619,6.0,0.013487954336022099,0.005987570963492207,0.0038061246803589694,0.03819748356506869,0.008365726217042768,0.012677670817441311,0.49206349206349204,4.0,2023-02-06,2023-05-08
MA,0.07224857653705312,0.019489362406090675,0.012594352202462493,0.25660866360651435,0.03468802334894657,0.043190407290087496,0.5119047619047619,9.0,0.028377318114926307,0.010434452253636489,0.005937534093310699,0.08092040126087974,0.016322453259034995,0.018435680387705128,0.5396825396825397,6.0,2023-02-06,2023-05-08
META,0.12582762296327754,0.03976949133153849,0.027916301631463088,0.6249947288997618,0.05390103386361895,0.08267047176245011,0.5119047619047619,6.0,0.05369330678918603,0.027035150942128883,0.011008548349634703,0.11522805283308679,0.02644088930924291,0.036225330482303364,0.5079365079365079,7.0,2023-02-06,2023-05-08
MRK,0.029155203948727466,0.012679786200538428,0.00813093337215507,0.10362240736132877,0.01733966509132171,0.02652970318357231,0.44047619047619047,5.0,0.028205150472386444,0.013281638052003032,0.009202738690284819,0.05793341151299092,0.025762451743681823,0.02804704947901948,0.4126984126984127,4.0,2023-02-06,2023-05-08
MSFT,0.07080308622075486,0.02239545736225376,0.013814094203123468,0.31769814608964986,0.037571809702533994,0.046260039343628254,0.5317460317460317,7.0,0.033920895396893254,0.018291089037882038,0.0078071902103960655,0.09289498256907414,0.022460761581317202,0.024398451453972486,0.5396825396825397,5.0,2023-02-06,2023-05-08
NFLX,0.1847428090629346,0.040818270744951694,0.03383567931555578,0.5970597849305006,0.050688400201538183,0.08831734811238638,0.5238095238095238,8.0,0.05448254468711526,0.022402351992037287,0.012185850543294177,0.20191914126828114,0.0333513967979986,0.039779221133068116,0.5079365079365079,6.0,2023-02-06,2023-05-08
NVDA,0.10683608825974704,0.04014385282330839,0.022610812330105194,0.6080154819109704,0.06531442153653684,0.07807324024548862,0.49206349206349204,7.0,0.03405954046475906,0.029234454665836195,0.01111290120984202,0.10082279962147056,0.03069038988700118,0.03663669315787685,0.4126984126984127,4.0,2023-02-06,2023-05-08
PEP,0.03535160477601391,0.0124311066409988,0.009118469485876603,0.11433306394402876,0.020096479219655135,0.028593873101548654,0.48412698412698413,5.0,0.012611693244771465,0.00762875823855931,0.0038924979150529214,0.03622661224170942,0.008365762220191409,0.011471103157208673,0.4444444444444444,4.0,2023-02-06,2023-05-08
PFE,0.054595947467002734,0.01673869909251513,0.0097881180717734,0.23115683800336329,0.024217545801510153,0.03387834318098105,0.5317460317460317,8.0,0.03190628103078298,0.009676269828554839,0.005697550184068391,0.13093881407527852,0.016404300524702577,0.01905313037678577,0.5714285714285714,7.0,2023-02-06,2023-05-08
PG,0.056331440984593556,0.013772356602686907,0.010099262327915179,0.2377244660272404,0.021095471335669896,0.032388821104771336,0.49603174603174605,9.0,0.015094092575305314,0.009139817456984885,0.004791775420731845,0.031074651384709884,0.011316543893669772,0.013976211703580127,0.42857142857142855,4.0,2023-02-06,2023-05-08
QQQ,0.0576790241924459,0.020057194877743992,0.012068482695389111,0.29561748517430386,0.03389188618932399,0.042194304217049616,0.5396825396825397,6.0,0.022378619011112072,0.011997415366989204,0.00631495421830323,0.06883295204636941,0.017735550577394697,0.01977111971988771,0.49206349206349204,4.0,2023-02-06,2023-05-08
SPY,0.04595332259525385,0.015161625591823406,0.009486922810320425,0.2209483913444239,0.02615057204304126,0.03353783617573591,0.5436507936507936,6.0,0.020419385565055893,0.009705394872213826,0.005942149238508328,0.0718463782974339,0.015819419278736414,0.017857814860686272,0.47619047619047616,4.0,2023-02-06,2023-05-08
T,0.04915370282186884,0.01645161144917727,0.010198557388210882,0.29229968287885266,0.022442327738964395,0.03238187011746127,0.4880952380952381,7.0,0.07463268913213263,0.0173993210788437,0.018658172283033157,0.15280560905338159,0.017619138774728094,0.04605179189884101,0.49206349206349204,5.0,2023-02-06,2023-05-08
TLT,0.035609703911055245,0.013048452499545005,0.007006538963980778,0.3373178038843909,0.021160756504326538,0.0256150156228968,0.5277777777777778,7.0,0.021702578168496595,0.01207788394190619,0.006222961482006192,0.055275474549060566,0.01640994082877728,0.02205108559349131,0.47619047619047616,4.0,2023-02-06,2023-05-08
UNH,0.036733516688392434,0.015593765000397084,0.010057986712297927,0.1691138037451939,0.025884705370052302,0.03263612908087169,0.4523809523809524,5.0,0.026732305656162032,0.013332050600827112,0.008014977004493025,0.08224526502760565,0.017968035978574416,0.02531257114172064,0.4603174603174603,4.0,2023-02-06,2023-05-08
V,0.07279744324589127,0.01811124210666417,0.011419917640665214,0.22642761092082864,0.03305316227061014,0.03833069923734922,0.49603174603174605,11.0,0.023714104307411076,0.010406982267025024,0.005269800957202461,0.0710269236925154,0.013607014907220615,0.017695400084306034,0.5555555555555556,5.0,2023-02-06,2023-05-08
VNQ,0.0507656791203984,0.01585018849845776,0.009983916893678354,0.3115108398389146,0.026038917178269748,0.032811324105509805,0.5238095238095238,7.0,0.04041044854146646,0.01318958239060384,0.008908829043533168,0.14801804215200987,0.02289094278995433,0.029185130717191338,0.6031746031746031,4.0,2023-02-06,2023-05-08
WMT,0.054508834808241896,0.01681786579666898,0.01460058075220765,0.25739688365401714,0.021913700272224827,0.04064838015991072,0.4642857142857143,5.0,0.01698541705563226,0.00834735836971362,0.00498778119887614,0.07031829367669573,0.01353309338792733,0.01637554070767938,0.4126984126984127,5.0,2023-02-06,2023-05-08
XLB,0.04919102516655831,0.016032362516189662,0.009159501023077096,0.24716353258127022,0.0252853258108229,0.032920436821938875,0.5158730158730159,8.0,0.026052914820319916,0.011851023835383981,0.008041023092691332,0.10744671267707961,0.021124127338065634,0.025272126171840825,0.4444444444444444,4.0,2023-02-06,2023-05-08
XLE,0.06562871286955847,0.022042738838419354,0.015143411502105958,0.2604373271698406,0.03490725334003222,0.04820260001147551,0.4444444444444444,7.0,0.044987531541528465,0.018335920674654418,0.011246882885382116,0.14676857462294102,0.021177341006799244,0.03851674844750011,0.49206349206349204,5.0,2023-02-06,2023-05-08
XLF,0.04697507428122587,0.015235256826976637,0.008961108547623409,0.2511835922253369,0.024974159582942367,0.030993098370743273,0.5357142857142857,7.0,0.048339231233971054,0.014183341671339757,0.011509340769993107,0.16270271389130853,0.02656703329305865,0.034730658692902705,0.5238095238095238,5.0,2023-02-06,2023-05-08
XLI,0.03731594418660488,0.013867883969733229,0.008514684837943163,0.20158546333944516,0.021882245927266186,0.028979426360557333,0.49603174603174605,6.0,0.023547911323513575,0.010706417959821081,0.007709137635674086,0.06752206174718178,0.019126646867621954,0.022270531354562223,0.47619047619047616,3.0,2023-02-06,2023-05-08
XLK,0.06036788654485611,0.02049091302101411,0.011877940639612892,0.28460368624487264,0.03546566212461167,0.04198887370706065,0.5277777777777778,7.0,0.025808802974998178,0.012466393640672601,0.00614495308928528,0.05947672886082611,0.017559887767246186,0.020124683482154376,0.5238095238095238,5.0,2023-02-06,2023-05-08
XLP,0.035806102191191166,0.011276351207662724,0.008460677105061402,0.16302380731758748,0.017324960590732803,0.025633507004134477,0.4801587301587302,6.0,0.01355331798636455,0.006671024906240273,0.0030057761663308475,0.03644989782714014,0.008996882669345863,0.009370707863500943,0.4603174603174603,7.0,2023-02-06,2023-05-08
XLU,0.037650649238930835,0.013515679774180153,0.009209906896708161,0.20715976495524924,0.024017140876241776,0.030147224454320935,0.45634920634920634,6.0,0.021310017501117513,0.011677509920606953,0.006976493824770614,0.06644283160191566,0.01857577649452351,0.020488164109533386,0.47619047619047616,3.0,2023-02-06,2023-05-08
XLV,0.029055635367722897,0.011833438623901108,0.007436859052452885,0.16061050760245976,0.018833642733191634,0.025363065445102858,0.4880952380952381,5.0,0.018983921723682174,0.008261984265336354,0.004670647408207519,0.07066395300830486,0.012950235011301048,0.014599039685816606,0.5079365079365079,5.0,2023-02-06,2023-05-08
XLY,0.06289569249099089,0.021497804532976714,0.013895824853134531,0.33605959347529624,0.03756139644653314,0.04744984267106741,0.5119047619047619,6.0,0.035414773000942194,0.013281424813913712,0.00843208880974814,0.1020143160104462,0.02169737402383439,0.025340968223512672,0.5238095238095238,5.0,2023-02-06,2023-05-08
XOM,0.06847281350186445,0.021775180948239138,0.014735449792067899,0.20508660271404833,0.03504628446705047,0.047957576863929804,0.44047619047619047,8.0,0.05867483831814649,0.019061462541263858,0.011641832999632241,0.15575875726969912,0.03020001296268744,0.039766196463787484,0.5238095238095238,7.0,2023-02-06,2023-05-08
AAPL,0.0541498129943989,0.022256643423395436,0.013914991785413264,0.2982479976699035,0.03736251653521826,0.04548147881026407,0.48412698412698413,5.0,0.016170077950392377,0.012070837487365345,0.004636581491151936,0.0365286448643789,0.01372011312758733,0.014980112402242396,0.47619047619047616,4.0,2023-03-08,2023-06-07
ABBV,0.040596371424052355,0.014413518432469205,0.01079347970401392,0.21915468713177744,0.02257482873906026,0.034745086681430136,0.46825396825396826,5.0,0.06312956171411521,0.015085909008886638,0.015030848027170286,0.19078243630789393,0.019676716377583447,0.03874069196265573,0.47619047619047616,6.0,2023-03-08,2023-06-07
AMD,0.11628414556979244,0.03694718996261134,0.022585068113654908,0.5460521212136971,0.060113831669455914,0.07731834129027709,0.5317460317460317,7.0,0.07773002988604841,0.03304721608334885,0.0196287954257698,0.18607894156224547,0.042198708938864814,0.06078254046226006,0.4444444444444444,6.0,2023-03-08,2023-06-07
AMZN,0.09906666471681216,0.03051698984592247,0.02014748637593898,0.5167587129608371,0.04905080719007418,0.06785196945499145,0.5119047619047619,7.0,0.03078051533971885,0.02071006081889767,0.011603765703465439,0.07075210949424715,0.03176014227789235,0.037199879344469416,0.3968253968253968,3.0,2023-03-08,2023-06-07
BA,0.10869138541498002,0.028111738102662265,0.020179381362475032,0.40557181040741597,0.04611758147262796,0.06453084961312895,0.4801587301587302,9.0,0.042181532779236836,0.01682089374448631,0.013762933975588738,0.08514785454227614,0.02801625610208622,0.042465431960987954,0.4126984126984127,4.0,2023-03-08,2023-06-07
BAC,0.06479368430238541,0.01900075330932611,0.010602267636275357,0.3178193295093421,0.030231919211545943,0.036047624860695265,0.5396825396825397,9.0,0.07453350612658471,0.021597341773059317,0.015057273964966606,0.11689595151661003,0.033028394698620976,0.048276869590961335,0.5555555555555556,6.0,2023-03-08,2023-06-07
COST,0.07633131341470095,0.019816905231788647,0.015397520232462823,0.31402427048941806,0.02782871719532603,0.047930072114546134,0.5158730158730159,7.0,0.020963865177867986,0.011457330243275133,0.006762537154150963,0.05407119562354534,0.017419579948474283,0.019422910963870443,0.4126984126984127,4.0,2023-03-08,2023-06-07
CRM,0.07760616838103969,0.02936413277945846,0.016937854210147547,0.420353262187132,0.045114774797524036,0.05792307210964849,0.5198412698412699,6.0,0.03302997624080274,0.01671030334302207,0.011068246006618203,0.07901332644446135,0.022989398914574598,0.03362140376536957,0.3968253968253968,4.0,2023-03-08,2023-06-07
CVX,0.05043139166962529,0.02055375659469884,0.013608470767994126,0.2494892625013445,0.03134488447296986,0.04633905714884794,0.4603174603174603,5.0,0.03682834477755341,0.01567127653416323,0.010392478244106784,0.117983695423174,0.02030948179768315,0.03253929652703083,0.49206349206349204,4.0,2023-03-08,2023-06-07
DIS,0.08758083352359482,0.02285987467736488,0.01549507054648216,0.4088355158223548,0.03506785826525467,0.04759225441301215,0.5357142857142857,8.0,0.05554033413520677,0.019599186486117474,0.016162531097546944,0.14713007557184787,0.026629183386315636,0.04491718130589195,0.47619047619047616,4.0,2023-03-08,2023-06-07
EEM,0.04366208995804003,0.014424631154795186,0.008095484040641808,0.2674301985627625,0.022394340023345987,0.028377198747218463,0.5158730158730159,8.0,0.025020733338285445,0.009437135436106343,0.0055030938427314035,0.04357621991700067,0.015148634360330681,0.018381822365746675,0.5079365079365079,6.0,2023-03-08,2023-06-07
EFA,0.03687462721702624,0.013525816811639519,0.007651607573254117,0.24459449189063043,0.019087855759023845,0.027249993241323378,0.5,7.0,0.022907792951151293,0.009221390688912649,0.006363275819764248,0.04370787468178783,0.013748923061486885,0.01854636456384373,0.49206349206349204,4.0,2023-03-08,2023-06-07
GLD,0.034420319285700815,0.009600593108318308,0.006048922323450824,0.21032844203783396,0.016719118673426868,0.020542990891137196,0.5079365079365079,9.0,0.01397434823643131,0.010228256185551664,0.004990838655868324,0.054032810402256715,0.014569996735724799,0.016745207498686188,0.42857142857142855,3.0,2023-03-08,2023-06-07
GOOGL,0.07335912551379445,0.024864493849554414,0.015543313446421495,0.416457118119658,0.039913277579150676,0.053093866652582304,0.5317460317460317,6.0,0.028004243459246753,0.018708946160983345,0.009445875769984024,0.04739594862536001,0.02043025610030167,0.028289743154399166,0.4603174603174603,3.0,2023-03-08,2023-06-07
HD,0.05059564867462634,0.019249628711497182,0.01315085312773026,0.20756610757210558,0.03114114406744226,0.04401622944155549,0.4801587301587302,5.0,0.02814472519366108,0.01397759754703067,0.007942074128722703,0.06401663778439337,0.023359480978151305,0.025019457764044573,0.49206349206349204,4.0,2023-03-08,2023-06-07
HYG,0.023535128932844086,0.008216995948316173,0.005026670473060894,0.1202158897272233,0.01219544640516083,0.016725369766771532,0.5238095238095238,6.0,0.008359244697880177,0.004589221327017996,0.0019902963566381373,0.020290646780454225,0.005599983134384023,0.006392131903259823,0.5714285714285714,4.0,2023-03-08,2023-06-07
IEF,0.020726606843308133,0.006461212071093098,0.0035430097168048093,0.15986343405556402,0.010342616668426462,0.013002364531156937,0.5555555555555556,8.0,0.016839092631645503,0.006864763938627205,0.0033410898078661713,0.03491276074423044,0.009395976286600317,0.010844439119582133,0.5238095238095238,7.0,2023-03-08,2023-06-07
INTC,0.08029135344229595,0.024410268141632968,0.015594436176541547,0.5121010435613977,0.03728875648949505,0.054403722833923356,0.5317460317460317,7.0,0.053908368805648844,0.025890787042870303,0.012057427366342814,0.16881555412497073,0.026211226148956178,0.04120464031635512,0.5079365079365079,6.0,2023-03-08,2023-06-07
IWM,0.04754368849977582,0.016915580319736244,0.010376598680506628,0.22378766326233424,0.027496330071756576,0.035614491391940555,0.47619047619047616,7.0,0.02829630250431735,0.01441173340598,0.008702235889224582,0.058055264959836705,0.026760972381169222,0.027998977767145605,0.5079365079365079,3.0,2023-03-08,2023-06-07
JNJ,0.04326923467040814,0.01066233206307206,0.006895495565005281,0.15824106899931545,0.016763309864973673,0.023461737114073553,0.5198412698412699,10.0,0.02920326427607368,0.00990524505490863,0.006423005339312393,0.06378554574661155,0.014235022763212979,0.019110948661758193,0.5079365079365079,6.0,2023-03-08,2023-06-07
JPM,0.0420334859728602,0.017310045851710414,0.009401429041548818,0.2669226929095164,0.028773235724020498,0.03226279648313502,0.5079365079365079,6.0,0.04617353551045602,0.019234758727838013,0.01343674313796339,0.0721288694374339,0.02540689231576233,0.04124418261798904,0.47619047619047616,4.0,2023-03-08,2023-06-07
KO,0.03842724025478659,0.01219488567538712,0.009329724267774035,0.16655505654285174,0.01768133558030857,0.02852721068367385,0.4603174603174603,6.0,0.020044711366002246,0.006631352974795717,0.004109696113399931,0.07216186395065582,0.008451385381525256,0.012599713113938177,0.5079365079365079,7.0,2023-03-08,2023-06-07
LQD,0.02034411308262919,0.007803220727546173,0.004403487680222767,0.17084141773715433,0.012521629161885317,0.01528077218600936,0.5238095238095238,6.0,0.016782617999268917,0.005487756605808174,0.0034408806744532835,0.03667477280358644,0.00709851784343436,0.011059556698988587,0.5079365079365079,7.0,2023-03-08,2023-06-07
MA,0.06644638048822595,0.018628183726604134,0.011865425087183206,0.24960448942316005,0.03174631245934872,0.04058508394098015,0.5,9.0,0.02706848859577558,0.011875369409120061,0.007160975818988249,0.06887406128785878,0.018170379038304242,0.022405123268909755,0.5238095238095238,4.0,2023-03-08,2023-06-07
META,0.12401598641786345,0.039325176630471366,0.028185451458605328,0.6198640316584582,0.05209968496285995,0.0818485910696432,0.5,6.0,0.04287479563685607,0.02473254973112397,0.00979666029336765,0.0629372477588982,0.017579629950455054,0.02889344708271893,0.4444444444444444,7.0,2023-03-08,2023-06-07
MRK,0.029053831291780744,0.01293194763577382,0.008276290587100889,0.10362240736132933,0.018025849049187054,0.02708225820683516,0.42857142857142855,5.0,0.03410496121774836,0.011794402161998,0.00787416132011506,0.08253083587980115,0.01809091502781577,0.025598612431023682,0.49206349206349204,6.0,2023-03-08,2023-06-07
MSFT,0.07004753828542794,0.02206433330385448,0.01366668240357225,0.3176981460896495,0.03715168709632376,0.046231326900757805,0.5317460317460317,7.0,0.028070665240736935,0.01739821800644191,0.007921175376574796,0.05548671187975118,0.02212551510793741,0.025459694462903526,0.49206349206349204,4.0,2023-03-08,2023-06-07
NFLX,0.18685509534960007,0.040532201714899574,0.03393735706135898,0.5753917751223163,0.050688400201538183,0.08831734811238638,0.5277777777777778,8.0,0.041735900843941826,0.024992590956030014,0.010539368899985307,0.088233606073023,0.021776898036318715,0.03433996707070483,0.4444444444444444,6.0,2023-03-08,2023-06-07
NVDA,0.1038039027933033,0.03982799193993599,0.021969079956254668,0.6080154819109703,0.06083745548287556,0.07572264903390316,0.49206349206349204,7.0,0.03872434624127475,0.03789691712055392,0.011951958716442824,0.06562117752812768,0.02961963662082362,0.036899700777916544,0.4444444444444444,4.0,2023-03-08,2023-06-07
PEP,0.034687809357366914,0.012046718970675222,0.008947252413606546,0.11433306394402853,0.01958377109883616,0.027957456194726567,0.48412698412698413,5.0,0.021583761264036033,0.007999626989879627,0.0054504447636454624,0.07521819903479843,0.009332361398596523,0.015387237770895484,0.4444444444444444,6.0,2023-03-08,2023-06-07
PFE,0.049766163175074055,0.016116029440254243,0.009665738863684702,0.256822293396323,0.023472732911793536,0.03340776622623932,0.5317460317460317,7.0,0.034143058479555406,0.012636302861615822,0.005930556063446348,0.11761856177642982,0.016404300524702577,0.02010940547988216,0.5396825396825397,8.0,2023-03-08,2023-06-07
PG,0.056378502889347926,0.013446728546399543,0.01002747988214071,0.2377244660272404,0.020855596062328507,0.03193665443621486,0.5,9.0,0.0179693876323169,0.009311804619516946,0.005863027710720681,0.08986398305574905,0.01149551238334231,0.017366225417005554,0.4126984126984127,4.0,2023-03-08,2023-06-07
QQQ,0.055739841634545546,0.019554253090184867,0.011863819106919866,0.29561748517430353,0.03186586724503379,0.041940098589436633,0.5317460317460317,6.0,0.01777908630005569,0.011297824876531361,0.005330590248693946,0.03408861451157097,0.01399892385232121,0.016799612167279293,0.4603174603174603,4.0,2023-03-08,2023-06-07
SPY,0.04473645441064868,0.014814546277692025,0.009397733994268827,0.22094839134442357,0.024747349667624458,0.03320068090199527,0.5357142857142857,6.0,0.017214459995408167,0.008994846379249907,0.005161301938658533,0.025965896990861048,0.014155822482051305,0.0164499306108018,0.4603174603174603,4.0,2023-03-08,2023-06-07
T,0.049245051878322545,0.016232306299591017,0.010259385807983863,0.29229968287885333,0.022442327738964395,0.03238187011746127,0.48412698412698413,7.0,0.060403649912256434,0.019938107512085825,0.020973489552866816,0.2409818691740413,0.036561181611856765,0.05750965644136105,0.4444444444444444,3.0,2023-03-08,2023-06-07
TLT,0.03491046297502672,0.01284012098148492,0.006695789856321264,0.3203385386892007,0.020546918506835564,0.024613275416925467,0.5396825396825397,7.0,0.03157151233952752,0.011281592048301769,0.006365224262001517,0.07368416691289348,0.015996491686771364,0.02122289895346982,0.5079365079365079,7.0,2023-03-08,2023-06-07
UNH,0.036974769229403744,0.01514807655289852,0.010050681318310144,0.16911380374519436,0.025884705370052302,0.03263612908087169,0.45634920634920634,5.0,0.02906745233013751,0.013100547254910657,0.008202455683989422,0.09222198249271896,0.01922951339505975,0.0260831926860004,0.49206349206349204,4.0,2023-03-08,2023-06-07
V,0.06811435795972798,0.01751821801734972,0.010770074029986868,0.21837379532457846,0.03106118867381762,0.03693928935635552,0.49206349206349204,11.0,0.02348823076924944,0.011084840905429457,0.006420944919283357,0.056006302982695044,0.014841226017715014,0.021330104216152168,0.5079365079365079,4.0,2023-03-08,2023-06-07
VNQ,0.05092834002491562,0.01567705073517289,0.01001590687156674,0.31151083983891403,0.026038917178269748,0.032811324105509805,0.5238095238095238,7.0,0.03944290628460917,0.013502337645623369,0.009391168163002185,0.07166781193045713,0.02289094278995433,0.029611464070770005,0.5714285714285714,4.0,2023-03-08,2023-06-07
WMT,0.054141242895643676,0.01661441847759932,0.014824387935711959,0.2573968836540177,0.021998202554685167,0.04064838015991072,0.4523809523809524,5.0,0.012252958832647496,0.00693901903629369,0.0034035996757354153,0.04610748171711965,0.009717573382651423,0.010975508420978136,0.4444444444444444,5.0,2023-03-08,2023-06-07
XLB,0.045713452518282835,0.015538712790033372,0.009000359241237006,0.24716353258127122,0.02412307948345811,0.032154149752102894,0.4880952380952381,8.0,0.0278860251050378,0.012167867262554557,0.00786907234004594,0.08221195794144787,0.020930704657370902,0.025272126171840825,0.49206349206349204,4.0,2023-03-08,2023-06-07
XLE,0.0672729561756905,0.022064212985974715,0.01507611069674339,0.2604373271698406,0.03532923218478393,0.04824215868943343,0.4603174603174603,7.0,0.03554979166899231,0.017538202582605782,0.01083058169127006,0.1219766336374396,0.021177341006799244,0.03575914081865211,0.4444444444444444,4.0,2023-03-08,2023-06-07
XLF,0.04394785991239427,0.014535969094177224,0.008530709086073854,0.2254137198173214,0.024287235514429604,0.029238887469689997,0.5277777777777778,7.0,0.04809069470294229,0.014282563566111116,0.011068493225280368,0.07632668247061303,0.02630053649189934,0.034730658692902705,0.5396825396825397,5.0,2023-03-08,2023-06-07
XLI,0.036952043539744565,0.01348125005923846,0.008498568506967692,0.20158546333944571,0.021882245927266186,0.028680251148414302,0.49206349206349204,6.0,0.025532422299617972,0.011421085655195392,0.007430069981370309,0.04449478779389415,0.01886543797559507,0.021266756635169276,0.47619047619047616,4.0,2023-03-08,2023-06-07
XLK,0.05773069545230201,0.019999049353958166,0.011645411450365153,0.28347749601500927,0.03290318239769918,0.04183106024856648,0.5158730158730159,7.0,0.021492696260549254,0.012413593853629654,0.005287885587912912,0.04661922782699868,0.014724328729861702,0.01716097438244163,0.5079365079365079,5.0,2023-03-08,2023-06-07
XLP,0.03935725825193471,0.011016134245362245,0.008329578466017928,0.1630238073175878,0.017128610448038917,0.02556382856819311,0.49206349206349204,7.0,0.012675878717145397,0.006481949589520608,0.003521077421429277,0.06335514065843761,0.009139211537560865,0.011273019562220127,0.49206349206349204,4.0,2023-03-08,2023-06-07
XLU,0.03780009994944453,0.01348581439125436,0.009039454350816416,0.20715976495524946,0.02302353227946062,0.030046477154955127,0.46825396825396826,6.0,0.02726556022354363,0.010631335275995307,0.006816390055885907,0.08046323476085593,0.0192583116362239,0.021353659097589572,0.49206349206349204,5.0,2023-03-08,2023-06-07
XLV,0.02934747772040146,0.011598075534379573,0.007395098552561479,0.16061050760245943,0.018833642733191634,0.025363065445102858,0.49603174603174605,5.0,0.01644328370675592,0.007712491137542518,0.00417607205250944,0.06575256515457462,0.010926348239701688,0.013287240285244195,0.49206349206349204,5.0,2023-03-08,2023-06-07
XLY,0.06275151632606227,0.02086379769891233,0.013636693153074014,0.3360595934752951,0.03652293110206284,0.04655383709064765,0.5198412698412699,6.0,0.02601408645819739,0.012500477219240578,0.006813213120004078,0.04012301181322142,0.019385325361791005,0.021606205716181576,0.47619047619047616,5.0,2023-03-08,2023-06-07
XOM,0.07069581306711649,0.021690078684495233,0.014890143777872518,0.20508660271404866,0.036287277181881065,0.04816167130434497,0.4523809523809524,8.0,0.03815729760924469,0.018471369591435464,0.010767491388852118,0.1290632368250224,0.024131593617565127,0.03622072559284681,0.49206349206349204,4.0,2023-03-08,2023-06-07
AAPL,0.054224631542872416,0.021761949935044364,0.013934218065797893,0.28257016229722953,0.03736251653521826,0.04548147881026407,0.48412698412698413,5.0,0.014407120860160851,0.011578423524256773,0.004001978016711347,0.02763313913699672,0.009965338778732291,0.012988537576601566,0.49206349206349204,4.0,2023-04-06,2023-07-10
ABBV,0.04093896201908466,0.014395129230184265,0.010803337199480673,0.21915468713177721,0.02257482873906026,0.034745086681430136,0.4722222222222222,5.0,0.06888694062299848,0.014837208215844088,0.013916553661211813,0.19642213015575316,0.018712011309123346,0.03849702989755863,0.5555555555555556,6.0,2023-04-06,2023-07-10
AMD,0.11468356415389744,0.03623662048645127,0.022083820454601766,0.48485127071332534,0.05798607778355089,0.07554919898994618,0.5357142857142857,7.0,0.09165899313533286,0.03240358759325906,0.021217359522067793,0.16781484554123038,0.05067074548079263,0.06435589514342008,0.4444444444444444,7.0,2023-04-06,2023-07-10
AMZN,0.10133946645088587,0.030200345460349647,0.020107036994223386,0.48461789542775524,0.04905080719007418,0.06785196945499145,0.5238095238095238,7.0,0.032294681995546505,0.019830769902567037,0.011854198748365284,0.07075210949424715,0.031220652962671656,0.037199879344469416,0.4126984126984127,3.0,2023-04-06,2023-07-10
BA,0.10751235549787773,0.027876720059541872,0.02026522573868727,0.3770297705561483,0.0456443424503004,0.06453084961312895,0.4722222222222222,9.0,0.04015075950746586,0.015050498674827996,0.01203814658954003,0.07743805220150501,0.021085373198531744,0.03551212473652565,0.4603174603174603,4.0,2023-04-06,2023-07-10
BAC,0.06238589684233761,0.019606111200675163,0.011909658261734438,0.30373264750634676,0.0317614717235489,0.040554107475873735,0.5396825396825397,7.0,0.03995597796438346,0.016067560519034758,0.008648480078870877,0.11681937433740885,0.026894323513539032,0.029988693871271427,0.5238095238095238,6.0,2023-04-06,2023-07-10
COST,0.07576122464150713,0.01976311236717164,0.015407788741576351,0.31402427048941783,0.02782871719532603,0.047930072114546134,0.5119047619047619,7.0,0.02032503901633978,0.011058281876559783,0.006556464198819283,0.054071195623545565,0.016834601551403105,0.019406510308532715,0.4126984126984127,4.0,2023-04-06,2023-07-10
CRM,0.0762804820344928,0.028662879880798124,0.017061291075535903,0.3612687882310619,0.045114774797524036,0.05792307210964849,0.5079365079365079,6.0,0.03471099857184258,0.016249054863881507,0.0113254580878146,0.07901332644446157,0.02201757122187865,0.034105447777632136,0.4126984126984127,4.0,2023-04-06,2023-07-10
CVX,0.04971651848717325,0.020292806839838917,0.013415568480665796,0.24948926250134473,0.03134488447296986,0.045775280688976704,0.4603174603174603,5.0,0.0349612635848747,0.013246573117745807,0.008940711146043794,0.11798369542317444,0.0217547508690659,0.027808367689657137,0.5396825396825397,4.0,2023-04-06,2023-07-10
DIS,0.08729605898647873,0.02274369980211299,0.015578988988356206,0.36509015666568156,0.03506785826525467,0.04759225441301215,0.5317460317460317,8.0,0.06320769738536383,0.01813450004639573,0.015551100150367292,0.14713007557184798,0.024404826398971447,0.042878566132301704,0.5079365079365079,5.0,2023-04-06,2023-07-10
EEM,0.04303693140301175,0.013079565792731632,0.008077700971026818,0.24379360258296723,0.022212460191959583,0.028234501374877936,0.5079365079365079,8.0,0.025511699147910218,0.009516774326472126,0.005522012802577969,0.05046312396988384,0.015428573331376016,0.018554966899982955,0.5238095238095238,6.0,2023-04-06,2023-07-10
EFA,0.03786616058756885,0.013169815235206724,0.00785735403958517,0.2211726832201848,0.021176727952751127,0.028017189529115746,0.5,7.0,0.020107190316481626,0.008095874232334141,0.005405158687226244,0.04370787468178827,0.014535724700724461,0.015528180475791326,0.5079365079365079,4.0,2023-04-06,2023-07-10
GLD,0.03182657849599607,0.009693259319264552,0.005683317588570727,0.1809910602416842,0.015562644121271835,0.019347313764711216,0.5,9.0,0.017078281509955055,0.00750717372696549,0.004819268150957335,0.07010085030650604,0.012925559531518905,0.015269656367063206,0.49206349206349204,4.0,2023-04-06,2023-07-10
GOOGL,0.0732769956445344,0.02496587421243264,0.015525911789950244,0.3890060859890039,0.039913277579150676,0.053093866652582304,0.5317460317460317,6.0,0.031780621969333865,0.016541838206100116,0.009773802391362597,0.08530349945545779,0.02489535816363525,0.03061861414222905,0.5079365079365079,3.0,2023-04-06,2023-07-10
HD,0.05016169084871806,0.018813297383018,0.012839004205326647,0.18040394657914516,0.02699155105884149,0.042838576374504354,0.4880952380952381,5.0,0.029780964529907288,0.014227887191804373,0.008666418249443919,0.06401663778439337,0.023571318452879696,0.02619100895294188,0.47619047619047616,4.0,2023-04-06,2023-07-10
HYG,0.02344832607315928,0.008072495652633321,0.004965326441194736,0.10161061638031033,0.012056372625377194,0.016666250242612923,0.5277777777777778,6.0,0.008334676915147778,0.00370136496160613,0.0019182986550736946,0.02029064678045489,0.005467333664623264,0.006690572991955995,0.5396825396825397,5.0,2023-04-06,2023-07-10
IEF,0.017555052358153626,0.006703100345127116,0.0034831453091574652,0.11669707748723768,0.00991979290525707,0.012608418242933846,0.5238095238095238,7.0,0.015892905577494735,0.005417050482894273,0.0028380188531240604,0.05194466174326873,0.008146807575085003,0.010014938767190118,0.5714285714285714,7.0,2023-04-06,2023-07-10
INTC,0.07829276888337647,0.024747901353618703,0.015596169100274195,0.47011605556997005,0.03708405775252378,0.054403722833923356,0.5198412698412699,7.0,0.06571288744323772,0.026013538853615306,0.014223568710657514,0.15399144732995396,0.0376051507116695,0.04978794297958067,0.5238095238095238,6.0,2023-04-06,2023-07-10
IWM,0.04963408916321848,0.016931980034237,0.01058663608144045,0.1878024912857208,0.02857195613000802,0.03571327072799632,0.4880952380952381,7.0,0.021789449949582346,0.011975695299497376,0.005533828558624088,0.04687326091262356,0.015007815176335138,0.01910591117257457,0.49206349206349204,5.0,2023-04-06,2023-07-10
JNJ,0.04245854394636613,0.010884500653991434,0.006906589815275557,0.16597114197959084,0.016763309864973673,0.023322400642576506,0.5079365079365079,10.0,0.03305742203303242,0.007814349296316038,0.005962738461946684,0.06378554574661166,0.01423721116095229,0.01813278925090439,0.6031746031746031,6.0,2023-04-06,2023-07-10
JPM,0.047827720174358504,0.017823763210617294,0.010697397730195625,0.2225470023028665,0.02910642126880463,0.036219763647711796,0.5079365079365079,6.0,0.02111923495692386,0.014756416096950678,0.006518282394112303,0.051626430182510674,0.017565989246890134,0.01997077494201957,0.4444444444444444,4.0,2023-04-06,2023-07-10
KO,0.03678085498341591,0.011805694651511432,0.008862856622509858,0.16655505654285319,0.01710166223106349,0.026720666648360696,0.4642857142857143,6.0,0.02180622175523204,0.006721349480857376,0.004326631300641278,0.0721618639506556,0.010391393554013273,0.013997205091110798,0.5238095238095238,7.0,2023-04-06,2023-07-10
LQD,0.01936024275039813,0.007657088223774809,0.0042603708794166145,0.15076818722438967,0.011809220845414086,0.014524616654702265,0.5158730158730159,6.0,0.018126943526628664,0.005209522862954835,0.00323695420118369,0.03255766587223696,0.0075410372647981005,0.01069651157904769,0.5714285714285714,7.0,2023-04-06,2023-07-10
MA,0.0689711058992031,0.01803919399683564,0.01182752808078738,0.24960448942316027,0.03174631245934872,0.04058508394098015,0.5198412698412699,9.0,0.02258918049010509,0.011395153164960595,0.006772770164581772,0.06887406128785878,0.016536165565051886,0.021371382945545553,0.4603174603174603,4.0,2023-04-06,2023-07-10
META,0.12347512050572809,0.03917277764332919,0.028285245858996153,0.6020321739032699,0.05209968496285995,0.0818485910696432,0.49603174603174605,6.0,0.03798352227845567,0.022512162332775427,0.0084237650214317,0.0629372477588982,0.016062596854291834,0.0260247454293136,0.4603174603174603,7.0,2023-04-06,2023-07-10
MRK,0.03032985353095814,0.013396074734647531,0.008398106854189605,0.10362240736132822,0.01869007639678242,0.02796767850222425,0.4444444444444444,5.0,0.030255768020977868,0.010807160056860186,0.007203754290709016,0.08253083587980126,0.0171460268748568,0.02394215689766202,0.47619047619047616,6.0,2023-04-06,2023-07-10
MSFT,0.07018465881788613,0.021959500993226574,0.013809481480371113,0.28591144223410025,0.03715168709632376,0.046231326900757805,0.5277777777777778,7.0,0.026392909930026524,0.0165976202637237,0.007447734724522476,0.0560184190738513,0.019089767805777556,0.02380873617520246,0.49206349206349204,4.0,2023-04-06,2023-07-10
NFLX,0.18536909843943392,0.04045013689799974,0.0342333041989797,0.5483371916992351,0.050688400201538183,0.08831734811238638,0.5198412698412699,8.0,0.02352716274109272,0.021515866168358534,0.008635962514091574,0.08272914767481321,0.021776898036318715,0.02675358457971269,0.4126984126984127,3.0,2023-04-06,2023-07-10
NVDA,0.10259020761874832,0.038351072927411176,0.022221093250754016,0.5397750706376505,0.06083745548287556,0.07572264903390316,0.4801587301587302,7.0,0.04397676368777361,0.03804909754856607,0.012409668765509307,0.0724981908687018,0.02961963662082362,0.03853783761932844,0.49206349206349204,4.0,2023-04-06,2023-07-10
PEP,0.03371274836610739,0.011848350232133178,0.008762638960238229,0.11433306394402909,0.018464620032953658,0.027271583542430346,0.4801587301587302,5.0,0.02319371603138552,0.007912727533160531,0.0060243418263339005,0.0752181990347981,0.01325235176345776,0.018445304062025325,0.42857142857142855,6.0,2023-04-06,2023-07-10
PFE,0.04970338969447238,0.01570092852526832,0.009736055750245253,0.27034477901877896,0.023472732911793536,0.03340776622623932,0.5277777777777778,7.0,0.05453675028616776,0.01391112791048832,0.007781298117753465,0.14059714222706154,0.022559111358636464,0.02697466351619776,0.6190476190476191,8.0,2023-04-06,2023-07-10
PG,0.05307905629558833,0.01294034134714882,0.009742740839685396,0.2377244660272404,0.019552726159126066,0.03003243296727346,0.48412698412698413,9.0,0.021413707806159366,0.009457256718396735,0.006231502271633677,0.08986398305574905,0.01489882811961275,0.019719905175445168,0.47619047619047616,4.0,2023-04-06,2023-07-10
QQQ,0.05495252758679771,0.019070061517897488,0.011894486490648852,0.2616217442866823,0.03186586724503379,0.041940098589436633,0.5238095238095238,6.0,0.017101523751544737,0.010359275055099267,0.0051274409837082984,0.032651021735683905,0.013332640840798281,0.01571562005038643,0.4603174603174603,4.0,2023-04-06,2023-07-10
SPY,0.045040726116030744,0.014663874078352,0.00946165199105318,0.19876276787639902,0.024747349667624458,0.03320068090199527,0.5357142857142857,6.0,0.011578627596559834,0.007403719806897362,0.0035736504927653804,0.025965896990860826,0.007803531169624678,0.011541643936273938,0.4444444444444444,4.0,2023-04-06,2023-07-10
T,0.048014387272798685,0.01618792461392508,0.010124491243420776,0.2922996828788532,0.02166552776549429,0.03222848430949177,0.48412698412698413,7.0,0.07890620500328635,0.019645918820963854,0.019483013581058358,0.24098186917404107,0.036561181611856765,0.05750965644136105,0.5555555555555556,4.0,2023-04-06,2023-07-10
TLT,0.02768549778716885,0.01287089129136194,0.006673197673799663,0.26642781140811733,0.01958846802773,0.02416801365171021,0.5158730158730159,5.0,0.032544759575544695,0.009766852812170466,0.005811564209918697,0.06669399678218835,0.014773707389818303,0.019462792045600363,0.5714285714285714,7.0,2023-04-06,2023-07-10
UNH,0.03599246681694599,0.015269481263042636,0.009855080199878068,0.1691138037451939,0.02550652262780222,0.032488260692819945,0.4523809523809524,5.0,0.047509046270507824,0.014033759957099583,0.012568530759393603,0.12612340004937672,0.021008891579438128,0.03725131369101456,0.5238095238095238,4.0,2023-04-06,2023-07-10
V,0.06981483857935204,0.0169551665922278,0.010691266366110931,0.1919489271325071,0.03106118867381762,0.03693928935635552,0.5079365079365079,11.0,0.021252549893667715,0.01095714858657317,0.006746841236084989,0.056006302982695044,0.014104244871279592,0.02047211334149268,0.42857142857142855,4.0,2023-04-06,2023-07-10
VNQ,0.05506685004945459,0.016055829373164087,0.010512429873318853,0.31151083983891403,0.026713570826262738,0.034160693133114546,0.5396825396825397,7.0,0.024743348567797342,0.010714206749346053,0.006087649250807283,0.058823547978867574,0.015400214471833451,0.019738094624287994,0.5079365079365079,5.0,2023-04-06,2023-07-10
WMT,0.05415079526505438,0.01650164340977388,0.014827003465431556,0.25739688365401747,0.021998202554685167,0.04064838015991072,0.4523809523809524,5.0,0.018979654358888154,0.007416810908673312,0.0049708618558992786,0.046107481717119536,0.010264979980302336,0.015278763023912234,0.47619047619047616,5.0,2023-04-06,2023-07-10
XLB,0.04744118586289397,0.015752079324871597,0.009195712155963879,0.24716353258127,0.025847993653686025,0.032746338341155784,0.49603174603174605,8.0,0.02089732210486799,0.010567848936927892,0.005896951563983912,0.08221195794144842,0.015275753852593532,0.01957050000299493,0.49206349206349204,4.0,2023-04-06,2023-07-10
XLE,0.06651328286806141,0.022138082402381458,0.015126692816939595,0.2604373271698406,0.03532923218478393,0.04955604826314351,0.4523809523809524,7.0,0.029243863992725095,0.01376455438945619,0.008647379137633764,0.12197663363743949,0.022031603765308792,0.028235256289274924,0.4603174603174603,4.0,2023-04-06,2023-07-10
XLF,0.045362924310786146,0.015032936594511014,0.009523067352574674,0.19209164252216504,0.0255248816109451,0.03220972524766386,0.5317460317460317,6.0,0.0251636111317979,0.009437229757544744,0.005265113440275174,0.056519014571238424,0.012709297162236188,0.016427978286496836,0.5396825396825397,6.0,2023-04-06,2023-07-10
XLI,0.037903209922972504,0.013741889239912443,0.008648686074419657,0.1799707039001105,0.0226251605974467,0.028887779320530747,0.49603174603174605,6.0,0.01748895638084784,0.009510767337362945,0.0053281766751686966,0.04203746222702209,0.013475295257483366,0.01613039421136378,0.4444444444444444,4.0,2023-04-06,2023-07-10
XLK,0.057202843927910384,0.01951936719915191,0.011728096307971045,0.24208168346613557,0.03290318239769918,0.04183106024856648,0.5079365079365079,7.0,0.019675111447083834,0.011684076998855764,0.004840702022695229,0.039164343077549346,0.0143758095425074,0.01646434358211704,0.5079365079365079,5.0,2023-04-06,2023-07-10
XLP,0.03879514173764976,0.01084245139860486,0.00814646660165595,0.16302380731758792,0.016993628886390156,0.0247960357192321,0.49603174603174605,7.0,0.014976717718285055,0.006016026824799927,0.003757599427526716,0.06335514065843817,0.00841939837925113,0.012017235881829819,0.5396825396825397,4.0,2023-04-06,2023-07-10
XLU,0.037212925818349174,0.013865325777065327,0.008966970076710644,0.20715976495524935,0.02302353227946062,0.030046477154955127,0.4642857142857143,6.0,0.028772799642915584,0.008441777764886225,0.006131908120621353,0.08046323476085593,0.014571472111627482,0.018769783552638752,0.5555555555555556,5.0,2023-04-06,2023-07-10
XLV,0.028979847621360896,0.011479427506126592,0.007302461603001654,0.16061050760245943,0.0179413627644023,0.025202712369536733,0.49603174603174605,5.0,0.017142623825678674,0.006815918647763838,0.0038094719612619273,0.0657525651545744,0.010622427746903551,0.011871058852007954,0.5555555555555556,5.0,2023-04-06,2023-07-10
XLY,0.0647283472281699,0.02047592625404335,0.013714626268916839,0.30937652355380196,0.03652293110206284,0.04655383709064765,0.5317460317460317,6.0,0.01816908851912364,0.010962365158621675,0.00547956637878332,0.030300631544858625,0.015142319831733008,0.016707512653544587,0.3968253968253968,5.0,2023-04-06,2023-07-10
XOM,0.06601362915138523,0.021457317432611547,0.014004722912152847,0.20508660271404888,0.0343923745082435,0.04588621651299711,0.44841269841269843,8.0,0.03528454497814278,0.014477129870609756,0.009956838089070273,0.1290632368250224,0.02413512350871916,0.03311420749359656,0.49206349206349204,4.0,2023-04-06,2023-07-10
AAPL,0.05210124972040728,0.02100060848787701,0.013284780805203449,0.2825701622972293,0.036982376100268735,0.04406522706216684,0.4880952380952381,5.0,0.032337602722013165,0.010900879853262803,0.008866762036681028,0.08959032402932732,0.014724996404222446,0.023979680682912285,0.4444444444444444,5.0,2023-05-08,2023-08-08
ABBV,0.04249854972413649,0.014078849649714094,0.011130572546797652,0.12867189171260285,0.021562025468668117,0.0341630624472407,0.47619047619047616,5.0,0.032784571124436994,0.013201402919992954,0.0068596865989081724,0.09949029163189138,0.017314918975678894,0.022653282812637676,0.5396825396825397,6.0,2023-05-08,2023-08-08
AMD,0.11572696426277415,0.03556778980366355,0.022668960463159613,0.484851270713326,0.05798607778355089,0.0779512283356517,0.5277777777777778,7.0,0.07963195150466562,0.03046060655878089,0.019486654799422142,0.16781484554123094,0.05292293100000519,0.05923376747858192,0.4126984126984127,7.0,2023-05-08,2023-08-08
AMZN,0.08082608052143271,0.028451506516408116,0.016838766775298483,0.43486669163776615,0.047633196015427585,0.05861028612180325,0.5,7.0,0.02848566715409422,0.020167187176251874,0.01045604845934014,0.05326541579016364,0.020088797964766668,0.03230777264628806,0.4126984126984127,3.0,2023-05-08,2023-08-08
BA,0.07215889641720341,0.02698966285890941,0.019900965480141416,0.2963737764837481,0.042930766010498084,0.06250338323992168,0.44841269841269843,5.0,0.04049721509802017,0.018083868013094147,0.009203912522277312,0.07289219206735775,0.020874445563221388,0.02857097364245831,0.49206349206349204,6.0,2023-05-08,2023-08-08
BAC,0.06180193516787493,0.019405054164110404,0.01190077104826277,0.2891534467353465,0.031055073443171387,0.040240221169045805,0.5357142857142857,7.0,0.02401413224284785,0.014989200245878872,0.006480003938546245,0.05868375995998043,0.01866631754397763,0.02171749482014801,0.4603174603174603,5.0,2023-05-08,2023-08-08
COST,0.06929412110332242,0.018790927060321254,0.014723850433640887,0.19601634545614943,0.024653695356585258,0.04342300156210488,0.4880952380952381,7.0,0.015077122675931653,0.009506274537740757,0.0050522986039277145,0.04227590079634658,0.010418234523675362,0.01483504835035529,0.3968253968253968,4.0,2023-05-08,2023-08-08
CRM,0.07007530717923131,0.02724500330163865,0.016179003100544025,0.3293773455302603,0.03930921775079743,0.054472559577692654,0.49206349206349204,6.0,0.045107650209980955,0.017152305800387055,0.011455911164439607,0.09723934104058918,0.02608715713215174,0.0352192282343399,0.49206349206349204,5.0,2023-05-08,2023-08-08
CVX,0.04950065428105316,0.0197878345348004,0.013259103825282096,0.24948926250134462,0.03084755517337267,0.0455002985418843,0.4642857142857143,5.0,0.028513006905633215,0.012812066111837266,0.007291686069341827,0.05305657268299813,0.021546369102686813,0.023283080643592274,0.5396825396825397,4.0,2023-05-08,2023-08-08
DIS,0.08350272031259486,0.022474908458184936,0.015226515043209907,0.32642436930577734,0.0343266761252402,0.04600662580966194,0.5238095238095238,8.0,0.0615183857457804,0.016803389784207534,0.016111958171513913,0.164611534936546,0.025311693210662213,0.04455055465067509,0.47619047619047616,5.0,2023-05-08,2023-08-08
EEM,0.03432157129181524,0.012744535210065635,0.00780035711177619,0.2055181738763413,0.021428903011502843,0.0270966915080017,0.49603174603174605,6.0,0.025288867827932174,0.010610741872148048,0.006021159006650518,0.05046312396988395,0.015428573331376016,0.019841155285062417,0.5238095238095238,5.0,2023-05-08,2023-08-08
EFA,0.03645132537387898,0.01277387368368016,0.007654778328514587,0.1971611325167596,0.017237660707290096,0.026353879820676787,0.49206349206349204,7.0,0.020249169690198278,0.008594958951168689,0.005535487305080657,0.04323583832091338,0.01465228015013902,0.016535966953370035,0.5079365079365079,4.0,2023-05-08,2023-08-08
GLD,0.030944790412999967,0.009729440424294526,0.005569711426376128,0.13789763250429976,0.015475236861930664,0.019104758136050462,0.49603174603174605,9.0,0.016849910270253295,0.006752903183664865,0.004457648219643728,0.06311505483501056,0.012450508758421564,0.013982932438951434,0.5238095238095238,4.0,2023-05-08,2023-08-08
GOOGL,0.07092150959156497,0.024009582886032756,0.015155266446585776,0.3165956507711264,0.036104076205561914,0.05227724649956412,0.5277777777777778,6.0,0.03246375818151267,0.018051823422737624,0.010019678451084155,0.08530349945545834,0.024006521745097664,0.02998359691741226,0.4444444444444444,4.0,2023-05-08,2023-08-08
HD,0.047315884891729686,0.017902578773136238,0.012298374842890057,0.18040394657914538,0.025310310739553216,0.03964860502799982,0.4801587301587302,5.0,0.019794225740427968,0.012617310904724937,0.007854851484296812,0.037355844855560094,0.02086425953266132,0.024111658305965983,0.4444444444444444,2.0,2023-05-08,2023-08-08
HYG,0.02324977439298511,0.007839627306855721,0.004923281908700753,0.09762286456251723,0.011521356314467417,0.016178326608433366,0.5277777777777778,6.0,0.00831881711293068,0.004144370620880509,0.0022447601733305007,0.016574898384170034,0.0070110885074076475,0.007374598763846052,0.4603174603174603,5.0,2023-05-08,2023-08-08
IEF,0.017908640829163668,0.006766885413126782,0.0035533017518181885,0.11669707748723779,0.009979288738991454,0.01274232748708695,0.5238095238095238,7.0,0.01319642997038083,0.005112561572118467,0.0027056172558320487,0.053268087411375786,0.0079486817135077,0.00932115775957812,0.5079365079365079,7.0,2023-05-08,2023-08-08
INTC,0.07580011708965323,0.02423081793489188,0.014722134295301177,0.43593242771873586,0.03529083832362819,0.05183468740262219,0.5317460317460317,7.0,0.04476276722649655,0.027151405481565926,0.015986702580891625,0.12427812508160563,0.03921370476171661,0.050217227988634344,0.42857142857142855,3.0,2023-05-08,2023-08-08
IWM,0.04723281261343338,0.01641229217440508,0.010230652202975815,0.17929476017971835,0.027496330071756576,0.034386931206586244,0.4801587301587302,7.0,0.017369867155085785,0.011048682826315258,0.00441139483303766,0.0391635411332345,0.01358013075400577,0.01484706098808053,0.49206349206349204,5.0,2023-05-08,2023-08-08
JNJ,0.04386287072167553,0.010507926349046123,0.007135026970725885,0.15596996972491617,0.016763309864973673,0.024017677833213933,0.5079365079365079,10.0,0.034497607809368655,0.011587174604569797,0.007467014677352522,0.04552583778176966,0.012917207177119671,0.0204618617397766,0.5238095238095238,6.0,2023-05-08,2023-08-08
JPM,0.0452883921667569,0.01788622291873163,0.01045619443965527,0.21513872961710456,0.02681603162521438,0.03557766750710296,0.49206349206349204,6.0,0.013433632875098448,0.010507730324973298,0.004383107728206725,0.03259807650361357,0.011295082677792579,0.014410238504046297,0.4126984126984127,4.0,2023-05-08,2023-08-08
KO,0.036687991384946106,0.011287203892413934,0.00877350651958368,0.16339598158691504,0.01655966727714688,0.026087854291960946,0.46825396825396826,6.0,0.022237437852846237,0.007915492434150424,0.004412190050167904,0.06941217238691855,0.011185311606655169,0.01514182362046368,0.5238095238095238,7.0,2023-05-08,2023-08-08
LQD,0.018855755875291827,0.007466420600482705,0.004217376855224002,0.12885552139117862,0.011809220845414086,0.014586737673607587,0.5079365079365079,6.0,0.01660579096641343,0.005421492746033216,0.0032947997949232997,0.03078180997205393,0.008978625660015583,0.010317385494637954,0.5238095238095238,7.0,2023-05-08,2023-08-08
MA,0.06336036909970777,0.016711005345057928,0.011134758742012139,0.21907499486089166,0.027603183406970787,0.03845032396730704,0.5079365079365079,9.0,0.024792056427380457,0.011199337017446796,0.006995994759049159,0.06887406128785856,0.0182913632336671,0.022149158487828363,0.49206349206349204,4.0,2023-05-08,2023-08-08
META,0.13203008421116152,0.03728136388036391,0.02772457125465859,0.5636746527841566,0.049455353886588026,0.07771129754493328,0.49603174603174605,7.0,0.03073227275789835,0.018077909013599038,0.011462642056877408,0.07721273900900072,0.02717653636878975,0.03331609515298797,0.3968253968253968,3.0,2023-05-08,2023-08-08
MRK,0.03051082361546381,0.012945861572231088,0.008691330233090289,0.10362240736132855,0.01869007639678242,0.028551040093613984,0.42857142857142855,5.0,0.027928938010280686,0.011328810209231275,0.005937970691335335,0.10346455813496191,0.0171460268748568,0.021654988888746757,0.5238095238095238,6.0,2023-05-08,2023-08-08
MSFT,0.06732815232524085,0.02131612184506213,0.013136114375625695,0.2683928074559737,0.03182522777497875,0.04432670873850724,0.5317460317460317,7.0,0.02593428757883583,0.015571026107971547,0.009004960964873552,0.0930205325468827,0.022896472751835473,0.02947739883583625,0.4444444444444444,3.0,2023-05-08,2023-08-08
NFLX,0.0939790275525365,0.03256912871148281,0.018072889913949324,0.20437009653165894,0.046729789476304386,0.06255436874306652,0.5,8.0,0.04407304939626264,0.024377806447135792,0.016177607417278944,0.13488552273670307,0.02265821023895621,0.04006493294422553,0.4126984126984127,3.0,2023-05-08,2023-08-08
NVDA,0.09700224758412344,0.036609882508048856,0.02165228740717041,0.4266684444795492,0.0576945962181892,0.0744051587147707,0.4642857142857143,7.0,0.04869771687315962,0.03828288881390626,0.013741860140574142,0.0724981908687018,0.032806305943688864,0.04383111915678026,0.49206349206349204,4.0,2023-05-08,2023-08-08
PEP,0.03181029907611503,0.01118350558084594,0.008394384478419243,0.10408690127262687,0.01682478099081936,0.025447324327843298,0.4722222222222222,5.0,0.024887670105499762,0.009281551909620624,0.0061052004587806045,0.0752181990347981,0.014905924963403793,0.019242081736276617,0.4603174603174603,6.0,2023-05-08,2023-08-08
PFE,0.04792041134522953,0.014784071430053954,0.009307251207489799,0.29183243900503464,0.022371220881843835,0.03214401416559477,0.5317460317460317,7.0,0.052056285050942064,0.014192885041883721,0.008073245200208136,0.12140162653518338,0.022559111358636464,0.02697466351619776,0.5873015873015873,8.0,2023-05-08,2023-08-08
PG,0.05234702415056741,0.012630709530737678,0.009831825822246584,0.20151646129294587,0.019552726159126066,0.03003243296727346,0.4722222222222222,9.0,0.020111286220313305,0.009488755410622303,0.006384535308035969,0.08659693694363468,0.014930245286664345,0.019719905175445168,0.42857142857142855,4.0,2023-05-08,2023-08-08
QQQ,0.051149513878893584,0.017938239576704335,0.011071323350409865,0.21648311304831336,0.02920131826552576,0.0386381236280795,0.5238095238095238,6.0,0.020732587560878216,0.010272611428611415,0.006398946778048831,0.035619673684617714,0.013605575305016182,0.01889732243702094,0.4444444444444444,4.0,2023-05-08,2023-08-08
SPY,0.04122017350665942,0.01389128439781591,0.008733720210574343,0.1668032644055537,0.020852430004881756,0.030356358108857447,0.5317460317460317,6.0,0.009703177813767628,0.006473472819846172,0.0031300573592798796,0.023984857948231686,0.007528441565573851,0.010130983605785682,0.4126984126984127,4.0,2023-05-08,2023-08-08
T,0.06328501809009589,0.0166163619860394,0.013078053133537961,0.2922996828788531,0.022442327738964395,0.038485117396734075,0.49603174603174605,7.0,0.05988319420172567,0.01973078446104847,0.015024457326597837,0.19660756052856276,0.03670757420271655,0.049002307802857276,0.5396825396825397,4.0,2023-05-08,2023-08-08
TLT,0.027621391016285454,0.012893093626296944,0.00671276833463511,0.22678807323902683,0.01925777622246615,0.024231722431848877,0.5119047619047619,5.0,0.027751889603986207,0.009159533136791671,0.005689871545790823,0.09060926816424286,0.016232634021823057,0.019239870906670897,0.5079365079365079,7.0,2023-05-08,2023-08-08
UNH,0.03585862698089989,0.014980511340226047,0.009889581647510087,0.16528208851780457,0.024822853945816972,0.032696908634588406,0.44841269841269843,5.0,0.042932499898378114,0.01623787659598837,0.011736397679450807,0.10006805521868933,0.01678314008883356,0.03157749904353993,0.5079365079365079,4.0,2023-05-08,2023-08-08
V,0.06206763710447927,0.01548836043527407,0.009582155130671599,0.18186428671076504,0.024683722823107317,0.0330180931146199,0.503968253968254,11.0,0.01713549565074459,0.009917468530898704,0.005742053216298892,0.05380994124306493,0.013170172578608308,0.01782541410836716,0.3968253968253968,4.0,2023-05-08,2023-08-08
VNQ,0.05197475822839892,0.01564017268579881,0.010008419579173764,0.24640398755391013,0.026038917178269748,0.03265239792797285,0.5357142857142857,7.0,0.025779317294682927,0.010016171662256759,0.006342530445517228,0.05485231666279422,0.014262066450850342,0.020626998497115134,0.5079365079365079,5.0,2023-05-08,2023-08-08
WMT,0.05414387092552245,0.016129113001743686,0.01493253583065004,0.2182276322515132,0.021998202554685167,0.04064838015991072,0.44841269841269843,5.0,0.01922046228788124,0.007657633060376357,0.005186473950698112,0.046107481717119425,0.010264979980302336,0.015278763023912234,0.4603174603174603,5.0,2023-05-08,2023-08-08
XLB,0.045893619273758395,0.015289397563811058,0.008825696014184306,0.22640327211776334,0.02412307948345811,0.03136941686253317,0.5,8.0,0.017620664791539453,0.01006043506455484,0.005283091736440399,0.04748595654609755,0.013422340465636895,0.017538547146171618,0.4603174603174603,4.0,2023-05-08,2023-08-08
XLE,0.06796304527967467,0.021657771361085005,0.01506514170366122,0.26043732716984047,0.036266888678178406,0.05016152069269196,0.4642857142857143,7.0,0.02201103658789898,0.012399484642945702,0.007375832366315355,0.04978214519398805,0.021919788506728852,0.02396856685092122,0.3968253968253968,4.0,2023-05-08,2023-08-08
XLF,0.04265208485621128,0.014622698642629897,0.009073261687594036,0.16270271389130864,0.024287235514429604,0.030814338448767593,0.5277777777777778,6.0,0.016553632720098,0.00809362222266346,0.003762189254567727,0.029932857927102652,0.010465536972738231,0.01197151992417178,0.49206349206349204,6.0,2023-05-08,2023-08-08
XLI,0.03644223337546152,0.013410927237017676,0.00841379125551781,0.17202291713149132,0.02069549224628216,0.027962758893019673,0.49206349206349204,6.0,0.013136482622201674,0.008478653146496203,0.004002154203896567,0.031693499664646074,0.011873346346261549,0.013025479726445827,0.4444444444444444,4.0,2023-05-08,2023-08-08
XLK,0.05419083960256122,0.01846578807429592,0.010931353226707123,0.22903278246234493,0.028701528811480793,0.039053979296066625,0.5158730158730159,7.0,0.020517952421276762,0.011571648677314068,0.006151767039888976,0.05514261873109072,0.014793775220398764,0.018612955785229784,0.4603174603174603,4.0,2023-05-08,2023-08-08
XLP,0.03732261054951239,0.010313629563257425,0.00786847865170663,0.13254852185043653,0.015679668771783187,0.023823838419304893,0.49206349206349204,7.0,0.015087436165173706,0.006155979500647765,0.003858339054585868,0.058739918734056595,0.009833837997366224,0.012391636352862723,0.5396825396825397,4.0,2023-05-08,2023-08-08
XLU,0.03746210757309809,0.013578146804333197,0.009095400341770803,0.20715976495524946,0.022778408964826663,0.029547574793089344,0.4603174603174603,6.0,0.029275080769290602,0.009484350181997109,0.006202347620612415,0.07237606354492598,0.014759378036799543,0.01935066437502711,0.5396825396825397,5.0,2023-05-08,2023-08-08
XLV,0.026387144659342197,0.010734198070570725,0.006649141610588212,0.11019699731275912,0.01632578853899494,0.022606586171899385,0.49603174603174605,5.0,0.014514807558899652,0.0069177077395250796,0.0033407096762546815,0.045488650142539555,0.01003499527002526,0.010771817619195989,0.5396825396825397,5.0,2023-05-08,2023-08-08
XLY,0.05871017857953053,0.019442210755612737,0.01265213917233635,0.2665137832095136,0.03385133831153724,0.042501992983360645,0.5238095238095238,6.0,0.023541240997325245,0.010867494148063764,0.0074734098404207125,0.04678762712927009,0.012733716462186661,0.020232272313188582,0.36507936507936506,5.0,2023-05-08,2023-08-08
XOM,0.06789556702745855,0.021138792544216783,0.013989471228185143,0.20508660271404855,0.03549662780801929,0.04630332991891854,0.4642857142857143,8.0,0.029694420926388475,0.013625110918535457,0.009164944730366813,0.07011888416978607,0.022462744376763353,0.02973788597600055,0.4444444444444444,4.0,2023-05-08,2023-08-08
AAPL,0.04739165405007586,0.01952126920648739,0.01213226343681942,0.28257016229722987,0.032667552876471134,0.040915079612577405,0.48412698412698413,5.0,0.03944750139179521,0.013348108061155705,0.01127071468337006,0.11308237340716165,0.02527889004118321,0.034808266472876354,0.42857142857142855,5.0,2023-06-07,2023-09-07
ABBV,0.047674887548262455,0.014254447284396824,0.011351163701967251,0.19078243630789382,0.022388725185787984,0.03502555850696874,0.47619047619047616,6.0,0.015057110791095035,0.011710333252734491,0.004381698907461518,0.044215026874810714,0.012782759067325556,0.014852340287875188,0.47619047619047616,4.0,2023-06-07,2023-09-07
AMD,0.10784986054604982,0.03476198233548071,0.02202113686448228,0.4686550220808947,0.053695758435784446,0.07473608987889595,0.5079365079365079,7.0,0.08976822687177519,0.026395599230938437,0.018998566533709037,0.2120133049929389,0.05150715938309177,0.06257543369284715,0.49206349206349204,7.0,2023-06-07,2023-09-07
AMZN,0.07706088382621856,0.027395944771692413,0.016181766279645765,0.4348666916377658,0.042575256450440246,0.0560370311938477,0.49603174603174605,7.0,0.031187500637477415,0.01853288197190551,0.009075727698736812,0.07298554910504007,0.02060923779707633,0.02852607793835002,0.47619047619047616,4.0,2023-06-07,2023-09-07
BA,0.061870036951425414,0.02442279618946133,0.017677153414692975,0.2963737764837482,0.03795295504789423,0.055697970454718554,0.42857142857142855,5.0,0.05821285968099404,0.019010536338730937,0.011523073397264215,0.09545741037945155,0.027423023527869204,0.03557642361594837,0.5555555555555556,6.0,2023-06-07,2023-09-07
BAC,0.06023724423714857,0.01909545723927955,0.011899455617896215,0.2891534467353465,0.031055073443171387,0.040240221169045805,0.5238095238095238,7.0,0.031457202115838696,0.013923107476502489,0.007739470361833331,0.13125844118705554,0.021674213826453792,0.02639623815836989,0.5079365079365079,5.0,2023-06-07,2023-09-07
COST,0.04972637306503662,0.015834234253630973,0.01073112300540299,0.19601634545614832,0.021903928416761285,0.03532606355040232,0.4801587301587302,7.0,0.01660603767591019,0.00837176947195097,0.005857508880391602,0.05909063067730691,0.010418234523675362,0.017448581411412672,0.36507936507936506,4.0,2023-06-07,2023-09-07
CRM,0.06907951137341706,0.02594882235629653,0.01644750270795644,0.3293773455302602,0.04106547946815303,0.05503694742224057,0.47619047619047616,6.0,0.03427919970692676,0.015734979639188316,0.008977885637528438,0.13026407673329476,0.02236732169637772,0.02748721755185507,0.47619047619047616,5.0,2023-06-07,2023-09-07
CVX,0.0474350775719224,0.019284458633919567,0.012235238262599032,0.2494892625013445,0.02987986607195406,0.04270184463230417,0.48412698412698413,5.0,0.02663928321831987,0.011572061829027968,0.007752172365119539,0.04954798889689149,0.021332499965014007,0.02471528178264157,0.47619047619047616,4.0,2023-06-07,2023-09-07
DIS,0.07449170352117328,0.02240981060272164,0.016322883241691354,0.32642436930577734,0.032903962643155996,0.0491682765107661,0.5158730158730159,6.0,0.05028143183047806,0.014386217724020108,0.010157865016258195,0.14150249930806524,0.02931245101927521,0.033550298332256756,0.5555555555555556,6.0,2023-06-07,2023-09-07
EEM,0.03402298458582508,0.012312559524726369,0.007485056608881518,0.203483745156682,0.019358596807377813,0.026187357612631683,0.5119047619047619,6.0,0.023785756670389287,0.01009854215671351,0.005852051244302127,0.0846245289435188,0.014684444163067389,0.01963445273831002,0.5079365079365079,5.0,2023-06-07,2023-09-07
EFA,0.03585168343927222,0.012345305302373936,0.007289842299318684,0.1912135058826513,0.01682690897568729,0.02481200561872377,0.5079365079365079,7.0,0.025235821707242614,0.008164326362677204,0.005365387313123428,0.06312092227104948,0.013664403667487713,0.016299985731026395,0.5238095238095238,6.0,2023-06-07,2023-09-07
GLD,0.031366001218177036,0.009674782010911358,0.005601071646103043,0.13355103961978732,0.015402389690588813,0.019104758136050462,0.5,9.0,0.01345276221450277,0.0056847628997849136,0.003495789464342117,0.045570834652530534,0.009741450495272396,0.011586093279548043,0.5238095238095238,4.0,2023-06-07,2023-09-07
GOOGL,0.06857982142030372,0.023688411973602684,0.015027450908831492,0.31659565077112684,0.03346250091621835,0.05097049133212708,0.5158730158730159,6.0,0.028004031711794206,0.015979016246364077,0.008643219664134014,0.06907018050151159,0.02294333400271139,0.026335876782301898,0.4444444444444444,4.0,2023-06-07,2023-09-07
HD,0.04501754012156181,0.017523781837861168,0.011700987610961501,0.18040394657914527,0.02502381041207206,0.03731476826951042,0.4801587301587302,5.0,0.016661051968197563,0.00978630853437184,0.007367131822672392,0.03735584485555998,0.01556306335114085,0.021118121653797062,0.38095238095238093,2.0,2023-06-07,2023-09-07
HYG,0.023029582195688816,0.007653152492947206,0.004918694992507469,0.09448921618485084,0.011521356314467417,0.016178326608433366,0.5238095238095238,6.0,0.009276449161870504,0.003936622802601434,0.0022086783718739296,0.016619272143536867,0.006423491729312647,0.007253089597662243,0.47619047619047616,6.0,2023-06-07,2023-09-07
IEF,0.018338354691092296,0.006702807646403291,0.0035172770240851623,0.11669707748723768,0.009840547177130555,0.01269721662058887,0.5396825396825397,7.0,0.01238079380996213,0.0051252424832685765,0.0027691530166581964,0.04014567412814685,0.007900175885246729,0.009315235356963936,0.5079365079365079,6.0,2023-06-07,2023-09-07
INTC,0.07580373933391556,0.025048401455080322,0.01497451026018584,0.418957327055412,0.03766113594766964,0.05332117974084657,0.5238095238095238,7.0,0.03773540158022103,0.024574700849152954,0.014974365706436916,0.12427812508160563,0.03746775064393659,0.04449006063982208,0.36507936507936506,3.0,2023-06-07,2023-09-07
IWM,0.04502938933711834,0.01585237486175313,0.00967893620010811,0.17929476017971824,0.02705325888997358,0.032654539557946935,0.48412698412698413,7.0,0.021721207499767987,0.009319375914572879,0.00517171607137333,0.07795292503830342,0.013809686941135713,0.01652490973170745,0.5238095238095238,5.0,2023-06-07,2023-09-07
JNJ,0.044303507892577226,0.010287570948246654,0.007147632606669127,0.15596996972491595,0.016235439255307495,0.023856988778178306,0.5119047619047619,10.0,0.03207410392585119,0.012702930000212975,0.00848521267879661,0.08781963115302172,0.01439884281497773,0.025197576398909544,0.5238095238095238,4.0,2023-06-07,2023-09-07
JPM,0.04447571945366643,0.017283379026030044,0.010429010694402299,0.20210507758462293,0.02681603162521438,0.03557766750710296,0.48412698412698413,6.0,0.020808902854766657,0.010130255753864876,0.006239000855926511,0.09037962802773047,0.013302110216343277,0.019714058095900072,0.4603174603174603,4.0,2023-06-07,2023-09-07
KO,0.031151170094201708,0.01005872457078034,0.006515890665621174,0.1599730443946641,0.015817522581527375,0.021786215192726097,0.49206349206349204,7.0,0.017562180791579014,0.007032057593240803,0.0037168636595934427,0.07486124691759466,0.01042583804955608,0.012347693639300744,0.49206349206349204,7.0,2023-06-07,2023-09-07
LQD,0.02158757499481817,0.00738861541056768,0.004247555265184131,0.12885552139117862,0.011809220845414086,0.014586737673607587,0.5277777777777778,7.0,0.014259309298706222,0.005680163880020121,0.0031893116036067304,0.04308078445410746,0.008859548923352866,0.010317385494637954,0.5079365079365079,6.0,2023-06-07,2023-09-07
MA,0.06098953684161742,0.016064933711475778,0.010545243048012081,0.21907499486089166,0.027603183406970787,0.03636753929906005,0.5158730158730159,9.0,0.015875707864527754,0.008821823704424534,0.0050399072585802385,0.036488254284748556,0.010460488317239603,0.014806934965500979,0.42857142857142855,4.0,2023-06-07,2023-09-07
META,0.13007706736841837,0.036290854551271325,0.027423286115187802,0.5478539245054861,0.046265807612963346,0.07527673975553892,0.49206349206349204,7.0,0.03671464789080515,0.01905316264712826,0.011007919120699955,0.12974693938906023,0.02717653636878975,0.034197291309832706,0.4603174603174603,4.0,2023-06-07,2023-09-07
MRK,0.03425127915396715,0.013004014809215682,0.008683772331683087,0.10362240736132888,0.01988665493604176,0.029220059347151994,0.44047619047619047,6.0,0.020118107644132802,0.012398080044871218,0.006129172579753721,0.0900425326052059,0.01742365933903588,0.021314000704264063,0.4444444444444444,4.0,2023-06-07,2023-09-07
MSFT,0.06480978492927572,0.020893504789335195,0.012751925275436195,0.2683928074559735,0.029482477194402557,0.042524390380142774,0.5277777777777778,7.0,0.027473819082685147,0.0142871891890074,0.008479573790952205,0.11777766440167947,0.021436022887169382,0.0271351221345085,0.4444444444444444,4.0,2023-06-07,2023-09-07
NFLX,0.08809015084739252,0.031522157598410094,0.016940413624498562,0.20437009653165894,0.04490711005794683,0.05924317861984116,0.5,8.0,0.0483653534436252,0.021865976533891898,0.017753155529902108,0.15617998304277247,0.029260755192733533,0.04804938374815193,0.4126984126984127,3.0,2023-06-07,2023-09-07
NVDA,0.09341266339266535,0.037824307007849195,0.020696588780782336,0.41554326510629247,0.05627175339069745,0.07077459413771757,0.46825396825396826,7.0,0.04773096867353514,0.02608657283140799,0.013889964428806523,0.13978603257931532,0.03585657495489751,0.04222267566147089,0.47619047619047616,4.0,2023-06-07,2023-09-07
PEP,0.028753082098885788,0.010318445174701372,0.006742245080907561,0.09813689807815718,0.016650559544253513,0.022251410513658317,0.48412698412698413,6.0,0.024836209369971853,0.009117542851722527,0.005420601251382746,0.0846282410153506,0.014939380946027637,0.01627336871769594,0.47619047619047616,7.0,2023-06-07,2023-09-07
PFE,0.05450262131856843,0.015043648499403765,0.009223520530834658,0.3169372804653364,0.02285591005109708,0.032369582424167535,0.5555555555555556,8.0,0.05136195827566637,0.01213943112499295,0.008466256858626325,0.139475659110482,0.02237335567104498,0.027741686580409652,0.5714285714285714,8.0,2023-06-07,2023-09-07
PG,0.04556507576738344,0.011876380625638446,0.008558039273327567,0.1745481033252203,0.01914883706786687,0.02696440583272743,0.4722222222222222,9.0,0.014679193250819551,0.008102168902742884,0.004918953646659109,0.033865792128420225,0.010880686231999392,0.014307105227320538,0.3968253968253968,4.0,2023-06-07,2023-09-07
QQQ,0.04625319590028315,0.01690962424804672,0.010345231406268236,0.21648311304831336,0.025303291912666486,0.03587380617440579,0.5079365079365079,6.0,0.022980696506908503,0.010224186814196913,0.006484852629815451,0.07157649265758204,0.013605575305016182,0.020000012546833423,0.49206349206349204,4.0,2023-06-07,2023-09-07
SPY,0.038211714894686916,0.013136721121723576,0.00816548778988239,0.16680326440555326,0.020508880010273713,0.02797909546084188,0.5277777777777778,6.0,0.011329081079708515,0.006544273282775186,0.0035530272203386924,0.0469646529151061,0.007809518080796951,0.01181232442463781,0.42857142857142855,4.0,2023-06-07,2023-09-07
T,0.06635079453508065,0.017115622638753797,0.013545510263185808,0.2919676126489481,0.0238552976659312,0.04178519112970625,0.503968253968254,7.0,0.05377102498188916,0.017864451756512367,0.012732665296257906,0.15075621600399647,0.02141456183654431,0.038800814368765896,0.5555555555555556,4.0,2023-06-07,2023-09-07
TLT,0.0328516888720079,0.012579681887719508,0.006544161129882052,0.22678807323902728,0.01866925565612564,0.024073936476039066,0.5198412698412699,7.0,0.02542574790420385,0.009768616419805037,0.006053749501000916,0.10215009931799313,0.01645510465152371,0.019258802492050697,0.47619047619047616,6.0,2023-06-07,2023-09-07
UNH,0.035206411735440514,0.014578672005332598,0.009360434866168707,0.16528208851780468,0.023087802981871245,0.031028473567057506,0.46825396825396826,5.0,0.0434679815021867,0.016445738792784388,0.012266097072927463,0.0892022169091482,0.018838483274166394,0.03441652652138877,0.49206349206349204,4.0,2023-06-07,2023-09-07
V,0.05865628474076859,0.01458843090005664,0.009055502126313874,0.18186428671076538,0.024683722823107317,0.031522094419737086,0.503968253968254,11.0,0.010854208887952336,0.008453574225705987,0.00441490639291712,0.039141026861419626,0.012190705755266252,0.013060459859088908,0.3492063492063492,3.0,2023-06-07,2023-09-07
VNQ,0.05035321567063303,0.015258311823821162,0.00969617034826267,0.24640398755391002,0.025099822845667207,0.03095541935796473,0.5357142857142857,7.0,0.01926639664500691,0.008600265608794603,0.0047401452063112245,0.08274830685927692,0.012285407121978809,0.015533271436346086,0.5079365079365079,5.0,2023-06-07,2023-09-07
WMT,0.03552731233949661,0.013212507420659072,0.009727716473909786,0.10438149131413854,0.019025760401269798,0.02883146464719706,0.4523809523809524,5.0,0.01597056455390839,0.00816583373745248,0.00586221119538304,0.034181079673209824,0.008732226226601825,0.01705337696849349,0.4126984126984127,3.0,2023-06-07,2023-09-07
XLB,0.04378167192129327,0.014868089383993808,0.008486374136148115,0.22640327211776312,0.022073153147994656,0.030087188997167405,0.49603174603174605,8.0,0.02000920100673837,0.008833194834437855,0.005646335381090193,0.060196164793581364,0.013422340465636895,0.018238909897789535,0.49206349206349204,4.0,2023-06-07,2023-09-07
XLE,0.06269297755160744,0.020836392231725877,0.013583478469514946,0.2604373271698406,0.03532923218478393,0.046537029645535674,0.47619047619047616,7.0,0.021697045640755724,0.010799847068240876,0.007270614941346715,0.045715644167974356,0.020041494896348353,0.023017432029346085,0.3968253968253968,4.0,2023-06-07,2023-09-07
XLF,0.04188359979846571,0.01416832034837981,0.008985935956761735,0.1627027138913082,0.023401601996055083,0.030519750773342007,0.5238095238095238,6.0,0.02044088629979388,0.007133589773954174,0.004121146431410057,0.05561792266993948,0.009389604372207826,0.012632710107274125,0.5079365079365079,7.0,2023-06-07,2023-09-07
XLI,0.0343860568338866,0.013088502001810137,0.008063108564944547,0.1720229171314912,0.01966684637293417,0.026335111601216557,0.48412698412698413,6.0,0.012189286965641902,0.007155649994225226,0.003932028053432872,0.046049699659251875,0.010287081810265507,0.013052376337861993,0.47619047619047616,3.0,2023-06-07,2023-09-07
XLK,0.050843740179330986,0.017679744824639302,0.010340244778534576,0.2290327824623445,0.026347011082122184,0.036491811898720576,0.5119047619047619,7.0,0.020837668567878463,0.011021155434873434,0.006431379187616809,0.08626434436202435,0.014763082714136466,0.020637673785683514,0.4444444444444444,4.0,2023-06-07,2023-09-07
XLP,0.028828915099225118,0.009214371969465621,0.005838525302299907,0.13254852185043675,0.0149787235816236,0.019822340148032618,0.5119047619047619,7.0,0.012618876398581972,0.005879391746133661,0.003560882228876747,0.06123484823187719,0.009580188596895967,0.010848063883796083,0.49206349206349204,4.0,2023-06-07,2023-09-07
XLU,0.03880863578783048,0.013552910755154924,0.009104665287467562,0.20715976495524946,0.022778408964826663,0.029547574793089344,0.47619047619047616,6.0,0.02257494717706861,0.00900599542027764,0.005852764082943714,0.09903573871073912,0.015269645043548118,0.018010774103005334,0.5079365079365079,4.0,2023-06-07,2023-09-07
XLV,0.02547524215310037,0.010336898592282907,0.00616662607674255,0.11019699731275867,0.015543644252296684,0.021105139026758993,0.5158730158730159,5.0,0.0131408688648377,0.006753362126590805,0.0035923010124335863,0.035011639000641304,0.010104198171753698,0.011045362092904826,0.5079365079365079,4.0,2023-06-07,2023-09-07
XLY,0.05282733240481012,0.0178225299257644,0.011384376233561035,0.2665137832095128,0.03065962413792858,0.03885342449587345,0.5238095238095238,6.0,0.021642627695083856,0.010919965868285341,0.007824935939139665,0.08086108750715992,0.01686073963688046,0.022128992975037787,0.3492063492063492,4.0,2023-06-07,2023-09-07
XOM,0.06319942281573045,0.02052533367518101,0.012539568018994135,0.20508660271404844,0.03329492837309854,0.0428808603494431,0.48412698412698413,8.0,0.027930972128645887,0.01316966727748863,0.009359585016653824,0.06719667504960469,0.022462744376763353,0.030088769776125318,0.3968253968253968,4.0,2023-06-07,2023-09-07
AAPL,0.04414533176394831,0.018516916995070166,0.011256180210727856,0.28257016229722987,0.028191509603918356,0.03867731799672672,0.4880952380952381,5.0,0.03842103455589726,0.013688205458617191,0.011282367290223798,0.13127952607091609,0.025893340209091363,0.034808266472876354,0.4126984126984127,5.0,2023-07-10,2023-10-06
ABBV,0.04784360070750649,0.013802342339612321,0.011132439558564822,0.19642213015575305,0.021562025468668117,0.03441567084636561,0.4880952380952381,6.0,0.017940862954123293,0.011257139342231647,0.004401077492353476,0.04668598076695574,0.010752153835809308,0.014683482526053504,0.4603174603174603,6.0,2023-07-10,2023-10-06
AMD,0.10015908230073604,0.03358296262385731,0.02086647547932001,0.4616495365680814,0.04933522568748745,0.06962491046851496,0.5,7.0,0.07240893742933154,0.02646652151483693,0.018964245517205876,0.1889790455377225,0.04759932172905186,0.060290286657662145,0.47619047619047616,5.0,2023-07-10,2023-10-06
AMZN,0.0740243309741902,0.026062442663725892,0.015421735619622958,0.4348666916377666,0.04017220075864356,0.05312835582792418,0.5,7.0,0.05991460789181693,0.020595906297807255,0.012686836370535005,0.1389713775257062,0.035944285488473594,0.04021482965923415,0.47619047619047616,7.0,2023-07-10,2023-10-06
BA,0.056197262196152585,0.022181970500640705,0.01627936563618706,0.29637377648374796,0.03526648268079869,0.050236694105119536,0.42063492063492064,5.0,0.07896797805530072,0.01823533564473726,0.010007462656777742,0.22005447550461277,0.02338663313688426,0.031605363816095355,0.6349206349206349,9.0,2023-07-10,2023-10-06
BAC,0.05739766768206011,0.018554100519306876,0.011529079995898528,0.2891534467353466,0.02939813761265974,0.03863389151364064,0.5158730158730159,7.0,0.04605837529312467,0.013976530541371913,0.008435599870535654,0.19981882422848607,0.024092098259649718,0.02769704289929223,0.5238095238095238,8.0,2023-07-10,2023-10-06
COST,0.04929014325142453,0.01530399470735522,0.010718806052351617,0.19601634545614977,0.021111637825006784,0.03480711405857059,0.47619047619047616,7.0,0.016488563953765197,0.009013787959424592,0.005816071941363385,0.05909063067730702,0.015043197744754688,0.018247350393458955,0.36507936507936506,4.0,2023-07-10,2023-10-06
CRM,0.06335145698945563,0.02439245892365939,0.015083680235584674,0.32937734553026066,0.03587958231034418,0.04976030579024929,0.47619047619047616,6.0,0.03321497023951854,0.014656323891302368,0.008171937122421228,0.14737387908461674,0.02074686598908091,0.024170741546680502,0.5079365079365079,5.0,2023-07-10,2023-10-06
CVX,0.0414324695578149,0.01777994582600686,0.010686946512928445,0.18291987957497513,0.025856648713829873,0.03596204090142918,0.48412698412698413,5.0,0.0266172400988657,0.011727150696371523,0.007745757700728113,0.05150849455169626,0.020152978358514383,0.024522226976589234,0.47619047619047616,4.0,2023-07-10,2023-10-06
DIS,0.07301760083789859,0.021873974342420614,0.0161321030464028,0.3264243693057769,0.031488842336882664,0.04789814506514107,0.5119047619047619,6.0,0.05216192464543525,0.016007123326443138,0.011666808542629819,0.1355710242723286,0.030583469323842583,0.03514181959042956,0.5079365079365079,6.0,2023-07-10,2023-10-06
EEM,0.030992866881531356,0.01179589646624869,0.006931132048051558,0.17344709017915627,0.018451703921882837,0.02383078074727361,0.503968253968254,6.0,0.02443805156306541,0.009656517498807905,0.005430678125125646,0.11442201933780416,0.01401353707398556,0.01750313248417837,0.5555555555555556,5.0,2023-07-10,2023-10-06
EFA,0.03198413224974093,0.01171716987361785,0.006769974659528497,0.16806462864359006,0.015941600559933655,0.02182685386964326,0.4880952380952381,7.0,0.03003268978613888,0.008062829173041667,0.00504581481621957,0.09938229319289849,0.013635990472422999,0.015903908609774947,0.5873015873015873,7.0,2023-07-10,2023-10-06
GLD,0.022189149769801245,0.009351245261147178,0.005163059740808731,0.09912432163968488,0.013690271982484709,0.017607209073662557,0.4880952380952381,6.0,0.02324545489455172,0.005688254373306585,0.003749266918476084,0.08079706258961439,0.010355746613473127,0.012235501789051889,0.5396825396825397,9.0,2023-07-10,2023-10-06
GOOGL,0.06827761195618488,0.02274314581179325,0.014713936658431728,0.31659565077112684,0.029564517088487084,0.04994055451290229,0.5238095238095238,6.0,0.026207766104131443,0.01619409363670663,0.00855103479588063,0.06974892762244211,0.02282845247282499,0.025778254488574376,0.4126984126984127,4.0,2023-07-10,2023-10-06
HD,0.04326805924778942,0.01708864168255294,0.011417960079277763,0.18040394657914505,0.02487150765894038,0.035275054543327716,0.4722222222222222,5.0,0.02739475045280067,0.00899603529706841,0.0067202129537894855,0.12423425771610364,0.015639839605993366,0.021115041555729963,0.4603174603174603,6.0,2023-07-10,2023-10-06
HYG,0.01825554952669738,0.006938815280497681,0.003999025087995044,0.09448921618485095,0.010414642000476936,0.01356189002108299,0.5119047619047619,6.0,0.011756978643332371,0.004041020296643206,0.0026296272578881924,0.03385166466834644,0.007063936700140128,0.008123577497993667,0.5079365079365079,6.0,2023-07-10,2023-10-06
IEF,0.01738957740542568,0.00644737491708754,0.003335302544691433,0.11669707748723734,0.00964285725362034,0.012120128581491226,0.5396825396825397,7.0,0.013461828535423387,0.004874236802226988,0.002816688510297822,0.06769739971548006,0.007900175885246729,0.008803319364095424,0.5396825396825397,6.0,2023-07-10,2023-10-06
INTC,0.07618574989218961,0.02542280435759899,0.015176444201631396,0.3771783164332292,0.03800834004366595,0.053872159849945325,0.5198412698412699,7.0,0.04518343794973145,0.021398754910899546,0.015140834586329763,0.1294389521226994,0.03901317667652983,0.042282238423116375,0.3968253968253968,4.0,2023-07-10,2023-10-06
IWM,0.039373658978517106,0.014919528391292439,0.008528355367370604,0.17929476017971857,0.02483954924936968,0.029452666544477417,0.4801587301587302,7.0,0.02783787746315454,0.00907769312543226,0.005422963142172963,0.13470275911372798,0.014979588897590445,0.017128777146816515,0.5714285714285714,6.0,2023-07-10,2023-10-06
JNJ,0.04368281525953812,0.009834043633685117,0.006872762934167332,0.15596996972491628,0.015600356795647396,0.022563312260222457,0.5238095238095238,10.0,0.04386553415861321,0.012576816129917134,0.008301779968968312,0.10433029813918915,0.013838883208723795,0.02505841409745113,0.5079365079365079,8.0,2023-07-10,2023-10-06
JPM,0.04111153741013285,0.016638225338838235,0.010085081327161016,0.16790235081989013,0.024774728120395828,0.03364539071018406,0.4603174603174603,6.0,0.01984259120688145,0.00966177808587352,0.005949277786895672,0.09677194391994437,0.013302110216343277,0.019254207256640538,0.4603174603174603,4.0,2023-07-10,2023-10-06
KO,0.029246366834683533,0.009583983566500186,0.00616640264586701,0.15997304439466375,0.014357300543887685,0.020535964980777588,0.4880952380952381,7.0,0.04252285593432112,0.009432361328007705,0.008287384557092154,0.16263954088558918,0.010791638885558386,0.022407812471410327,0.5238095238095238,7.0,2023-07-10,2023-10-06
LQD,0.02000978710091092,0.007115706311109932,0.0039371108879107134,0.12885552139117862,0.01154097487567614,0.013716820505160312,0.5277777777777778,7.0,0.01713473195162446,0.00571854411812766,0.0034615620104291836,0.0727014526475942,0.009940825809400967,0.010939828923706485,0.5555555555555556,6.0,2023-07-10,2023-10-06
MA,0.04918423042154209,0.014683273570803963,0.008573781663619157,0.21145358609808906,0.02039648107509945,0.029733035181730042,0.5119047619047619,9.0,0.019406166690899163,0.008531826067408068,0.005818427402915092,0.06249841269581202,0.016907146569370934,0.018129444784874438,0.4603174603174603,4.0,2023-07-10,2023-10-06
META,0.12438332389370582,0.035002872089608214,0.0268423507738741,0.5146038643450748,0.04204429641040914,0.07121620520614601,0.4801587301587302,7.0,0.03809728444248305,0.019583864761959377,0.010750556456432608,0.12974693938906023,0.02717653636878975,0.0344643811113422,0.49206349206349204,4.0,2023-07-10,2023-10-06
MRK,0.03376006422270616,0.012591267879429748,0.008498096571814842,0.10362240736132833,0.01869007639678242,0.028575505006448634,0.4444444444444444,6.0,0.027943436002115195,0.011263839850647295,0.005633757258490968,0.07939078879175143,0.016608587319103106,0.019317339035103187,0.5079365079365079,7.0,2023-07-10,2023-10-06
MSFT,0.06118808477590968,0.020261752725864782,0.012039322236000748,0.2683928074559738,0.026690991508880844,0.03979543271490227,0.5277777777777778,7.0,0.03866233984249099,0.014499449282876229,0.009763217131942168,0.12987592920757762,0.024930793344537995,0.028772823400329856,0.4444444444444444,6.0,2023-07-10,2023-10-06
NFLX,0.07971843358798676,0.02995596609013279,0.015817149521425943,0.20437009653165916,0.03576421087761954,0.054524415541156376,0.48412698412698413,8.0,0.07274047094452125,0.021785778522245277,0.017319159748695537,0.2198538547341462,0.02982101225958178,0.05348789812963892,0.5238095238095238,5.0,2023-07-10,2023-10-06
NVDA,0.08889590104806151,0.036608652752047034,0.01998981901874399,0.4155432651062926,0.04854455236648072,0.0680299898030793,0.4603174603174603,7.0,0.05113152207731151,0.025249771067608135,0.013797394846258661,0.16887096195232776,0.03585657495489751,0.04210210505504,0.4603174603174603,5.0,2023-07-10,2023-10-06
PEP,0.02741851314638272,0.009974009598783595,0.006577673608349389,0.09813689807815706,0.014371698278114454,0.021665347967999612,0.4722222222222222,6.0,0.0641103214235997,0.01106871622949121,0.009085929906972746,0.15852656815510635,0.01594366085279463,0.02552460355362038,0.6031746031746031,9.0,2023-07-10,2023-10-06
PFE,0.053799085923015605,0.014198013369200263,0.008690621572179444,0.3347252925128851,0.022371220881843835,0.0303437259680132,0.5753968253968254,8.0,0.035903456697023974,0.011770007864029498,0.006994179876043632,0.13496336619463556,0.017568129527909294,0.02197219927939359,0.5714285714285714,6.0,2023-07-10,2023-10-06
PG,0.043430330736651215,0.011190708544393807,0.008280683435844143,0.1745481033252203,0.018334432087180073,0.025584146834128456,0.4642857142857143,9.0,0.025255681982710144,0.007965734178229492,0.00440972225094939,0.08460083249879924,0.013122889312972374,0.014774950928536146,0.47619047619047616,10.0,2023-07-10,2023-10-06
QQQ,0.041024506198170635,0.015834831115471494,0.009175755354569189,0.2164831130483137,0.021010257016071093,0.03089793838473792,0.5079365079365079,6.0,0.02457072573965183,0.010589240708751307,0.0071502111940785745,0.08040971532818542,0.018246988609286384,0.021174177823408524,0.47619047619047616,4.0,2023-07-10,2023-10-06
SPY,0.03260226710029845,0.012157709780892624,0.007143923069786512,0.16680326440555326,0.017225342642561814,0.02414073853998811,0.5158730158730159,6.0,0.016882571687532114,0.007151075606623764,0.004840880770618527,0.07582714276319968,0.01381178123412089,0.01474737073524618,0.47619047619047616,4.0,2023-07-10,2023-10-06
T,0.060246387679424224,0.016614227013263424,0.013197456227694242,0.2841419339328337,0.022442327738964395,0.03996825274811278,0.5119047619047619,6.0,0.05570959592335534,0.01859165744047154,0.012785808900442208,0.11687447673394247,0.022784076043289768,0.039181234981750745,0.5238095238095238,5.0,2023-07-10,2023-10-06
TLT,0.03206920481892867,0.012177675559775435,0.006335052080764462,0.2267880732390275,0.018251879251086435,0.023068439739159875,0.5238095238095238,7.0,0.033272919383599255,0.010511769726985575,0.00720193060251066,0.16902571248916565,0.021305880252930474,0.023716588253120813,0.5238095238095238,6.0,2023-07-10,2023-10-06
UNH,0.035077716737215596,0.014357135043165941,0.010439796647980832,0.16613434983770914,0.022558863682127304,0.03352477151419598,0.4642857142857143,4.0,0.023547085715128906,0.014091503962936592,0.006852326530857617,0.06789569565505849,0.011538297928100271,0.021309876115760934,0.47619047619047616,4.0,2023-07-10,2023-10-06
V,0.049603549164247786,0.013581939156929007,0.007843190667155713,0.18186428671076504,0.019997032986589502,0.027291964118822475,0.49206349206349204,11.0,0.026818558611904273,0.008639825452487319,0.006207999678681545,0.0777881712590972,0.0131414503385895,0.01908603848760282,0.4444444444444444,7.0,2023-07-10,2023-10-06
VNQ,0.04490492086463424,0.014513494594340913,0.008870659998159818,0.24640398755391002,0.02487730395246694,0.028930124342310442,0.5238095238095238,7.0,0.032791741837773274,0.00968753730536717,0.007026801822379989,0.15377483956281035,0.018356854974769042,0.023407913794244922,0.5714285714285714,5.0,2023-07-10,2023-10-06
WMT,0.03550804838316215,0.01296635351124664,0.009792894296149879,0.10438149131413854,0.018552311930578484,0.029117924303991218,0.44841269841269843,5.0,0.015228898225911678,0.007517728452889789,0.005438892223539884,0.053494523925695536,0.012119317468934243,0.01684959519691895,0.42857142857142855,3.0,2023-07-10,2023-10-06
XLB,0.03558343974804986,0.01408443927950112,0.007766226929137867,0.16951970940181849,0.020834899950325836,0.027012608209400248,0.47619047619047616,7.0,0.027200797547832566,0.00837024503669355,0.005495110615723751,0.09434854060402875,0.014312812125062324,0.01732964827316738,0.5555555555555556,6.0,2023-07-10,2023-10-06
XLE,0.05348087022971115,0.018737119256919926,0.011765791450536453,0.17350967878791956,0.02603522421259477,0.03893734263455754,0.46825396825396826,7.0,0.028029421467726648,0.011957212042931186,0.008008406133636185,0.08045324286985678,0.02013776182899287,0.024689521307213802,0.42857142857142855,5.0,2023-07-10,2023-10-06
XLF,0.03883923938575222,0.013367113290101483,0.008474015865982303,0.16270271389130853,0.020673360964417797,0.02838293150372232,0.5158730158730159,6.0,0.023349823687507338,0.007606308750988125,0.004944293267163439,0.08666565786794167,0.013268651018754662,0.016009707441197896,0.47619047619047616,7.0,2023-07-10,2023-10-06
XLI,0.0303910882967788,0.012299369384100837,0.007374874740616369,0.1720229171314912,0.01894928342964878,0.023593187756336436,0.4642857142857143,6.0,0.01752058378967421,0.007072546413936365,0.004326070071524497,0.09864548251958127,0.012699833738266497,0.015300223333129526,0.5555555555555556,4.0,2023-07-10,2023-10-06
XLK,0.045173974965239116,0.016682284843609098,0.009187167527652796,0.2290327824623447,0.022604181680851442,0.03217920218685087,0.5119047619047619,7.0,0.01970474362394137,0.01134290883503504,0.007232892004819749,0.09954547030178662,0.019112403215560535,0.02174372794329102,0.4126984126984127,3.0,2023-07-10,2023-10-06
XLP,0.027903129331597533,0.008695823457719765,0.005697352104559256,0.1325485218504372,0.014239631829417803,0.01928429219523133,0.5079365079365079,7.0,0.017769907281011285,0.006424129446558651,0.003948868284669175,0.11797848329863747,0.009918644404991706,0.01332818364470742,0.5555555555555556,5.0,2023-07-10,2023-10-06
XLU,0.03469783872598963,0.012612157334662265,0.008045505483022991,0.20715976495524913,0.020811246924470023,0.0262819959915519,0.4801587301587302,6.0,0.04769265847964478,0.011508676269579333,0.009950778222280578,0.17257776260592173,0.021382677411732786,0.030203352172154946,0.5238095238095238,6.0,2023-07-10,2023-10-06
XLV,0.023380203196032227,0.009612645038824374,0.005613104338729959,0.11019699731275845,0.014150358579512712,0.018938671123313378,0.5198412698412699,5.0,0.01212142542173018,0.006311872554763795,0.003367062617147272,0.06090247475063926,0.008734841128108073,0.009970432045499217,0.49206349206349204,4.0,2023-07-10,2023-10-06
XLY,0.040143366987452515,0.016538990207566506,0.010075825180117563,0.2665137832095129,0.02645960654155464,0.034206939611605675,0.49603174603174605,5.0,0.03155731081022004,0.012019757967233199,0.008097550427842387,0.1101904782819838,0.01943270926031353,0.02631574083615154,0.42857142857142855,6.0,2023-07-10,2023-10-06
XOM,0.05576211958172,0.01849642749827265,0.011234126655657874,0.1612062839560009,0.02950720034890238,0.03865988394414592,0.47619047619047616,8.0,0.028014868099754536,0.01477336071521532,0.008893608920556996,0.10840269678662084,0.02209120815521476,0.03000081835543414,0.42857142857142855,4.0,2023-07-10,2023-10-06
AAPL,0.04574981894185929,0.018266253939111247,0.011665292479199181,0.2825701622972302,0.0302309630450046,0.04006045601155954,0.4880952380952381,5.0,0.03438355962996759,0.013009621092156014,0.009178872339890337,0.12024245339355266,0.024484885496273534,0.028954640370415147,0.4126984126984127,6.0,2023-08-08,2023-11-06
ABBV,0.04532382880869649,0.013925310514973616,0.010627881935661151,0.19642213015575338,0.019238124660408668,0.03221676315999467,0.48412698412698413,6.0,0.037662765210969375,0.010357137440603893,0.008695587927496537,0.09265690280640326,0.014037495161792368,0.025872909605615002,0.49206349206349204,6.0,2023-08-08,2023-11-06
AMD,0.10350498919862758,0.03340877805524925,0.02139240021466344,0.4461934715013307,0.052220144373618306,0.07122610965790974,0.503968253968254,7.0,0.07300496629576757,0.027824021128833858,0.016802730337914757,0.1635113827388056,0.041676927818653994,0.053816032678493664,0.5396825396825397,5.0,2023-08-08,2023-11-06
AMZN,0.07319660554732899,0.025129427528501162,0.015249292822360207,0.43486669163776637,0.0398379342527096,0.05217758394218276,0.5,7.0,0.06333401730317283,0.020866023690769862,0.014276110457682397,0.1745254079632227,0.035944285488473594,0.04418433946180489,0.4444444444444444,7.0,2023-08-08,2023-11-06
BA,0.06273061637433452,0.021764932419088282,0.016244980335983043,0.29637377648374796,0.03526648268079869,0.050236694105119536,0.42857142857142855,6.0,0.06454485163857522,0.014807675962387726,0.010611115065298648,0.25405019799729844,0.025283236511142847,0.033457762624542114,0.5396825396825397,9.0,2023-08-08,2023-11-06
BAC,0.056092941945444355,0.01817148753063114,0.011546355911744853,0.2891534467353467,0.02939813761265974,0.03863389151364064,0.503968253968254,7.0,0.05587539078588574,0.015770917751644655,0.009892468454155595,0.18888617659366747,0.027796985590938506,0.03152313491090444,0.5396825396825397,8.0,2023-08-08,2023-11-06
COST,0.04791297713786306,0.014749285451230543,0.010578396346838955,0.1960163454561491,0.01989181277495906,0.033906356362337346,0.46825396825396826,7.0,0.027680271538962017,0.009580429578475698,0.006773611421571394,0.05500833168195429,0.015663213281232703,0.020135676736118796,0.4126984126984127,7.0,2023-08-08,2023-11-06
CRM,0.06447580645999178,0.02357480299913048,0.014886189081671983,0.3286401204549616,0.03428605352198565,0.04858658695490251,0.49206349206349204,6.0,0.034947574756653825,0.013883032664859695,0.009152936245790288,0.12897776850810883,0.021904868314332582,0.027000942948492285,0.47619047619047616,5.0,2023-08-08,2023-11-06
CVX,0.04159515189667507,0.016585439009148585,0.010811438290604035,0.1829198795749749,0.02531965598676688,0.03585494881853116,0.4801587301587302,5.0,0.061382751457961675,0.015930874968462058,0.014172063828678019,0.15820854116576388,0.028789842099490336,0.04148392825147035,0.49206349206349204,6.0,2023-08-08,2023-11-06
DIS,0.0721455804664073,0.021377428230728704,0.016331397244297198,0.326424369305777,0.031909874278310574,0.048106373693422154,0.5,6.0,0.05231281495626795,0.015506197617269436,0.010355175981079432,0.1355710242723286,0.025910126605774443,0.03282869688243675,0.5555555555555556,6.0,2023-08-08,2023-11-06
EEM,0.03112261007790786,0.011923230583469148,0.006932417673999757,0.17344709017915638,0.018451703921882837,0.02361627000541398,0.5079365079365079,6.0,0.02206107185705182,0.009167790233999697,0.004727372540796819,0.09016200315289813,0.01401353707398556,0.015339592964497079,0.5714285714285714,5.0,2023-08-08,2023-11-06
EFA,0.03210423019970955,0.011461413722817983,0.006741888341939006,0.16806462864358962,0.01571483650265041,0.02201213244048591,0.49206349206349204,7.0,0.028388985075408112,0.008386761269420662,0.0047696547505726,0.09336290234147315,0.013635990472422999,0.01559571987763958,0.5873015873015873,7.0,2023-08-08,2023-11-06
GLD,0.022386256753221586,0.009278578071358822,0.005168544127727927,0.09912432163968476,0.014005449761444326,0.017735279719254867,0.49206349206349204,6.0,0.018940849460613265,0.007224305379438962,0.003164081995148529,0.06372008111393213,0.008144615740842043,0.010325597234591782,0.5238095238095238,9.0,2023-08-08,2023-11-06
GOOGL,0.06565557818841221,0.02215951422815083,0.014386680479532555,0.31659565077112684,0.027828665217243368,0.047608160123886516,0.5158730158730159,6.0,0.05825560592697789,0.018025160903333684,0.017980125286104286,0.13077181053586784,0.024163851809419733,0.044357388454356494,0.4444444444444444,4.0,2023-08-08,2023-11-06
HD,0.043021168064750606,0.016938204831892355,0.011267448778863253,0.18040394657914516,0.024559841542789174,0.03517699161517599,0.47619047619047616,5.0,0.04167659393769151,0.010303387615772572,0.006615332371062145,0.16998919604011875,0.017226720016751306,0.021952105004380162,0.5555555555555556,9.0,2023-08-08,2023-11-06
HYG,0.017996582264576233,0.006759257945590387,0.003975148692978686,0.09448921618485084,0.010414642000476936,0.01356189002108299,0.5079365079365079,6.0,0.014472397567201012,0.004302250000345982,0.0024739141140514547,0.038806023492296116,0.006010014191717372,0.007467905913944445,0.5555555555555556,8.0,2023-08-08,2023-11-06
IEF,0.016812081476030968,0.006325320971360494,0.003196741682777053,0.10474352002119636,0.00945444718114874,0.011510852603417426,0.5436507936507936,7.0,0.01390650327180912,0.005399546725232448,0.0028093946003654785,0.062384883911733136,0.008261099386471238,0.00911897610179746,0.5555555555555556,6.0,2023-08-08,2023-11-06
INTC,0.06966706140034813,0.025224824737849556,0.014168400383999372,0.31095206340793147,0.03800834004366595,0.05031561349745507,0.5119047619047619,7.0,0.04869328527621685,0.023021248871462837,0.015458185801973603,0.16314965225756894,0.0403821623204169,0.04515629882866021,0.42857142857142855,4.0,2023-08-08,2023-11-06
IWM,0.038373405665054865,0.01461643782605828,0.00837514806181753,0.17929476017971824,0.02483954924936968,0.029452666544477417,0.47619047619047616,7.0,0.03157943491111516,0.011184055604913623,0.006151837969697759,0.14928574347922663,0.016801048160749576,0.020268098281687824,0.5714285714285714,6.0,2023-08-08,2023-11-06
JNJ,0.045107932386362654,0.010754321784425458,0.007337557001514991,0.1559699697249165,0.015426441624427273,0.023859532350126406,0.5079365079365079,10.0,0.039669206820195695,0.009172499556802917,0.00702324174472329,0.15719118104225693,0.016921983002838592,0.022774878675655863,0.5396825396825397,8.0,2023-08-08,2023-11-06
JPM,0.03934133147088255,0.016088255172863164,0.010005641661966883,0.1679023508198907,0.02309433661150771,0.03286125590168621,0.44047619047619047,6.0,0.03674127991868187,0.010369212349656943,0.00795265799105668,0.11681079392033644,0.01728243888936174,0.024906966986750018,0.5238095238095238,6.0,2023-08-08,2023-11-06
KO,0.028682212570009795,0.00951565617202967,0.006143445798127935,0.15997304439466364,0.014357300543887685,0.020429474389941686,0.4801587301587302,7.0,0.04278322066376474,0.010602651798321398,0.008338127683126192,0.13690398651711433,0.010791638885558386,0.022825053434963327,0.5238095238095238,7.0,2023-08-08,2023-11-06
LQD,0.019824049943526798,0.007044309907504444,0.0038677875220505323,0.1263394346889798,0.01088904532731702,0.013548560184627263,0.5317460317460317,7.0,0.016767331529324737,0.0062243555982668,0.0032663632849333907,0.06728046804841592,0.009669957189868805,0.01043062148408358,0.5714285714285714,6.0,2023-08-08,2023-11-06
MA,0.05116787504360247,0.014559678544281222,0.008629502735528195,0.21145358609808873,0.02039648107509945,0.029733035181730042,0.5277777777777778,9.0,0.035244349372464165,0.011201193356946611,0.010877885608785236,0.12591334693244982,0.017055153403825785,0.028159033825924745,0.4444444444444444,4.0,2023-08-08,2023-11-06
META,0.12075965217748409,0.033968188668819656,0.026060349905499557,0.5084857858849623,0.03976738287714351,0.06706756644313298,0.4801587301587302,7.0,0.04154252507139161,0.018826619915905698,0.011356422197646735,0.12040122934946362,0.031056851687317543,0.036711749979682184,0.5079365079365079,4.0,2023-08-08,2023-11-06
MRK,0.032108459119568944,0.012578427709078126,0.008114683304763788,0.10709968758090638,0.017812714806202327,0.027032576329582156,0.44047619047619047,6.0,0.03165568299581164,0.01111988766472379,0.007020413567619517,0.0915124395469703,0.020496774440152375,0.022496350931261122,0.4603174603174603,7.0,2023-08-08,2023-11-06
MSFT,0.06020212082162552,0.019901501675625224,0.012044405786072566,0.26839280745597394,0.026598638324508844,0.03952652910035454,0.5198412698412699,7.0,0.03580550426673143,0.013341541033534231,0.00955846794999324,0.0784175352615687,0.023729095450586313,0.028165510374251523,0.4126984126984127,6.0,2023-08-08,2023-11-06
NFLX,0.08403190989559252,0.02933203437579061,0.016801251825889225,0.20437009653165905,0.03576421087761954,0.0570285242834871,0.4801587301587302,8.0,0.0518745305543142,0.02737536609197204,0.012351078703408142,0.2284256160815149,0.02982101225958178,0.040641570701913154,0.5238095238095238,5.0,2023-08-08,2023-11-06
NVDA,0.09003935701652946,0.03622421689261636,0.019949196164376567,0.4099234961594148,0.048615900240876565,0.0680299898030793,0.46825396825396826,7.0,0.053152330800021824,0.026639824836007416,0.014342692438101127,0.18287263609672066,0.03937019421291558,0.044207934744613625,0.4603174603174603,5.0,2023-08-08,2023-11-06
PEP,0.028032557573750484,0.01014001203929907,0.006623854693653162,0.09813689807815673,0.014705872049959934,0.02164996919489617,0.4801587301587302,6.0,0.06541301520617884,0.011284163925417227,0.009641374123359693,0.13501345068344817,0.01665941568687036,0.0284982936191005,0.5873015873015873,9.0,2023-08-08,2023-11-06
PFE,0.052958934787998735,0.014197424507247123,0.008764273608801505,0.3373477085709582,0.022371220881843835,0.0303437259680132,0.5674603174603174,8.0,0.051301384893366386,0.01456748367872578,0.009771692360641217,0.18643605285625542,0.02443493612599349,0.03194141892178201,0.6190476190476191,5.0,2023-08-08,2023-11-06
PG,0.03419364063659624,0.01029977277166385,0.006665521865699609,0.17454810332521986,0.017602228679773558,0.02219652003506861,0.4523809523809524,9.0,0.027734810121919667,0.008393526286189465,0.004549095840103226,0.08928820439476082,0.013383377988636624,0.015865814479583212,0.5079365079365079,10.0,2023-08-08,2023-11-06
QQQ,0.041901083875352164,0.015348651655349663,0.009296236141176615,0.21648311304831325,0.02201285546782129,0.031027735529696322,0.5119047619047619,6.0,0.020725692102427765,0.01111210489290915,0.006579584794421512,0.08969917922094062,0.018246988609286384,0.02081083193495245,0.42857142857142855,4.0,2023-08-08,2023-11-06
SPY,0.03201255408893806,0.011775407723260238,0.00721737583096058,0.16680326440555315,0.017225342642561814,0.02414073853998811,0.5,6.0,0.020618554960359425,0.008260357445369675,0.005072819077548747,0.08657417906058829,0.01381178123412089,0.014857745106601511,0.5079365079365079,5.0,2023-08-08,2023-11-06
T,0.05920050978349258,0.01745416083814238,0.013129145314887465,0.32008016438578424,0.022984441996581693,0.04050787736840215,0.503968253968254,6.0,0.02791516248158897,0.01634708127060391,0.006978790620397243,0.06150699173796392,0.02148305796112846,0.02370493570565374,0.49206349206349204,5.0,2023-08-08,2023-11-06
TLT,0.03170551451858935,0.01201045677701782,0.006315839545535727,0.2157467416196126,0.018251879251086435,0.0228808345639465,0.5198412698412699,7.0,0.0378063983526161,0.012545395108297414,0.0076376562328517375,0.14310977978553807,0.02218643005677958,0.024918091253855967,0.5555555555555556,6.0,2023-08-08,2023-11-06
UNH,0.03496634648813436,0.014527995282491811,0.010329564438734578,0.18476060770722724,0.022052904918011446,0.03312089702041813,0.46825396825396826,4.0,0.027687287220973945,0.010264982816477522,0.005992919311899121,0.06789569565505826,0.0110715858193002,0.018043734629445002,0.5238095238095238,6.0,2023-08-08,2023-11-06
V,0.048700638488638204,0.013231078539023661,0.007700424661425612,0.18186428671076527,0.018977670770110658,0.02695755271565053,0.49206349206349204,11.0,0.030984632673970953,0.0099180961892695,0.007172368674530313,0.07778817125909765,0.015854893756230316,0.02166593556582913,0.4444444444444444,7.0,2023-08-08,2023-11-06
VNQ,0.04571285729127018,0.014365999193153923,0.00887849319900168,0.2464039875539098,0.02487730395246694,0.028930124342310442,0.5317460317460317,7.0,0.034120111190901935,0.012560666510577292,0.007853041464572667,0.14102903067347727,0.02106602036849391,0.025118168418048065,0.5396825396825397,5.0,2023-08-08,2023-11-06
WMT,0.02519685245996697,0.01131938680278679,0.006899138173562384,0.10438149131413821,0.01768394772999734,0.023118623135292227,0.4523809523809524,5.0,0.014403870789273649,0.007944497270722385,0.005287135111142113,0.056943982972044394,0.012466201537240273,0.01693996821017027,0.4126984126984127,3.0,2023-08-08,2023-11-06
XLB,0.035594723250457816,0.013874041138002408,0.007768689598314205,0.1695197094018187,0.020834899950325836,0.027012608209400248,0.47619047619047616,7.0,0.0330349252642934,0.009625126390027001,0.006673722275614827,0.1073857059869866,0.016147655532210294,0.020195065410290453,0.5555555555555556,6.0,2023-08-08,2023-11-06
XLE,0.051154795246165966,0.017941165177920312,0.011765602906618171,0.17350967878791934,0.025466577350526886,0.03789007204585929,0.4444444444444444,7.0,0.03661611013092431,0.013212961088749352,0.007507271257001679,0.08681972529012927,0.02013776182899287,0.024082412559943006,0.5079365079365079,7.0,2023-08-08,2023-11-06
XLF,0.0379797020985087,0.01296687312979779,0.008527753483235798,0.16270271389130841,0.020673360964417797,0.02838293150372232,0.5,6.0,0.028620349025195568,0.008895742708977876,0.005770231658305559,0.09766959367230199,0.016454738109865752,0.017549846081096776,0.5079365079365079,7.0,2023-08-08,2023-11-06
XLI,0.030852681163027623,0.01190351234891997,0.007431015202250406,0.1720229171314912,0.01894928342964878,0.023593187756336436,0.46825396825396826,6.0,0.02079318055554309,0.008753514114881233,0.005134118655689652,0.11170668083313551,0.015007626721385559,0.01814504261117475,0.5555555555555556,4.0,2023-08-08,2023-11-06
XLK,0.04593103089264215,0.016292553959034888,0.009341132274793296,0.2290327824623446,0.023347290993791247,0.03231141618526661,0.5119047619047619,7.0,0.016738241939443642,0.011354956675567598,0.005904141777581531,0.09216653820168474,0.018122942321841605,0.019877267043905744,0.36507936507936506,4.0,2023-08-08,2023-11-06
XLP,0.027807770061498784,0.008625600909517847,0.005724042974146496,0.13254852185043675,0.014239631829417803,0.01928429219523133,0.503968253968254,7.0,0.017666337082892225,0.007154590159971271,0.004066061709554559,0.10906353536812252,0.010888068629671854,0.01428771724088862,0.5396825396825397,5.0,2023-08-08,2023-11-06
XLU,0.03580258455344491,0.012620240092841854,0.008070796961419584,0.20715976495524968,0.02123909342340709,0.02642717241446583,0.49206349206349204,6.0,0.042628599210664926,0.012162055926248146,0.009842100827859145,0.13147321086012087,0.019209522808357617,0.029316835210256798,0.49206349206349204,6.0,2023-08-08,2023-11-06
XLV,0.022581549783331368,0.009360542503709648,0.005510973459027298,0.11019699731275845,0.014032018306616701,0.018398015052320818,0.5119047619047619,5.0,0.01590846224660142,0.006551465572212225,0.003977115561650355,0.09137930871225541,0.009878361123401147,0.012269758145318027,0.49206349206349204,5.0,2023-08-08,2023-11-06
XLY,0.03977254928300129,0.015884912642313016,0.010061979599484391,0.2665137832095129,0.024677459361540463,0.03422013552597037,0.49206349206349204,5.0,0.027510759667298237,0.012953254379878501,0.007059212524599987,0.15148595182661084,0.023141440651072886,0.025160201383043562,0.42857142857142855,6.0,2023-08-08,2023-11-06
XOM,0.05386330686019852,0.01784440120235996,0.011015999876780527,0.16120628395600112,0.02837257200371604,0.037814682218585007,0.46825396825396826,8.0,0.031832276112877284,0.01613010153434824,0.008982652871358668,0.1218801856229752,0.02216522990167833,0.03035498568984632,0.49206349206349204,4.0,2023-08-08,2023-11-06
AAPL,0.04476486758314117,0.018324393682961983,0.011860014718242582,0.23375524425865968,0.0302309630450046,0.039913833639308414,0.46825396825396826,5.0,0.025298753046033413,0.010808591396428808,0.006571104687281406,0.07647611217453842,0.01682509451871881,0.021264179841922304,0.42857142857142855,6.0,2023-09-07,2023-12-06
ABBV,0.04442239644077257,0.013750696284145247,0.010656888035033821,0.1964221301557535,0.0183181639556259,0.032017636727296066,0.4722222222222222,6.0,0.038980977458684854,0.010864663512784678,0.009843681176435568,0.1013431044164127,0.020141481080092883,0.029353577101381118,0.4444444444444444,6.0,2023-09-07,2023-12-06
AMD,0.10189877296299218,0.03321506466890069,0.02173436129666996,0.34534814950792425,0.052220144373618306,0.07184024921372692,0.4880952380952381,7.0,0.047464665650757305,0.024892492768837107,0.014126388586534911,0.14072106840356435,0.03369845372908929,0.04488743459662595,0.5238095238095238,3.0,2023-09-07,2023-12-06
AMZN,0.0715604415738888,0.024759970392825556,0.015145066999764827,0.40036642341692397,0.036795576289363634,0.051579538158780164,0.49206349206349204,7.0,0.0626885697385407,0.020833103651891467,0.014130620227949748,0.1745254079632227,0.035944285488473594,0.04418433946180489,0.4444444444444444,7.0,2023-09-07,2023-12-06
BA,0.06352216704584508,0.021521703324116476,0.01621989415694342,0.2371471717500131,0.03526648268079869,0.05086601697465786,0.4365079365079365,6.0,0.03304308531440366,0.015227332815064875,0.008821025661132291,0.15875423802078215,0.024107710514231318,0.027213674526135517,0.4126984126984127,6.0,2023-09-07,2023-12-06
BAC,0.05636498178404946,0.017976079557051248,0.011508786121245158,0.28915344673534704,0.02939813761265974,0.03866622445247008,0.5079365079365079,7.0,0.04945989402603818,0.01664069173465687,0.00936054160443946,0.13801383513716647,0.024762903376923873,0.029730035763584045,0.5079365079365079,8.0,2023-09-07,2023-12-06
COST,0.04667740726978178,0.014447833884365184,0.01046057433834751,0.16515513109529933,0.01989181277495906,0.032902624673381904,0.4603174603174603,7.0,0.02971271560966788,0.010573013702470106,0.007860506775044414,0.05500833168195418,0.015663213281232703,0.02242052701477565,0.36507936507936506,7.0,2023-09-07,2023-12-06
CRM,0.05861592016186211,0.022947725424494022,0.014484814325712678,0.22556295469417664,0.03334385494784669,0.04668577361615703,0.45634920634920634,6.0,0.03965736509614878,0.01836633231438962,0.010071711770450485,0.12897776850810871,0.021904868314332582,0.029223002035872386,0.49206349206349204,5.0,2023-09-07,2023-12-06
CVX,0.04139738354991688,0.016373995524816495,0.011006447213668375,0.18291987957497546,0.025856648713829873,0.036118908525739166,0.46825396825396826,5.0,0.06539692643234381,0.01543458936254855,0.013211500289362384,0.1701354821855673,0.024903012583126972,0.04045362531910657,0.5555555555555556,6.0,2023-09-07,2023-12-06
DIS,0.07428690593035994,0.021055743079504117,0.016412536261325446,0.307758454350584,0.031909874278310574,0.04842852343454219,0.5119047619047619,6.0,0.031775746472823246,0.0164087846979885,0.009260691139620619,0.07969834184412816,0.023766569466100528,0.028555855143826803,0.4603174603174603,4.0,2023-09-07,2023-12-06
EEM,0.0305817098766253,0.011881673143825548,0.006922697817055708,0.14274902872796136,0.018451703921882837,0.02361627000541398,0.5,6.0,0.02144499314373179,0.00916413335228025,0.004595355673656812,0.07001028420279665,0.01323344658942216,0.014976258535888576,0.5714285714285714,5.0,2023-09-07,2023-12-06
EFA,0.028484200331600058,0.011232434917253849,0.0065516780609375805,0.12272934205355501,0.01486657332530274,0.02103065157935696,0.4880952380952381,6.0,0.01790404895377334,0.008504762518791982,0.004736520887241624,0.07967587824911782,0.012891305634682349,0.015400421287631999,0.5238095238095238,4.0,2023-09-07,2023-12-06
GLD,0.02040876819296848,0.00913395481489813,0.005244484256758833,0.07950010079582237,0.014005449761444326,0.017735279719254867,0.48412698412698413,5.0,0.02541335033960548,0.008522021023042682,0.004466064968978288,0.05886614412466029,0.01047637005247164,0.013847133051620136,0.5079365079365079,9.0,2023-09-07,2023-12-06
GOOGL,0.060956568932244555,0.021766677423072686,0.014129737094037129,0.2474291487456015,0.02728629561727986,0.04556048348002654,0.4880952380952381,6.0,0.05977342665820348,0.01785541047971447,0.017394383419053923,0.13077181053586817,0.024171453984563728,0.044357388454356494,0.47619047619047616,4.0,2023-09-07,2023-12-06
HD,0.04038510198018394,0.01635478832261446,0.011137954712788825,0.1675635825891051,0.02384882981302085,0.033827600622454414,0.44841269841269843,5.0,0.04412211573472438,0.013112769083995161,0.007253635806729065,0.16130215701953532,0.01902197208207269,0.02443651825702689,0.5396825396825397,9.0,2023-09-07,2023-12-06
HYG,0.01716809151222514,0.006460653295823002,0.003823488799728855,0.06457132900280294,0.009873088680168623,0.013005965070636578,0.503968253968254,6.0,0.01188680914371682,0.004365616825172294,0.0024673474413087412,0.03688146274285364,0.0059985293016303395,0.007386614959631138,0.4603174603174603,8.0,2023-09-07,2023-12-06
IEF,0.016503477849393617,0.006282883282401219,0.0031653495875159717,0.0693515801351432,0.00919326668336542,0.011379981930386935,0.5396825396825397,7.0,0.00998871552335973,0.005957664532226118,0.002994852978785104,0.04709102874768045,0.008723142124696725,0.009522691950062279,0.4603174603174603,4.0,2023-09-07,2023-12-06
INTC,0.060116882827751864,0.02536556336627936,0.014205107594580615,0.20659064559429863,0.037321074633127074,0.04963832239798531,0.4801587301587302,6.0,0.053226531204090696,0.023282713746255908,0.013940281982023753,0.16314965225756883,0.031664994258754076,0.042874353180036795,0.47619047619047616,5.0,2023-09-07,2023-12-06
IWM,0.031604169742818045,0.0142214443769737,0.008214575865692785,0.1383713922972183,0.024201028549121754,0.028824115545638702,0.4801587301587302,5.0,0.026884410128516792,0.013616647044381262,0.006013107604502312,0.12168519174662173,0.01648415761513482,0.019132067730105534,0.5079365079365079,6.0,2023-09-07,2023-12-06
JNJ,0.04628944509551819,0.010747836297210135,0.007468030475410268,0.1559699697249156,0.01529110912662024,0.0244951042787167,0.5119047619047619,10.0,0.03167204911163216,0.009006516570947752,0.006574173808275296,0.11214086873538909,0.016658839575986108,0.020197136001566196,0.4603174603174603,8.0,2023-09-07,2023-12-06
JPM,0.039675284753265164,0.01580354809414444,0.009875882568453448,0.1468548657738008,0.02162725682383671,0.032071032045166044,0.4523809523809524,6.0,0.02918366751426345,0.009774659587406994,0.007580173380328168,0.08414621280692758,0.013375027615075063,0.020794718343626256,0.42857142857142855,6.0,2023-09-07,2023-12-06
KO,0.028166478580891552,0.009282215203959087,0.0058915827018263785,0.12341507446199496,0.013826133804900803,0.01957074039270384,0.49206349206349204,7.0,0.029381606496945156,0.010534823596758914,0.00921466153578029,0.10400269067406598,0.010774944695674981,0.022825053434963327,0.42857142857142855,4.0,2023-09-07,2023-12-06
LQD,0.019016477234305416,0.006871739969404802,0.003741667974342501,0.08166328880909357,0.010024530522941017,0.013146976201344862,0.5277777777777778,7.0,0.011301021962710022,0.006773368428803665,0.003388313463246391,0.057812322234888525,0.01003672991090535,0.01053058728272352,0.4603174603174603,4.0,2023-09-07,2023-12-06
MA,0.0474222955541397,0.014113210012900128,0.008401058594483366,0.16128686001165238,0.019646288407557843,0.028055402256834647,0.503968253968254,9.0,0.034275869671842284,0.011163234194426665,0.011485741159876602,0.12591334693244927,0.017176499451158934,0.028159033825924745,0.3968253968253968,4.0,2023-09-07,2023-12-06
META,0.11983491635586346,0.03352279740609982,0.026059717866231933,0.4743717513822777,0.037854375019407284,0.06689573350209717,0.47619047619047616,7.0,0.044547080983873714,0.017571254276809792,0.010606447853303265,0.12040122934946362,0.028462318988086065,0.03619983528859713,0.47619047619047616,6.0,2023-09-07,2023-12-06
MRK,0.031930194756832175,0.012782658074673348,0.00824379573721849,0.10709968758090671,0.018413440613329703,0.0275159164705478,0.42857142857142855,6.0,0.02956737563860254,0.009410465610762598,0.0061598699247088625,0.07507610052548153,0.015141918501446727,0.020359090598061264,0.49206349206349204,7.0,2023-09-07,2023-12-06
MSFT,0.04767707224830566,0.019631131134627916,0.01201386542764845,0.1965121518271794,0.025999049212906765,0.03836648872626114,0.49603174603174605,5.0,0.03304763892189484,0.013917015668088152,0.00906068022389613,0.0784175352615688,0.023405011556245924,0.028165510374251523,0.3968253968253968,6.0,2023-09-07,2023-12-06
NFLX,0.08109671786670977,0.028768891301265725,0.016585714582019396,0.20437009653165894,0.03423695321218537,0.05525697721507532,0.46825396825396826,8.0,0.05595312353265027,0.025959481716334908,0.011303661319727328,0.22267379138652388,0.026653834395354258,0.03491600649857099,0.5555555555555556,6.0,2023-09-07,2023-12-06
NVDA,0.06643945664480341,0.035257891709601634,0.018059931667337437,0.22599114908074125,0.04288062382266448,0.060920871356060356,0.45634920634920634,5.0,0.04276572079361115,0.021439769260367766,0.013199296541238009,0.14099482090279924,0.03666935850491165,0.04161745040291476,0.4444444444444444,4.0,2023-09-07,2023-12-06
PEP,0.03023717527773883,0.010112640823194232,0.006499392834170053,0.09947783456525905,0.01477639307420508,0.021006529901670932,0.48412698412698413,7.0,0.056946835697439614,0.010891036695439685,0.010007663869731452,0.12773801420229725,0.016245286972640605,0.0284982936191005,0.5079365079365079,9.0,2023-09-07,2023-12-06
PFE,0.05247223990891592,0.013788458424411025,0.008683729558937968,0.3509794195587148,0.02212689246805344,0.029958711619250233,0.5674603174603174,8.0,0.04999835479092305,0.01616321378588103,0.011463467588747788,0.14808293136914563,0.02454516908457477,0.037604019251904236,0.5873015873015873,4.0,2023-09-07,2023-12-06
PG,0.0203817393098018,0.009960996445072956,0.006360834977162581,0.12289144704033839,0.014781517069883048,0.02132992345061003,0.4365079365079365,4.0,0.04439440663936657,0.009591982990620624,0.00657694913175801,0.07604853239552689,0.014705264792515816,0.021230210044202585,0.5555555555555556,10.0,2023-09-07,2023-12-06
QQQ,0.03919968854561884,0.014965592993498578,0.008909020124004281,0.16020438827728212,0.021015301798522873,0.029181931653594916,0.5,6.0,0.020482293773837302,0.01042725123769439,0.006863555232855533,0.08776886734625344,0.017507049226090345,0.01985428848526105,0.3968253968253968,4.0,2023-09-07,2023-12-06
SPY,0.029853996814424615,0.011410312844867812,0.0068120311456311144,0.12883012474544941,0.016315968716318817,0.022535344631183556,0.49603174603174605,6.0,0.01959008620006762,0.008051862370790024,0.005286213736526183,0.08489083162800692,0.013380008106753594,0.014739496565364218,0.4603174603174603,5.0,2023-09-07,2023-12-06
T,0.058827142341041985,0.017491547152035176,0.013154163060130354,0.32008016438578424,0.022442327738964395,0.04046804511101109,0.5,6.0,0.026672698831915122,0.016152715784433558,0.007528584347717978,0.061506991737964034,0.02148305796112846,0.02370493570565374,0.42857142857142855,5.0,2023-09-07,2023-12-06
TLT,0.030323527618559422,0.011864520105717008,0.006141219072815819,0.15174878250930768,0.017876704087221577,0.021949401154511074,0.5119047619047619,7.0,0.028732041013607403,0.013728774339107614,0.008107806987966816,0.12014268063144173,0.02292730280758949,0.025103066740039454,0.49206349206349204,4.0,2023-09-07,2023-12-06
UNH,0.03622405327667205,0.014568519326941465,0.010381673117212007,0.1847606077072278,0.022052904918011446,0.03371062019870651,0.48412698412698413,4.0,0.015222830948220913,0.00963671751594261,0.003514650723975968,0.03305527258000773,0.010232236058848154,0.010830850415856352,0.49206349206349204,6.0,2023-09-07,2023-12-06
V,0.04527366962576255,0.012841607591317923,0.007496760533150422,0.14025074221117118,0.017902929388246697,0.025710949674052117,0.46825396825396826,11.0,0.032089251495954235,0.009633080327122739,0.007215836976603466,0.0767463855639875,0.015854893756230316,0.02166593556582913,0.4603174603174603,7.0,2023-09-07,2023-12-06
VNQ,0.0448919599136611,0.014129685614478854,0.008793577805132818,0.2044163923634278,0.024584406871984033,0.02890437564324958,0.5277777777777778,7.0,0.03229549683169442,0.01457778560097251,0.00820203094138271,0.12638509070044102,0.02106602036849391,0.025118168418048065,0.49206349206349204,5.0,2023-09-07,2023-12-06
WMT,0.02416882607984787,0.010641535835583197,0.006569700739958647,0.10438149131413865,0.01651610893808307,0.02239797875472594,0.45634920634920634,5.0,0.048844297087344245,0.012892605311005416,0.014644674611725786,0.09270817928194208,0.015702065322182036,0.03247669948987225,0.4603174603174603,4.0,2023-09-07,2023-12-06
XLB,0.029469238238508996,0.013425440476434014,0.007718133824371403,0.140853457067735,0.020111200428702097,0.02623102624857396,0.47619047619047616,5.0,0.02844193395251002,0.010406432600919368,0.006771889036311909,0.09453057160855904,0.014867571140006308,0.020076877565016915,0.47619047619047616,6.0,2023-09-07,2023-12-06
XLE,0.05076374079754754,0.017384980861053948,0.011675660383435933,0.17344031758263156,0.024868558750522345,0.03722292203108281,0.4444444444444444,7.0,0.04117137614662075,0.013440280158797618,0.00762432891604088,0.11616907350169547,0.02013776182899287,0.024430657543074108,0.5555555555555556,7.0,2023-09-07,2023-12-06
XLF,0.040585929100587635,0.012608008792461808,0.00828561470928998,0.16270271389130853,0.019104203033747068,0.02748265255310869,0.503968253968254,7.0,0.018761267120014465,0.008831809699725942,0.005715798226527705,0.09766959367230199,0.015758263373733372,0.016911243488232808,0.4444444444444444,4.0,2023-09-07,2023-12-06
XLI,0.02972551674738633,0.011541761589873864,0.007051870144707731,0.13168653082963033,0.018776464115850933,0.022362954933740513,0.47619047619047616,6.0,0.016776258284065183,0.008885805359656735,0.0050299187095080794,0.08354301709967193,0.012580569706582079,0.017147800724431284,0.4603174603174603,4.0,2023-09-07,2023-12-06
XLK,0.03507784642210623,0.015977001022870526,0.008978258310420047,0.1617806279012205,0.022604181680851442,0.030425318190516474,0.4880952380952381,5.0,0.018024196036884738,0.010509711164662894,0.006516684634147039,0.07575473075131167,0.01790197712217484,0.0186170272365912,0.3492063492063492,4.0,2023-09-07,2023-12-06
XLP,0.026227510239752193,0.008428755184997956,0.0054422954514758036,0.09879401178599767,0.013444061263397844,0.018452755568954784,0.5,7.0,0.017230967447451482,0.007342087700250505,0.004376118716813075,0.08232937737356127,0.01220434600009752,0.014649033200503425,0.49206349206349204,5.0,2023-09-07,2023-12-06
XLU,0.036149563308999,0.012541930110623867,0.008015424237028604,0.20715976495524935,0.02123909342340709,0.02642717241446583,0.5,6.0,0.04017848402420928,0.01310755867148393,0.00985619377217255,0.13147321086012131,0.019209522808357617,0.029316835210256798,0.4603174603174603,6.0,2023-09-07,2023-12-06
XLV,0.021169527084228274,0.009014425858933094,0.00520837571119902,0.11019699731275878,0.013318463747499103,0.01728393340094192,0.5079365079365079,5.0,0.016549363317756756,0.006844361741473057,0.00480465386644551,0.07201223542654922,0.009764750106288578,0.01433463742919372,0.4126984126984127,5.0,2023-09-07,2023-12-06
XLY,0.03759708955030358,0.015521855802082757,0.009736298090716066,0.23846859389153197,0.023345203578391004,0.032811841179299805,0.4801587301587302,5.0,0.029498911492957528,0.013023322517514422,0.00800190414398408,0.15148595182661106,0.023141440651072886,0.025160201383043562,0.3968253968253968,6.0,2023-09-07,2023-12-06
XOM,0.05227938630907959,0.01743210923671902,0.010851643067818719,0.155758757269699,0.027577461756160722,0.03702558056262113,0.4603174603174603,8.0,0.0376952297660861,0.015392227127631266,0.008642645272647607,0.16791769547325142,0.01939028610397895,0.028793649705234875,0.5873015873015873,4.0,2023-09-07,2023-12-06
AAPL,0.03943384667948264,0.017192631538932322,0.010604719724562065,0.1959204118355583,0.026451281565363065,0.03592385915485706,0.4603174603174603,5.0,0.031684838937100286,0.011126506540830455,0.007315402929200642,0.08545768103845663,0.013435035697868603,0.022146979520022175,0.49206349206349204,6.0,2023-10-06,2024-01-08
ABBV,0.040790434631576666,0.012735247468366693,0.009491280785485914,0.19642213015575316,0.01777438926503938,0.02841505819924154,0.4880952380952381,6.0,0.026451449217228657,0.011250368845106952,0.010496606832233593,0.07824224488769604,0.012803084685434086,0.027326496280579787,0.36507936507936506,3.0,2023-10-06,2024-01-08
AMD,0.09623213681031038,0.032479987159069454,0.020525703783945172,0.2572180720563495,0.04812240590846285,0.06661830878453542,0.4880952380952381,7.0,0.04615184893172537,0.027752212146845687,0.015567091901574032,0.14072106840356446,0.03287827456629956,0.04562068912729028,0.4603174603174603,3.0,2023-10-06,2024-01-08
AMZN,0.07074073055846718,0.02432876622876546,0.014855553417278107,0.32155886625171437,0.0398379342527096,0.04957833693584073,0.49206349206349204,7.0,0.03685612931432811,0.0181814767535943,0.011375348553804971,0.09792533427453154,0.024559608290364097,0.0331500602475959,0.4444444444444444,4.0,2023-10-06,2024-01-08
BA,0.07090322097575762,0.019369589770515297,0.013619713761706431,0.22005447550461332,0.0282647582941549,0.04316536339828239,0.4603174603174603,9.0,0.036406674991605666,0.01937621525383182,0.01857483417939065,0.13346195360778246,0.030601344948986253,0.04476222434376792,0.2857142857142857,2.0,2023-10-06,2024-01-08
BAC,0.06084177070459547,0.017226307758577017,0.011467266007761632,0.3059059769341763,0.02884796421179559,0.03810915407635947,0.5079365079365079,8.0,0.03091654715713662,0.01778706125918008,0.008342560343989246,0.08870385303166817,0.015525491961394754,0.02610570641973889,0.4603174603174603,5.0,2023-10-06,2024-01-08
COST,0.0403716615789077,0.013559912826402464,0.009315506240817017,0.16515513109529945,0.018869211020846238,0.02854850401595107,0.4444444444444444,7.0,0.0312465203915845,0.012698578354802346,0.008266275235868916,0.05500833168195407,0.017296838992264175,0.023781557866395936,0.36507936507936506,7.0,2023-10-06,2024-01-08
CRM,0.05818222714968,0.02214758822226186,0.014167750117616883,0.2238761074270058,0.03218618553581595,0.04560196351413297,0.4642857142857143,6.0,0.04427611574903547,0.018588690481624627,0.010222479826617135,0.06476360450679663,0.023691086903861437,0.03037465877101367,0.49206349206349204,6.0,2023-10-06,2024-01-08
CVX,0.03714867633996352,0.01492932199742377,0.009803122923045929,0.18291987957497413,0.024032903597954857,0.03287253176804393,0.4722222222222222,5.0,0.06169692660098284,0.015786395404428586,0.01335431311709585,0.1606150810598862,0.02433454473803297,0.04045362531910657,0.5238095238095238,6.0,2023-10-06,2024-01-08
DIS,0.0727665130194121,0.020326451657122737,0.016603731692223695,0.29935513395791025,0.031488842336882664,0.04814029415371041,0.49603174603174605,6.0,0.027438233476722966,0.015344555116566065,0.007746677939694098,0.0796983418441285,0.022385375537856123,0.02578716938926842,0.47619047619047616,4.0,2023-10-06,2024-01-08
EEM,0.028606309023883243,0.011300908188357037,0.0064755317420959885,0.12305891501517674,0.017291124387244516,0.02172912691617226,0.5,6.0,0.01919257593396657,0.009245668116734312,0.004569660936658707,0.04944066935243763,0.012044202381695724,0.01462349578336955,0.5238095238095238,5.0,2023-10-06,2024-01-08
EFA,0.02734741754045202,0.010229207840808304,0.00572025969303297,0.09938229319289815,0.014624871244558597,0.01812983815212219,0.49206349206349204,7.0,0.012443186588013865,0.008111951931974061,0.004169674518029337,0.054702187509816036,0.009678533163282498,0.01209075494510603,0.3968253968253968,4.0,2023-10-06,2024-01-08
GLD,0.027900846011627695,0.008741026477516766,0.00500214370726393,0.11347406182165132,0.012712476664323702,0.016997994779432552,0.49603174603174605,9.0,0.015478150102828719,0.009005458678089282,0.004640715198378981,0.04437263297441785,0.01081554136934294,0.014226616235346268,0.4603174603174603,4.0,2023-10-06,2024-01-08
GOOGL,0.0585076617083877,0.021278947934508317,0.013773987725625499,0.20147397923528532,0.02728629561727986,0.04341871104969375,0.4801587301587302,6.0,0.058012789187221164,0.018218309380673835,0.016882028599455895,0.13077181053586817,0.018222548768286627,0.03986760891681071,0.47619047619047616,4.0,2023-10-06,2024-01-08
HD,0.04112235184310134,0.015267739242748905,0.010013559702053896,0.1675635825891051,0.02424296610084654,0.030847477027427603,0.4642857142857143,6.0,0.03236208041431501,0.013067437607546537,0.006604506207003063,0.07606443135357255,0.016395738587206433,0.02077582355153193,0.42857142857142855,9.0,2023-10-06,2024-01-08
HYG,0.015084652098373294,0.0057925279272913665,0.00333195126670896,0.04909320337628886,0.008504747502450881,0.011538231994756036,0.5079365079365079,6.0,0.007865342426476305,0.004422904293734384,0.0017766646506692505,0.019800594040833897,0.004818840892579968,0.00543442420595916,0.4126984126984127,8.0,2023-10-06,2024-01-08
IEF,0.015199780129943805,0.00592644971785289,0.002915301744499804,0.0923909896994608,0.008483885705785654,0.010236601429085872,0.5396825396825397,7.0,0.009342756109492869,0.006048241943039424,0.0028835667004607616,0.028293137380880018,0.008673757778944479,0.009522691950062279,0.4444444444444444,4.0,2023-10-06,2024-01-08
INTC,0.0589541653488806,0.024890278551428984,0.01403670603544776,0.17930950084456643,0.03800834004366595,0.04804157433534559,0.47619047619047616,6.0,0.045539604078637774,0.024802893890554404,0.013011315451039365,0.11822130489998972,0.03003587860648138,0.04051451437618914,0.42857142857142855,5.0,2023-10-06,2024-01-08
IWM,0.033079676670926754,0.013237289982467117,0.0076971109136896665,0.13837139229721895,0.020773586460528324,0.027435128032964686,0.4880952380952381,6.0,0.02819070524351013,0.0151469676259396,0.007118864960482355,0.07819513309386439,0.019256828412855698,0.022350334374702463,0.4444444444444444,6.0,2023-10-06,2024-01-08
JNJ,0.045376415158049445,0.010458253834243154,0.007320728312165311,0.15596996972491595,0.015149367038133915,0.023664969748647794,0.5119047619047619,10.0,0.0205880975649493,0.009351382558672624,0.007262115543191993,0.08161959877392344,0.019234600315571383,0.021055314227998695,0.36507936507936506,4.0,2023-10-06,2024-01-08
JPM,0.03066828534326053,0.014839187828303858,0.009533131026013525,0.13136279762377168,0.020542741412786662,0.030403183830018644,0.44047619047619047,4.0,0.027767456094809496,0.009071503419542581,0.008013695842657863,0.08317587480634048,0.011249415486289271,0.019261236334073756,0.36507936507936506,6.0,2023-10-06,2024-01-08
KO,0.03039593411049623,0.00938745122543941,0.006383554710705694,0.17266459337416107,0.013826133804900803,0.0199939251356824,0.4880952380952381,7.0,0.012027539276986103,0.00830485752093768,0.005454666338769208,0.03871187508571061,0.009610595710448455,0.01550645824651753,0.36507936507936506,2.0,2023-10-06,2024-01-08
LQD,0.017891762917234048,0.006441793451566241,0.003490787077105849,0.08511101639339025,0.009960173961621483,0.011998654381990694,0.5317460317460317,7.0,0.01111893996588434,0.006783363381463466,0.0028880363547751533,0.0353355482103459,0.008067772458560097,0.00942621558035553,0.42857142857142855,6.0,2023-10-06,2024-01-08
MA,0.03371341916187559,0.013297591496256292,0.007722951359231962,0.09853822564030601,0.018118055790721614,0.025156560746360992,0.49603174603174605,6.0,0.03339170453046174,0.011101061588074763,0.012072838498667823,0.0938099631516287,0.014384658131821548,0.026683686921598337,0.3492063492063492,4.0,2023-10-06,2024-01-08
META,0.11432514650195917,0.03273077560836481,0.025430892482175515,0.3606816762941494,0.0360157737311581,0.06250437757376007,0.4642857142857143,7.0,0.03998280636850233,0.01655162432224181,0.010385144511299306,0.12040122934946362,0.022374296540048022,0.03266136481815299,0.42857142857142855,6.0,2023-10-06,2024-01-08
MRK,0.034650445323546344,0.012453963974200713,0.008110412999037243,0.12866696247714093,0.017789847812215025,0.02727555297027285,0.4365079365079365,7.0,0.018760755884363205,0.011136399654310628,0.0069974593520306305,0.050876439131628315,0.01644009386775137,0.020676989522207423,0.3968253968253968,3.0,2023-10-06,2024-01-08
MSFT,0.049587900923455525,0.019214161622217098,0.011538310279808374,0.14525642670772898,0.025635788848399836,0.036043656310045795,0.4880952380952381,6.0,0.024469584870362233,0.012130151432709652,0.008199684524460007,0.043820295365962436,0.01430818386488809,0.022799556366332185,0.3968253968253968,4.0,2023-10-06,2024-01-08
NFLX,0.07964806987009954,0.027466891390537755,0.015681625478087362,0.2198538547341461,0.03346137616699686,0.05237266673361883,0.4880952380952381,8.0,0.04059025823955343,0.025505261465998,0.01025006521200844,0.10301856752809613,0.024994424930362923,0.030671929759417543,0.4444444444444444,6.0,2023-10-06,2024-01-08
NVDA,0.060146426185158704,0.03445154040932589,0.016349326165410204,0.22332893165144596,0.03742736285833946,0.0556013149492218,0.45634920634920634,5.0,0.03989657612192602,0.022209792779720888,0.013227359466946798,0.1409948209027989,0.034461491086676274,0.04109211359535517,0.3968253968253968,4.0,2023-10-06,2024-01-08
PEP,0.03967233276258262,0.01017449206509455,0.0070281201747772505,0.172177348095929,0.01477639307420508,0.02193339246584647,0.503968253968254,9.0,0.02001124000957553,0.009544612366360897,0.0065292405674981895,0.038442499360284654,0.013219898479735925,0.019496995686941077,0.4126984126984127,4.0,2023-10-06,2024-01-08
PFE,0.052658619367748294,0.013828340827272573,0.008553192848576951,0.3924424893853432,0.02212689246805344,0.029191801184110747,0.5753968253968254,8.0,0.054652556284667766,0.019196138478241666,0.015430138841755016,0.20401875851711748,0.03278788250034219,0.04824767304874611,0.47619047619047616,4.0,2023-10-06,2024-01-08
PG,0.031067066009727196,0.00953530457875669,0.005670972366854965,0.10732703964655477,0.013411548429681442,0.01888271725467418,0.4523809523809524,10.0,0.03186575237638096,0.010196592957547672,0.007709456220092166,0.06259771373247258,0.015144739904390659,0.0235806744565972,0.4603174603174603,6.0,2023-10-06,2024-01-08
QQQ,0.030748557710453938,0.014138626408243007,0.007870166556842377,0.11234267493385597,0.0198424873910493,0.025895377520590165,0.4880952380952381,5.0,0.02135319912559687,0.009905977055876836,0.006609323538875222,0.0742417934904438,0.014912129627148617,0.01884575064767688,0.38095238095238093,5.0,2023-10-06,2024-01-08
SPY,0.023517729183548417,0.010467371956144096,0.005949704395041134,0.0758271427631999,0.015535451541062211,0.019887445644837378,0.49206349206349204,5.0,0.014925768853564707,0.007575486354265212,0.0046198808356271714,0.05876434487073101,0.012256790452854027,0.013455734027415317,0.38095238095238093,5.0,2023-10-06,2024-01-08
T,0.05222479502857147,0.01732666224463791,0.013056198757142867,0.320080164385784,0.022442327738964395,0.039826292327001904,0.49206349206349204,5.0,0.020114726199027447,0.01556251939321679,0.0075024684411695115,0.04761916887236328,0.019640534084270654,0.022839671606651735,0.3968253968253968,3.0,2023-10-06,2024-01-08
TLT,0.030745389968432624,0.011598270595386491,0.0061756178389448,0.20551448793628524,0.017876704087221577,0.022011286494853323,0.5158730158730159,7.0,0.02286213752255577,0.013335774023515901,0.00685460913374688,0.06442894810730682,0.020035492037456835,0.02321600301894952,0.4603174603174603,4.0,2023-10-06,2024-01-08
UNH,0.035487089418090464,0.014400470500504694,0.010248696458928242,0.18476060770722758,0.021519150979920732,0.03288140840664052,0.4801587301587302,4.0,0.024267435238612876,0.009557874171250414,0.0054277813304256795,0.06380099703878472,0.01100569221863279,0.01704941982524169,0.5079365079365079,6.0,2023-10-06,2024-01-08
V,0.032328439366566104,0.01240147009561759,0.007137587044743181,0.0777881712590971,0.016253134115019763,0.024400980431115434,0.46825396825396826,7.0,0.018267776022943813,0.008307090113343091,0.00596038547485821,0.049460981669247395,0.013627894390190909,0.017076238313895598,0.4126984126984127,4.0,2023-10-06,2024-01-08
VNQ,0.03582493029512509,0.013550810764492535,0.00834963514846541,0.19846180574810868,0.02366216789550015,0.02788971069867311,0.5317460317460317,5.0,0.02630048435440044,0.014710048832400737,0.007514424101257268,0.07486982004242726,0.020715713761725506,0.02258255579760765,0.42857142857142855,5.0,2023-10-06,2024-01-08
WMT,0.023024650925726302,0.010168143478873485,0.00630436870585363,0.10438149131413876,0.015259647992561137,0.021139969622062882,0.4523809523809524,5.0,0.04725352216910693,0.013175286847418075,0.015001118148922835,0.10813812891748475,0.01215379152208349,0.0304429143564387,0.42857142857142855,4.0,2023-10-06,2024-01-08
XLB,0.03130571937886125,0.012423752459364522,0.00734080721365794,0.11575765741515265,0.019037537405028226,0.024819230825445775,0.48412698412698413,6.0,0.021100992647936148,0.009810607098456279,0.006698727824741634,0.05949247699189508,0.014796048602703882,0.018880252889367705,0.36507936507936506,5.0,2023-10-06,2024-01-08
XLE,0.045621211767034535,0.01589396008861711,0.010375341985530763,0.1734403175826318,0.024194615723985236,0.03417281770139628,0.4523809523809524,7.0,0.03273021950306349,0.01264646345667486,0.006710560876950849,0.11700740031121692,0.017529148312061572,0.020798835797328996,0.5079365079365079,7.0,2023-10-06,2024-01-08
XLF,0.03806964814007447,0.01173277649266622,0.00786721559346297,0.16270271389130864,0.01826715889678876,0.025870876331279918,0.49603174603174605,7.0,0.016287596005705847,0.008421081172518077,0.005888813370669661,0.06731904911232056,0.015089238303557028,0.017108100568982848,0.3492063492063492,4.0,2023-10-06,2024-01-08
XLI,0.021818385980831013,0.010551927668171833,0.0063262695075008025,0.09864548251958094,0.01828964588074209,0.02071421701467167,0.47619047619047616,4.0,0.01666534272756247,0.008729311452759757,0.006025388464109888,0.0691120560696924,0.012580569706582079,0.017003705228692795,0.3492063492063492,4.0,2023-10-06,2024-01-08
XLK,0.031072717985174712,0.015255857840365188,0.008138092805640996,0.10739638732723045,0.02137257387570276,0.02757264964269012,0.47619047619047616,5.0,0.021338750554717425,0.010166169198365934,0.0067742065253071195,0.06365419918415172,0.015031856181124037,0.0193276544580451,0.36507936507936506,5.0,2023-10-06,2024-01-08
XLP,0.022687697382725244,0.007860560826767057,0.004632448170775572,0.12776773412343,0.011891675428508946,0.016075671221533246,0.5079365079365079,7.0,0.012711471722943075,0.007555370429882574,0.004997453600753829,0.021824277418272975,0.01220434600009752,0.015014676202374205,0.36507936507936506,3.0,2023-10-06,2024-01-08
XLU,0.036490048891284245,0.01204158095159611,0.008158344264311519,0.20197515775833041,0.020412571875942438,0.02655800213999251,0.49603174603174605,6.0,0.020077535346534364,0.011561838636737092,0.00573643867043839,0.046590435178252676,0.015217870735932781,0.017992101518401693,0.42857142857142855,5.0,2023-10-06,2024-01-08
XLV,0.018573067428400678,0.008214014337603959,0.004550771501381042,0.11019699731275878,0.012832044725594327,0.015386584440829213,0.5079365079365079,5.0,0.016595221652715226,0.00753993860014563,0.005400032442550193,0.06121820556697699,0.009878361123401147,0.015489986313161341,0.3492063492063492,5.0,2023-10-06,2024-01-08
XLY,0.037283913167179085,0.014700894122838436,0.008744772361029276,0.13620752431565264,0.022033198774741157,0.030051602984155733,0.4801587301587302,6.0,0.022657052122195646,0.011746362463973849,0.007552350707398549,0.09244748911345602,0.020043854735443456,0.022356085884972315,0.3333333333333333,5.0,2023-10-06,2024-01-08
XOM,0.04543415394864061,0.016505032892550467,0.010216674829720771,0.15575875726969934,0.02679893332842017,0.035678307686003025,0.4603174603174603,7.0,0.029615121839259812,0.013806101346647568,0.007573532040022351,0.12452131441056613,0.01766580252885359,0.02301360298073682,0.5396825396825397,4.0,2023-10-06,2024-01-08
AAPL,0.0384211217712097,0.01546360524301925,0.009532223257254127,0.17364011345776298,0.023566854391663877,0.03185076596180655,0.4523809523809524,6.0,0.03159064610422654,0.011321245421052888,0.007065728926630754,0.08545768103845663,0.012904573778782047,0.02182932830656162,0.5079365079365079,6.0,2023-11-06,2024-02-07
ABBV,0.04166319976993089,0.012366183897101524,0.009694359253825911,0.1964221301557535,0.01777438926503938,0.029091026364675174,0.4880952380952381,6.0,0.01372279455343199,0.009365950272420322,0.007001425792567342,0.032076667540096304,0.007208292838495234,0.016842748096084048,0.2857142857142857,2.0,2023-11-06,2024-02-07
AMD,0.0823925259278327,0.03159604715691181,0.017710033681577794,0.2749439089806577,0.04665222821578222,0.05997574067181284,0.48412698412698413,7.0,0.03948752050722961,0.028529892915488866,0.014494427170312456,0.09034678461217327,0.03329814261377939,0.04111599223391549,0.4126984126984127,3.0,2023-11-06,2024-02-07
AMZN,0.05904967941305751,0.023239576841520143,0.013187761735582846,0.1964396385244206,0.03328813859268913,0.04324328444198157,0.4603174603174603,7.0,0.02245420243741535,0.016059724094140908,0.006534291714591768,0.06166028135514101,0.0159868334989998,0.021016878137976425,0.47619047619047616,4.0,2023-11-06,2024-02-07
BA,0.06218752016996849,0.018035450732444988,0.01185703998687504,0.2558928566637244,0.0282647582941549,0.038989304720962105,0.4642857142857143,9.0,0.05845311351127196,0.024071230275107693,0.022615787965670698,0.24153323958765283,0.03384776272760516,0.06264738976292208,0.38095238095238093,3.0,2023-11-06,2024-02-07
BAC,0.06133733617675156,0.016763732177147814,0.011560668632761936,0.3257296423708941,0.029099934602529253,0.038673953771542195,0.5079365079365079,8.0,0.030408979045140127,0.01569147763565463,0.0059407040869626625,0.07842002581427909,0.015397690481046878,0.01862087832787604,0.49206349206349204,8.0,2023-11-06,2024-02-07
COST,0.03796153843028302,0.012670220725315878,0.00882240268964081,0.165155131095299,0.017944391273149025,0.02612479754294502,0.44047619047619047,7.0,0.021178000995368578,0.012103556326823976,0.007843704072358732,0.03315827190132481,0.013891102598763772,0.02173987996347468,0.3333333333333333,4.0,2023-11-06,2024-02-07
CRM,0.055652808176573657,0.02118422970448997,0.01355182017286696,0.2085518639422025,0.02881828114191408,0.04336920495484057,0.4642857142857143,6.0,0.03356790415991382,0.01794919894647681,0.009203321486845058,0.06035555077658483,0.016621534263645644,0.025597364683171947,0.3968253968253968,6.0,2023-11-06,2024-02-07
CVX,0.04876164766093016,0.01540250011967514,0.0110821926502114,0.21143394439897323,0.02539113253406869,0.03717962586884128,0.5,6.0,0.02708573952627851,0.011862457467535512,0.0070938841616443715,0.06948376034122627,0.017439597382622983,0.021316229461244757,0.47619047619047616,5.0,2023-11-06,2024-02-07
DIS,0.07198583731166464,0.019837473254617058,0.01636041757083287,0.29935513395791014,0.030912145680625818,0.04750812137847327,0.49603174603174605,6.0,0.02504478710675047,0.015795379598457757,0.008583898806749151,0.06744734734695346,0.022675544585043228,0.02710285406311211,0.4444444444444444,3.0,2023-11-06,2024-02-07
EEM,0.025677888084245405,0.010823664021470546,0.005766132058034099,0.13373693483208493,0.01632671004001087,0.01973636031587443,0.503968253968254,6.0,0.018755561174609633,0.009244555643053945,0.0056233604932692015,0.06338557335758754,0.013912264749515279,0.01782443218094673,0.4603174603174603,4.0,2023-11-06,2024-02-07
EFA,0.026315156308008337,0.009853372031379785,0.005592411062779549,0.115766890262196,0.013953460050271293,0.017941447686588598,0.48412698412698413,7.0,0.011381955772715894,0.007241361297211949,0.004290816660349245,0.03127074584337197,0.009700337309371776,0.011937070282713486,0.3968253968253968,3.0,2023-11-06,2024-02-07
GLD,0.02636363330605667,0.008858666821367194,0.0049141092246633815,0.11347406182165154,0.012404814178868517,0.016717304105141682,0.47619047619047616,9.0,0.016719913092184038,0.007876457438016292,0.00486558317497419,0.04437263297441785,0.011005330791551249,0.014253165844690469,0.47619047619047616,4.0,2023-11-06,2024-02-07
GOOGL,0.056109761265159125,0.020471807760938928,0.013412691935894613,0.1727307411391873,0.025370620619723734,0.040239375517944334,0.4722222222222222,6.0,0.04352182870471544,0.016006141856675364,0.014200243933637313,0.08735578643417641,0.018001779734077173,0.032770303214788965,0.4126984126984127,4.0,2023-11-06,2024-02-07
HD,0.05049654269598528,0.014715630370084942,0.009518197531981352,0.16998919604011842,0.023278295857869363,0.029919729195622486,0.4722222222222222,9.0,0.021585062664638437,0.013024910317029135,0.006681090824769039,0.044463282928775216,0.01541205240796586,0.019829690455939852,0.38095238095238093,5.0,2023-11-06,2024-02-07
HYG,0.01615134001159397,0.005506801763862463,0.0029688128844295373,0.04909320337628853,0.007268259762902868,0.010014681423832208,0.5158730158730159,8.0,0.005444346861534056,0.0038776583885989117,0.0016851549809510174,0.01693611497894343,0.004489552182760282,0.0054215303608800836,0.38095238095238093,5.0,2023-11-06,2024-02-07
IEF,0.014999210980925501,0.006044058215210527,0.002951233642080249,0.10158169612549428,0.008732296229726039,0.010268602969678286,0.5277777777777778,7.0,0.009555815959314568,0.005576805541661967,0.0032231918910386437,0.02350520904501585,0.00807344264469465,0.010186063557101999,0.4603174603174603,3.0,2023-11-06,2024-02-07
INTC,0.05821981108343588,0.024361020308800222,0.014071887960282118,0.17930950084456598,0.03800834004366595,0.04782354724504264,0.46825396825396826,6.0,0.07710344016446911,0.02564910778549964,0.02325341846230021,0.16075656707772246,0.02432030717328445,0.05604829804867975,0.3968253968253968,5.0,2023-11-06,2024-02-07
IWM,0.031067720678640953,0.012854060029361503,0.007172922523207146,0.17985346632610477,0.020325561338357483,0.025461640562544484,0.49206349206349204,6.0,0.02868782835392942,0.014202929069765521,0.006830435322364147,0.07489495496842236,0.016304838492645912,0.021743698175963888,0.47619047619047616,6.0,2023-11-06,2024-02-07
JNJ,0.04633261281231963,0.010388983417336593,0.007536771684137326,0.17433309113140527,0.015349938977507777,0.02453601825480415,0.5079365079365079,10.0,0.017791451944505363,0.008294332947765612,0.005804971093004396,0.04105364012080959,0.01210725032040515,0.01710543737200132,0.4126984126984127,4.0,2023-11-06,2024-02-07
JPM,0.03849667328766127,0.013675002804709522,0.00958250525558668,0.13486571267312175,0.019921257656021277,0.030953869922394163,0.4523809523809524,6.0,0.009672159754924168,0.007392400400873122,0.0034116965625834808,0.03006926977124269,0.007849419806312319,0.01013235844767027,0.36507936507936506,4.0,2023-11-06,2024-02-07
KO,0.02912404220439691,0.009029223925439428,0.006165371837624346,0.17266459337416096,0.012658721820286333,0.01908860919480619,0.48412698412698413,7.0,0.01331240694461147,0.007150195598972319,0.005099510724750361,0.03871187508571072,0.008186252655061853,0.014888286934854111,0.38095238095238093,3.0,2023-11-06,2024-02-07
LQD,0.017171154548476425,0.006521873992975062,0.0034069751088246876,0.09660099838899583,0.009833640332006422,0.011745125863563423,0.5238095238095238,7.0,0.011054913068395247,0.005993822622464298,0.002871405991790973,0.02424572450669582,0.00889427679746506,0.009743822644910916,0.42857142857142855,6.0,2023-11-06,2024-02-07
MA,0.03494617543982894,0.012706023860013313,0.008131415280912577,0.1259133469324496,0.017705517104575193,0.025327332165820726,0.4880952380952381,6.0,0.011708870677743852,0.00759794383907374,0.004994855547053429,0.018147191396645668,0.010604569248137874,0.013546434829096982,0.31746031746031744,3.0,2023-11-06,2024-02-07
META,0.05487589424195095,0.027648373544362677,0.01248007554971328,0.12974693938906057,0.03040036491487386,0.04085222901500678,0.4523809523809524,7.0,0.03052156980516953,0.029273581031584364,0.00836810716159049,0.07039723877768489,0.021505178114878253,0.025428853798549922,0.3968253968253968,6.0,2023-11-06,2024-02-07
MRK,0.03563650147023282,0.012184123343644264,0.008374577845504712,0.1401397944277064,0.01968796269301336,0.028038447589703676,0.43253968253968256,7.0,0.012704649913519226,0.010931565520307707,0.00491548954987351,0.04042159952849533,0.010517301805109302,0.014712844072581138,0.38095238095238093,3.0,2023-11-06,2024-02-07
MSFT,0.03876136155449612,0.01760034505682814,0.009438643235672754,0.1357204838507371,0.023780932848371062,0.03005136639402891,0.4642857142857143,6.0,0.021176267530107647,0.010994241221221699,0.007096103757884396,0.043820295365962436,0.0142795658475389,0.020157571035915173,0.3968253968253968,4.0,2023-11-06,2024-02-07
NFLX,0.06059629698504993,0.026357036267379855,0.014318389078357755,0.2751313825731936,0.03198595806710014,0.04611584007662764,0.4801587301587302,6.0,0.03731952737058517,0.01956733299938178,0.009424123073380093,0.06845860493575162,0.022083768720238706,0.026958471911209897,0.4444444444444444,6.0,2023-11-06,2024-02-07
NVDA,0.05650003755987262,0.03385611469410296,0.015358145130362202,0.22332893165144607,0.03847026119362732,0.05179523362898633,0.45634920634920634,5.0,0.02288980936592914,0.02010377041391043,0.009460505887127971,0.09724480380330491,0.02661165251309707,0.02818372481638956,0.3333333333333333,3.0,2023-11-06,2024-02-07
PEP,0.03938466664599896,0.009520355931283878,0.007032976186785529,0.18262197561235072,0.014429397297951391,0.0217749440775988,0.5,9.0,0.015689486419278493,0.008451945776139575,0.00498078933945349,0.04533109800338564,0.012099278426791583,0.015559848932150566,0.42857142857142855,4.0,2023-11-06,2024-02-07
PFE,0.05734205881692018,0.013568400269500326,0.009050309620200396,0.4299296946016734,0.022798576356528315,0.03156723013378933,0.5873015873015873,8.0,0.04695393368588027,0.017677769337325892,0.013912276647668228,0.15256646006208074,0.021409499121407428,0.04097749479928495,0.4444444444444444,4.0,2023-11-06,2024-02-07
PG,0.030159224056259648,0.009344443102669745,0.005505255184872792,0.10732703964655455,0.013170660864898464,0.018219021093255974,0.4523809523809524,10.0,0.029911919442303262,0.010696260555136445,0.0076753458979517165,0.0625977137324728,0.012023269713833573,0.022194690249235483,0.42857142857142855,6.0,2023-11-06,2024-02-07
QQQ,0.026073677970161895,0.013204606615286212,0.006984020884864793,0.11234267493385619,0.018522379803898405,0.02255967647974812,0.4642857142857143,5.0,0.017019159139129148,0.00877427508139539,0.005402907663215603,0.03698658417565315,0.010451810912578397,0.015487371625296231,0.36507936507936506,5.0,2023-11-06,2024-02-07
SPY,0.020918129154944873,0.009722097196975749,0.005458714978680833,0.09974318833807894,0.01442145420947894,0.0174774938661273,0.47619047619047616,5.0,0.011667930016082392,0.0065303633642359625,0.004218563762428378,0.01974029181881598,0.00757855605574611,0.011535012796916683,0.3492063492063492,4.0,2023-11-06,2024-02-07
T,0.052230000727859265,0.017155621496325508,0.013162802602787113,0.32008016438578446,0.022442327738964395,0.040068949286722284,0.4880952380952381,5.0,0.028659967460618045,0.01291339821916724,0.008731531305206215,0.05582378522038589,0.016224208913359274,0.02539907482644549,0.4444444444444444,4.0,2023-11-06,2024-02-07
TLT,0.03166768504247616,0.011978682485553649,0.006518580586432676,0.22444210597636505,0.018673330495894456,0.023210158218284024,0.503968253968254,7.0,0.02105139691200119,0.011666076488836228,0.00612606788444479,0.07123670988937902,0.01737135777767527,0.020724256940435337,0.47619047619047616,4.0,2023-11-06,2024-02-07
UNH,0.043857777239773514,0.014166247473794255,0.010046785190207857,0.18166511940174856,0.021090416547435313,0.032405228882477016,0.49603174603174605,6.0,0.03744418913633664,0.012443728312069094,0.00980681144046912,0.10468348943358441,0.0239143187172107,0.03098994542785824,0.47619047619047616,5.0,2023-11-06,2024-02-07
V,0.030467778269215505,0.01157019518596479,0.0068279383571449095,0.0777881712590972,0.015827140523150866,0.022774127172604273,0.4603174603174603,7.0,0.012248138665143491,0.007166203088598981,0.005103391110476454,0.020085605013618002,0.010900508621063187,0.014038673057082923,0.3333333333333333,3.0,2023-11-06,2024-02-07
VNQ,0.03324703084624418,0.013223591412719908,0.007947497413444825,0.217944642276638,0.021578896007120242,0.02675134229751338,0.5198412698412699,5.0,0.018899258158394237,0.013240719676535753,0.006187257135188589,0.07649303933822105,0.015623697335784625,0.019734002748495738,0.47619047619047616,3.0,2023-11-06,2024-02-07
WMT,0.021848441737980676,0.009735820686803587,0.0061123616766969755,0.10438149131413788,0.014556887566674519,0.020463938509728948,0.44047619047619047,5.0,0.04756577645087996,0.0133355375466491,0.015100246492342845,0.10813812891748475,0.01215379152208349,0.030849250843462517,0.42857142857142855,4.0,2023-11-06,2024-02-07
XLB,0.029284848871297967,0.01174292718536917,0.006972583064594753,0.12717076566784535,0.017879242132909416,0.023124646459389848,0.47619047619047616,6.0,0.020611366928719423,0.009428313328311816,0.0065432910884823565,0.060665983899337195,0.013698799773603743,0.018455548296330337,0.36507936507936506,5.0,2023-11-06,2024-02-07
XLE,0.04594257747392622,0.015561612233012766,0.00999083275080401,0.17344031758263145,0.023468317582515472,0.0331492277840882,0.47619047619047616,7.0,0.0245473044168433,0.011187935512534154,0.007143395465218949,0.07210873907179571,0.018588623898435786,0.02105152024129575,0.47619047619047616,4.0,2023-11-06,2024-02-07
XLF,0.03721965942438864,0.011041642444125198,0.00781662874336119,0.1627027138913082,0.0181436178661712,0.025446511184607373,0.4880952380952381,7.0,0.011240939332548699,0.006526088189563029,0.004262437313047567,0.018952312156123585,0.006855199724811056,0.01136380310325194,0.31746031746031744,4.0,2023-11-06,2024-02-07
XLI,0.021004007485101353,0.01001792276372007,0.00609013939917724,0.12566269878619563,0.01675973780030749,0.02059314018397442,0.47619047619047616,4.0,0.013318930858594414,0.007415877509400426,0.0048154864656293735,0.03417138685001919,0.010087609134744269,0.01317261068487563,0.3492063492063492,4.0,2023-11-06,2024-02-07
XLK,0.025589734556180653,0.014034505189136999,0.007006713033239941,0.10944094169708452,0.019098251690975017,0.02323360316069621,0.4523809523809524,5.0,0.020465558681949568,0.009935099186082048,0.006821852893983189,0.046356264160753224,0.012111571144797828,0.018617978304156124,0.3333333333333333,5.0,2023-11-06,2024-02-07
XLP,0.020935207917939003,0.0073464164765515835,0.004309372147782929,0.13365491071902225,0.010369192528706255,0.01443527430721784,0.503968253968254,7.0,0.01697396595125058,0.0073434500762136435,0.004791038776562663,0.021824277418272975,0.011859640843281427,0.014677134182035811,0.42857142857142855,5.0,2023-11-06,2024-02-07
XLU,0.03287534536332365,0.011413528194935085,0.0074716694007553736,0.20197515775832997,0.01896820177290926,0.02393175556848888,0.4880952380952381,6.0,0.027437774822900576,0.01154129603010827,0.00675056364690411,0.08255360686657598,0.017976575067301537,0.020604471338932367,0.5079365079365079,5.0,2023-11-06,2024-02-07
XLV,0.017433910143521338,0.007665771078827581,0.0043063841788777805,0.110196997312759,0.012077023073346876,0.01460373195421866,0.503968253968254,5.0,0.015946144392364723,0.006526069664712239,0.005062268061068166,0.022049173172409398,0.008274441946285615,0.013199630117831096,0.36507936507936506,5.0,2023-11-06,2024-02-07
XLY,0.03304452503338327,0.014114930092716381,0.008110928871830438,0.16198632478148067,0.021090139341304253,0.027073823901199424,0.45634920634920634,6.0,0.02082800887242473,0.010253456610447003,0.0061161613355532945,0.057934950692899,0.017798060392882863,0.018832741054549323,0.4126984126984127,5.0,2023-11-06,2024-02-07
XOM,0.047836318689436615,0.016492626668835393,0.010282277496075992,0.15575875726969923,0.027577461756160722,0.03632865518460701,0.48412698412698413,7.0,0.0250560448780831,0.011504968255968851,0.006407630524377511,0.07774382488766507,0.016696784467212167,0.019549083686791285,0.5396825396825397,4.0,2023-11-06,2024-02-07
AAPL,0.036824965148616495,0.013740986005759188,0.009202906900595935,0.1493237495616092,0.02003079893579495,0.03062169933351718,0.44841269841269843,6.0,0.0486378752448221,0.01152788481892231,0.00772029765790827,0.1458501809899263,0.019346490717347186,0.02724167791812296,0.6190476190476191,7.0,2023-12-06,2024-03-08
ABBV,0.04259165242478942,0.012315937547747385,0.009833570545405925,0.19642213015575316,0.0183181639556259,0.0298732156118644,0.49206349206349204,6.0,0.010853667776938736,0.008923346655529662,0.004414686298159605,0.021432804111166437,0.010336968221694776,0.013342084377304109,0.3492063492063492,3.0,2023-12-06,2024-03-08
AMD,0.08068921386431582,0.029401799772323035,0.017210497004789587,0.2749439089806577,0.0425592002466844,0.05835644427203604,0.4880952380952381,7.0,0.050126691410751704,0.033830851573968854,0.015471201052701144,0.09034678461217338,0.0345910843996249,0.0445294573866489,0.4444444444444444,4.0,2023-12-06,2024-03-08
AMZN,0.0578167370283984,0.021361276501591617,0.013105127059770304,0.1964396385244207,0.03118871875094756,0.04244070900991362,0.4523809523809524,7.0,0.024826338590358998,0.01652663978834984,0.006786741589957045,0.06166028135514101,0.01896933184672871,0.0227801667917103,0.5079365079365079,4.0,2023-12-06,2024-03-08
BA,0.05990920694577478,0.017526183251340876,0.011763617755431019,0.2558928566637244,0.026688998341088586,0.03831581153787093,0.44841269841269843,9.0,0.09580975472463764,0.022879515718864894,0.02004677407658363,0.24891204546538415,0.03384776272760516,0.06264738976292208,0.5396825396825397,6.0,2023-12-06,2024-03-08
BAC,0.060132900577303604,0.016508454168316825,0.011149373229932173,0.29974980100398885,0.027787344105954775,0.037404967653076146,0.5158730158730159,8.0,0.03322720195430966,0.014762967460971993,0.006896977206633261,0.07842002581427943,0.015786225507514108,0.021211454724114176,0.4603174603174603,8.0,2023-12-06,2024-03-08
COST,0.030367720529872307,0.011606213845802162,0.007309627285576833,0.09989876355836502,0.01716613861460962,0.023342343983362494,0.42063492063492064,7.0,0.044890380230709286,0.015067105912384205,0.015834349287728144,0.07641396904032571,0.013986985308259037,0.03321906912271866,0.36507936507936506,4.0,2023-12-06,2024-03-08
CRM,0.03993210736060062,0.018845063773686454,0.009867782663063285,0.1626487490499724,0.022726459326562098,0.03156425147307204,0.45634920634920634,6.0,0.042883849919058324,0.01596435149626903,0.010829255030065231,0.06035555077658461,0.02100187821099305,0.030423455167872704,0.4444444444444444,6.0,2023-12-06,2024-03-08
CVX,0.04720205891732199,0.014820287386288893,0.010727740663027724,0.2226067601084568,0.02414927476730747,0.03571669861370742,0.5,6.0,0.028749584381024058,0.01267022436712312,0.00775782435678427,0.06948376034122583,0.01943430190033002,0.023761943347679643,0.4603174603174603,5.0,2023-12-06,2024-03-08
DIS,0.05419648300371688,0.017351280075502008,0.01236684990044653,0.2993551339579099,0.02881651668958357,0.03914473760086663,0.49206349206349204,6.0,0.026882579732268406,0.01927381708196593,0.008534152295958223,0.04949968877966138,0.020426708641583836,0.0257185622043756,0.42857142857142855,4.0,2023-12-06,2024-03-08
EEM,0.025865726207091162,0.009834125751155214,0.005667788611115592,0.13373693483208593,0.0153706117647184,0.019601882703947505,0.5158730158730159,6.0,0.019211285574406312,0.009151685803653753,0.00643764419600917,0.06338557335758732,0.014827738732315198,0.018984997386174457,0.3968253968253968,4.0,2023-12-06,2024-03-08
EFA,0.026326143271032783,0.00867517840988808,0.005506639740426871,0.11576689026219567,0.013821543902095635,0.01794134376629961,0.49206349206349204,7.0,0.010210191663291832,0.007096853134229637,0.004746234219897564,0.03127074584337175,0.010055087734164636,0.013350612742686563,0.3492063492063492,2.0,2023-12-06,2024-03-08
GLD,0.027394032118829723,0.008443330789592592,0.00506719433046082,0.11347406182165043,0.012404814178868517,0.017059961091869264,0.4801587301587302,9.0,0.01651975250388247,0.007277100429272987,0.004290844806203238,0.04242171620695978,0.010863173761657996,0.012296981777962651,0.42857142857142855,6.0,2023-12-06,2024-03-08
GOOGL,0.056065342364409486,0.019341561155218037,0.01345001900156288,0.17273074113918752,0.025370620619723734,0.040239375517944334,0.4722222222222222,6.0,0.04898428903432258,0.01760164715420916,0.015550567947403993,0.14402973347721437,0.021370456491764944,0.042186995243367026,0.42857142857142855,4.0,2023-12-06,2024-03-08
HD,0.050150356625918914,0.013628335196129375,0.009524018973743104,0.16998919604011886,0.0222073564216287,0.029970983802677573,0.46825396825396826,9.0,0.019772443609017917,0.010778858139386513,0.0059631179138308005,0.044463282928775216,0.015364214189470949,0.018405869618682708,0.3968253968253968,5.0,2023-12-06,2024-03-08
HYG,0.014474139144714288,0.004912382434989793,0.0027723096292007598,0.0490932033762882,0.006999974615052878,0.009176319660976172,0.49603174603174605,8.0,0.006748155006220782,0.003638424470152909,0.001928044287491652,0.016936114978943317,0.004489552182760282,0.005879053891476693,0.42857142857142855,5.0,2023-12-06,2024-03-08
IEF,0.014688273688629731,0.005938415554312589,0.002962912351211685,0.10158169612549472,0.008732296229726039,0.010250070005096546,0.5158730158730159,7.0,0.009470893771643467,0.004835755792174722,0.003100590222859468,0.033877077713689974,0.007940149565673283,0.010461889933534863,0.47619047619047616,3.0,2023-12-06,2024-03-08
INTC,0.056468226832445026,0.023972112815395887,0.013852234576501664,0.16881555412497107,0.037321074633127074,0.04776541710580459,0.4603174603174603,6.0,0.08395266911709856,0.026212106276559153,0.024373355550125386,0.17034906470958644,0.04428704398505526,0.06703286055956442,0.4126984126984127,5.0,2023-12-06,2024-03-08
IWM,0.0297532306105704,0.012499592648948616,0.006815765309419987,0.17985346632610433,0.016660287826928806,0.023874543632137556,0.49603174603174605,6.0,0.03694251741139728,0.013883838081044243,0.009062378008567873,0.07489495496842236,0.019236904065912486,0.027948893437638095,0.4603174603174603,6.0,2023-12-06,2024-03-08
JNJ,0.04657099306743775,0.010400663076290265,0.007265074918520288,0.17433309113140538,0.015349938977507777,0.023733592393506663,0.5277777777777778,10.0,0.014374563946478597,0.007422483505220144,0.005276377639084406,0.04142296530991407,0.011469119893240964,0.015585056387023039,0.4126984126984127,3.0,2023-12-06,2024-03-08
JPM,0.03808844410830871,0.01310037871269818,0.009618293966744622,0.13486571267312275,0.018755631421138313,0.030277849370024944,0.4444444444444444,6.0,0.00862015705155713,0.007542480117022516,0.0031166352655541646,0.030069269771243134,0.008623831273907234,0.009894259493983704,0.3492063492063492,4.0,2023-12-06,2024-03-08
KO,0.029155156437163737,0.008457740739687575,0.0061229747221866054,0.17266459337416118,0.011342560802528568,0.018804135428028064,0.4880952380952381,7.0,0.014001780612981452,0.007669192015660008,0.004657850405528104,0.0387118750857105,0.008249444252630689,0.014888286934854111,0.4603174603174603,3.0,2023-12-06,2024-03-08
LQD,0.016714130393505694,0.00617010752688043,0.0034268389034304,0.09660099838899716,0.010012596855129724,0.011757562267009124,0.5079365079365079,7.0,0.012682712340644407,0.005098938748906252,0.002928187553395534,0.03592785623242245,0.00889427679746506,0.00996253310583814,0.49206349206349204,6.0,2023-12-06,2024-03-08
MA,0.03315840653277266,0.011220697654128356,0.007894858698279205,0.1259133469324495,0.017452890644620866,0.024175279810920988,0.47619047619047616,6.0,0.019734589580462623,0.009761950533541229,0.007831186341453421,0.041440334010611535,0.013817315054366341,0.020157097354500497,0.36507936507936506,3.0,2023-12-06,2024-03-08
META,0.05485008596435906,0.025977889434979324,0.012201048338685449,0.12974693938906057,0.029585110118298705,0.04063340594073364,0.4642857142857143,7.0,0.023687304955446884,0.02987229319720102,0.008694744874519194,0.042674575953241756,0.022081024203762966,0.025543278165683636,0.4126984126984127,3.0,2023-12-06,2024-03-08
MRK,0.03453013555220753,0.011825131168176828,0.007769280499246694,0.14228028073411292,0.01897763950495559,0.026559809168548363,0.45634920634920634,7.0,0.01730843012015451,0.010715762611649369,0.005357371227666872,0.05113937939187674,0.009767383023033682,0.014983483354901211,0.38095238095238093,5.0,2023-12-06,2024-03-08
MSFT,0.037512058216669524,0.016265007770947627,0.009134429760552643,0.13572048385073743,0.023780932848371062,0.03005136639402891,0.4642857142857143,6.0,0.027577498911737875,0.011198649927859,0.008268385917099538,0.042126698791093875,0.020750559128547362,0.02514784861638439,0.4603174603174603,4.0,2023-12-06,2024-03-08
NFLX,0.060808140745550805,0.024568298731605397,0.014368445955388085,0.275131382573194,0.030009549335551562,0.045598042409013766,0.4801587301587302,6.0,0.026633484552632227,0.02058890281595641,0.008983516614975155,0.0535736028060243,0.022083768720238706,0.027638212140956298,0.4603174603174603,3.0,2023-12-06,2024-03-08
NVDA,0.05458746709435965,0.03175248765971421,0.014946568371074666,0.22332893165144618,0.03709652031951109,0.04971367945625961,0.4523809523809524,5.0,0.038749047505279445,0.029988524080565408,0.014582974867578286,0.08698261347913772,0.028392191765317133,0.039404137967413794,0.31746031746031744,4.0,2023-12-06,2024-03-08
PEP,0.038597338402844884,0.009213828119450276,0.006892381857650873,0.18262197561235083,0.013964988001074014,0.02132808134999144,0.5,9.0,0.029357976331089906,0.010315588055860817,0.00745599398884823,0.0608191802839021,0.014624959946008275,0.023074597991914164,0.49206349206349204,5.0,2023-12-06,2024-03-08
PFE,0.06096489556404053,0.013934069204551418,0.0096221027322957,0.44757208742724075,0.02305174739928611,0.03383339050573513,0.5873015873015873,8.0,0.04285422688432084,0.017119696726141928,0.013094347103542478,0.11605776878360641,0.021463669935160266,0.03499460984302402,0.42857142857142855,4.0,2023-12-06,2024-03-08
PG,0.03428565144421517,0.009138883048349911,0.005986383585497887,0.10732703964655443,0.013321757617309016,0.019880137740716227,0.47619047619047616,10.0,0.01835041979858801,0.009392975775395334,0.005475528488288358,0.03143078968758839,0.009121229922220187,0.01578485634171012,0.3968253968253968,5.0,2023-12-06,2024-03-08
QQQ,0.025761206035602852,0.011824857508418789,0.006951436549289658,0.10779930508103164,0.018025598921210768,0.0221941389086542,0.4603174603174603,5.0,0.020015312638285526,0.009894401248812704,0.006036364129006745,0.03698658417565326,0.015523255188147522,0.017513705951915703,0.3968253968253968,5.0,2023-12-06,2024-03-08
SPY,0.019537775292775762,0.008640196167274057,0.005215262727553689,0.09974318833807894,0.01407071095043913,0.01659173615060389,0.4642857142857143,5.0,0.012950466694924908,0.007016960187023042,0.004568065853589033,0.01974029181881598,0.009811298897211284,0.013485375106929015,0.36507936507936506,4.0,2023-12-06,2024-03-08
T,0.052467674880936954,0.017195781612548835,0.01327623352250429,0.3200801643857847,0.022442327738964395,0.040068949286722284,0.48412698412698413,5.0,0.03541769020413142,0.013455819345858905,0.009276061720129658,0.08037697042530989,0.02347889081889738,0.03028794691979575,0.47619047619047616,5.0,2023-12-06,2024-03-08
TLT,0.031896375294671826,0.011762924844987593,0.006671552601475183,0.22444210597636594,0.019444272300833364,0.02348431020829173,0.49603174603174605,7.0,0.02052256493517497,0.009821233774394035,0.00542924998285052,0.07992666782896096,0.016940797851375124,0.019257641555088162,0.5238095238095238,4.0,2023-12-06,2024-03-08
UNH,0.04138126799942005,0.01331843116478181,0.00947947517302732,0.17654158370421325,0.01860799160242313,0.03018025024422864,0.49603174603174605,6.0,0.05761454957310945,0.012723693900710889,0.010552115306430302,0.14036771700503792,0.026688008960642707,0.03217433112000906,0.5238095238095238,8.0,2023-12-06,2024-03-08
V,0.027556085263671617,0.01012916971077288,0.006150911889212415,0.07778817125909765,0.015172989754123622,0.020495053134332385,0.4642857142857143,7.0,0.012499248917689379,0.008238630698909052,0.004960019411781499,0.025802659339986822,0.012125526800083298,0.014329680357676594,0.36507936507936506,3.0,2023-12-06,2024-03-08
VNQ,0.031790549499104266,0.01260143971706958,0.007695331426370478,0.217944642276637,0.021339956994448454,0.02612136402789301,0.5158730158730159,5.0,0.019958218796089354,0.011689717644373302,0.006731938879633313,0.07649303933822116,0.01788257683675758,0.020945312075795586,0.4603174603174603,3.0,2023-12-06,2024-03-08
WMT,0.03275926707274841,0.009997140063039017,0.00883980222597973,0.09270817928194208,0.014556887566674519,0.02388143210506833,0.4603174603174603,5.0,0.01251478927050688,0.00905462059511311,0.004842031562993733,0.0169404887925102,0.01215379152208349,0.01388865983958068,0.38095238095238093,3.0,2023-12-06,2024-03-08
XLB,0.028592829145085385,0.010817097552908871,0.006859390830260382,0.12717076566784613,0.01707468890572974,0.02274014903547139,0.4722222222222222,6.0,0.018663702070785923,0.008611774373854948,0.006073109403985895,0.06066598389933697,0.013491457630669612,0.017083772645154816,0.3492063492063492,5.0,2023-12-06,2024-03-08
XLE,0.043066381110890097,0.014834710552752683,0.009293873745710014,0.17334352872926195,0.022631748130629476,0.030284917692721586,0.4801587301587302,7.0,0.0179751147596099,0.010979507654195097,0.0064196838427178216,0.07210873907179571,0.015945158332856136,0.019018977754537425,0.42857142857142855,3.0,2023-12-06,2024-03-08
XLF,0.03676036224908684,0.010253773863047537,0.007658408801893092,0.16270271389130797,0.017608839853488933,0.024934001604102744,0.49206349206349204,7.0,0.011871650346683067,0.006611404862023345,0.004606284085132759,0.018952312156123696,0.008318533070822387,0.013010008615843172,0.30158730158730157,4.0,2023-12-06,2024-03-08
XLI,0.02051235465054712,0.009520167265975316,0.005992985422470606,0.12566269878619651,0.016376005856305442,0.02045604347618498,0.4722222222222222,4.0,0.013398986770063737,0.007198909857247504,0.004844430842792003,0.0341713868500193,0.01023019744644701,0.013211960109381998,0.3492063492063492,4.0,2023-12-06,2024-03-08
XLK,0.024994941179109515,0.012415057247655282,0.0068934460791591715,0.10944094169708507,0.01806481836284061,0.022450006458466083,0.44841269841269843,5.0,0.023656958203842924,0.011362140022915216,0.007440494918950597,0.046356264160753224,0.016783102956650708,0.022182429588429198,0.36507936507936506,5.0,2023-12-06,2024-03-08
XLP,0.020955440172930474,0.007016476984416447,0.004278750234512696,0.13365491071902225,0.009997344741217763,0.014356433267277962,0.5079365079365079,7.0,0.01650268931052268,0.007191666217186347,0.004924189552333381,0.022980818540510373,0.010577874218197425,0.014272237234614932,0.3968253968253968,5.0,2023-12-06,2024-03-08
XLU,0.032368724061456834,0.010980315252114504,0.007416337368109104,0.2019751577583303,0.018775269942884375,0.023916253653548717,0.48412698412698413,6.0,0.029140299874338218,0.011309844996623662,0.007400711079197007,0.08255360686657642,0.01952576074529947,0.021015709950617856,0.49206349206349204,5.0,2023-12-06,2024-03-08
XLV,0.017666233046210945,0.007356379110291732,0.004434154111200356,0.11019699731275878,0.01233127502103915,0.015252486685371372,0.49603174603174605,5.0,0.012922930588394157,0.006385175867917389,0.003589702941220599,0.020560002341506456,0.008464122043454658,0.010353807455199149,0.4444444444444444,5.0,2023-12-06,2024-03-08
XLY,0.030927042297580778,0.012922947392883348,0.007872338039384199,0.16198632478148167,0.019987873524782963,0.025634825163804203,0.4365079365079365,6.0,0.02159648347090243,0.009917941637960703,0.005999023186361786,0.057934950692899,0.017798060392882863,0.019145053347235347,0.4444444444444444,5.0,2023-12-06,2024-03-08
XOM,0.046171171107422214,0.01597173637091265,0.009695335202782112,0.16791769547325175,0.02352954958626713,0.03441891686550026,0.49603174603174605,7.0,0.022260632036051966,0.012031068753461641,0.0065824449568970865,0.0621972406860668,0.016696784467212167,0.01998205741276121,0.4603174603174603,4.0,2023-12-06,2024-03-08
AAPL,0.031789986101012885,0.012811694006446703,0.008059757432346621,0.14932374956161,0.017433416646182077,0.026412341472484127,0.44047619047619047,6.0,0.047797861306721014,0.011905100932791767,0.008219208954859433,0.13584911841565495,0.019346490717347186,0.028509397246440693,0.5873015873015873,7.0,2024-01-08,2024-04-09
ABBV,0.04137570531262317,0.012443048588439117,0.009925989910856567,0.1964221301557536,0.0183181639556259,0.0298732156118644,0.4722222222222222,6.0,0.03191654798563843,0.011322636761670243,0.010976590577071416,0.0779791602749097,0.01856805850361376,0.02755600886141482,0.38095238095238093,4.0,2024-01-08,2024-04-09
AMD,0.07811262322922806,0.02979674557266699,0.017435853399381265,0.27494390898065724,0.04096112211111634,0.058365021023528835,0.4642857142857143,7.0,0.07095449607375853,0.03360129110465856,0.018771030707343525,0.215488702808056,0.04302522367251348,0.05537571826910059,0.5238095238095238,4.0,2024-01-08,2024-04-09
AMZN,0.056486250567499674,0.020777428615385323,0.012897693879579094,0.19643963852442092,0.027272752760538733,0.041295166015170096,0.44841269841269843,7.0,0.01960021301716119,0.016087341251164962,0.007112980530421399,0.04224703494477067,0.01946906826652429,0.022269140510982832,0.4126984126984127,3.0,2024-01-08,2024-04-09
BA,0.06792026769744389,0.01783403114928831,0.013046721882690559,0.2558928566637241,0.0282647582941549,0.04156307893315573,0.4603174603174603,9.0,0.1044800377316052,0.020734664912747655,0.015893127432717726,0.2182233234720008,0.029531867836736125,0.05230293346324838,0.6349206349206349,7.0,2024-01-08,2024-04-09
BAC,0.05791322503456958,0.01687457033245579,0.010826560610201484,0.29974980100398885,0.026039105519594135,0.036240681611769854,0.5119047619047619,8.0,0.028491492460600634,0.012378541333981977,0.00678368868109539,0.05863771789630079,0.015397690481046878,0.02113614203143313,0.42857142857142855,7.0,2024-01-08,2024-04-09
COST,0.027782002198814014,0.012018428658001151,0.006917829232772414,0.09989876355836513,0.017476200717497746,0.022122617109890205,0.4007936507936508,7.0,0.04479346344801022,0.013443498243200153,0.014615151213195572,0.1027378858929272,0.0135332060943131,0.030391143863464698,0.4126984126984127,4.0,2024-01-08,2024-04-09
CRM,0.04019328312453689,0.018626088808798534,0.009859824143104287,0.16264874904997306,0.022204323704167382,0.03108547262920763,0.4603174603174603,6.0,0.04196443460367484,0.015896949607417547,0.011989838458192813,0.07054980290047652,0.022916939968618388,0.034500431272817905,0.42857142857142855,5.0,2024-01-08,2024-04-09
CVX,0.04628642656723225,0.0144088654119955,0.010436153176233823,0.22260676010845737,0.023007263758230746,0.034327001908383746,0.503968253968254,6.0,0.02554960753180581,0.011420839202268456,0.008336291699090078,0.04574131065875897,0.01943430190033002,0.023761943347679643,0.4126984126984127,4.0,2024-01-08,2024-04-09
DIS,0.049673944970745364,0.01645402619730807,0.011516230396649616,0.2993551339579098,0.02637355651347637,0.03595642639543613,0.48412698412698413,6.0,0.026649391323632535,0.019627924858281267,0.009165134582201665,0.04665367575460033,0.020426708641583836,0.026455137221632008,0.38095238095238093,4.0,2024-01-08,2024-04-09
EEM,0.02488728291432438,0.009559242289018374,0.005543527342379388,0.13373693483208582,0.0153706117647184,0.01921347678244036,0.5079365079365079,6.0,0.015387975571081364,0.008242065294082177,0.006106339512333875,0.0387754936664404,0.014052044893543359,0.01802439122211663,0.36507936507936506,3.0,2024-01-08,2024-04-09
EFA,0.024377920272709106,0.008473777365135262,0.005281882725753639,0.11576689026219589,0.013440725583265279,0.017031448222979646,0.47619047619047616,7.0,0.012474118273468402,0.00642155599811615,0.004331291067176528,0.026108834782666235,0.008900646015087266,0.012646151002835726,0.4444444444444444,3.0,2024-01-08,2024-04-09
GLD,0.02725867597066066,0.008365996216026201,0.004964585265003649,0.11347406182165098,0.012170790428146372,0.016821212461827047,0.4880952380952381,9.0,0.014338163549915317,0.007082862673374559,0.004034548185041106,0.031458460049155534,0.00948469379528446,0.011308362506747272,0.38095238095238093,6.0,2024-01-08,2024-04-09
GOOGL,0.053928716202034904,0.019069523647362748,0.013326540619911223,0.17273074113918718,0.024983024995473224,0.03878375299523766,0.45634920634920634,6.0,0.04755868669726042,0.017877120804177308,0.016775550863231188,0.14402973347721437,0.027044712133134727,0.043841024647021526,0.36507936507936506,4.0,2024-01-08,2024-04-09
HD,0.0503683240923468,0.013543328394056645,0.009708180380611062,0.16998919604011808,0.0222073564216287,0.029970983802677573,0.4603174603174603,9.0,0.03027291438985125,0.012256996904484046,0.007928620435437232,0.09493925865217101,0.01649028065282172,0.02400308567101825,0.47619047619047616,5.0,2024-01-08,2024-04-09
HYG,0.013162610932552422,0.0046676280608248626,0.002551521503848623,0.0490932033762882,0.0064902851669833336,0.008385409303831718,0.49206349206349204,8.0,0.006843117856701798,0.00298024447424174,0.00199138350327301,0.012509693206906425,0.004649262488090311,0.005944291657962092,0.47619047619047616,4.0,2024-01-08,2024-04-09
IEF,0.014467095339514326,0.005889242484619601,0.002942216810119481,0.10158169612549461,0.008732296229726039,0.010250070005096546,0.5119047619047619,7.0,0.014122502852256089,0.004437312507688721,0.003260606719135605,0.03482028879008925,0.00895358335131351,0.010697437124370546,0.49206349206349204,6.0,2024-01-08,2024-04-09
INTC,0.05598152112645564,0.024347976719664616,0.014136747759205969,0.16881555412497118,0.037321074633127074,0.04849451659741841,0.4444444444444444,6.0,0.09353352295474322,0.026424055487917493,0.025646288552107013,0.23125479615016054,0.046371521975806684,0.07538314777153476,0.4444444444444444,5.0,2024-01-08,2024-04-09
IWM,0.029815505336407463,0.012717318359883505,0.007045150070471459,0.179853466326105,0.017149440981781703,0.02421019400165812,0.4801587301587302,6.0,0.027828809615196435,0.01248088225507329,0.008343734805261717,0.04114106507037274,0.017480593249492006,0.02546129629694538,0.4603174603174603,4.0,2024-01-08,2024-04-09
JNJ,0.04553934068408291,0.010426720821125848,0.007407732751277487,0.17433309113140494,0.01593895803117178,0.024109766252066307,0.5079365079365079,10.0,0.03413876548360664,0.007481566221558301,0.005225321247490814,0.06851439859658304,0.011710097609639114,0.01604183825543229,0.5714285714285714,9.0,2024-01-08,2024-04-09
JPM,0.037284709914366145,0.013028636762552332,0.0096170878747373,0.13486571267312253,0.01813355962952653,0.029780789857123846,0.43253968253968256,6.0,0.011460621457802817,0.008557636778327743,0.0038404198888580864,0.02297998022517722,0.00911490604553088,0.01251651563236647,0.3968253968253968,4.0,2024-01-08,2024-04-09
KO,0.028959798232552937,0.008464375221062487,0.006299822239343845,0.17266459337416074,0.011800465989236002,0.019603626473278204,0.4722222222222222,7.0,0.011966549712769078,0.007189579108385373,0.0033240415868802994,0.031219315013936155,0.008686716152400265,0.010886566716597434,0.49206349206349204,4.0,2024-01-08,2024-04-09
LQD,0.015935617527078744,0.006097909493846227,0.0032672231702343987,0.09660099838899772,0.009127745280468409,0.011304699416720477,0.5079365079365079,7.0,0.009882706413589487,0.004330469914404824,0.0032354098377822722,0.0329928670189813,0.009530599755095648,0.01007396526730206,0.47619047619047616,3.0,2024-01-08,2024-04-09
MA,0.030682624121794164,0.01070165827222775,0.007582105888682901,0.12591334693244938,0.016494742703361653,0.022517746415760695,0.45634920634920634,6.0,0.02002870116357562,0.010090464595927346,0.007749199854954853,0.041440334010611535,0.014234694278009007,0.020589058774580254,0.38095238095238093,3.0,2024-01-08,2024-04-09
META,0.04672804882462482,0.024999506931051418,0.01054949309453681,0.12974693938906035,0.026940244862963928,0.035263567370439126,0.45634920634920634,7.0,0.033792856299613615,0.030787496611674306,0.009833899981369042,0.055838596868210466,0.021791345039391986,0.03097943446782714,0.47619047619047616,4.0,2024-01-08,2024-04-09
MRK,0.034912323920773196,0.012105019022373107,0.007797085675639347,0.14228028073411347,0.01871714209686315,0.026559809168548363,0.4603174603174603,7.0,0.018017411284622024,0.010854338726936122,0.005004836467950562,0.06315634104426715,0.009767383023033682,0.015292970672161982,0.4444444444444444,5.0,2024-01-08,2024-04-09
MSFT,0.03346045782507746,0.015412797651028948,0.008389256200731901,0.12987592920757773,0.02253979525586656,0.027061125560800606,0.44841269841269843,6.0,0.03198405744921623,0.011864639515121577,0.007869093499410342,0.04212669879109432,0.01999711791407499,0.02468550590699506,0.5079365079365079,5.0,2024-01-08,2024-04-09
NFLX,0.05348928727511202,0.02352679567622729,0.012928507386120147,0.275131382573194,0.029925968611371166,0.04135683343897287,0.46825396825396826,6.0,0.0254874887039543,0.020271067026145388,0.007585562114272111,0.03694053308240819,0.022022804045987963,0.024442215118303773,0.5238095238095238,3.0,2024-01-08,2024-04-09
NVDA,0.04671181574421039,0.030543652788069846,0.013399405313080271,0.18287263609672066,0.03449959321870987,0.04378378858467859,0.4246031746031746,5.0,0.04183280461493999,0.03137703312816865,0.014018047401831742,0.10155591297750133,0.03200334643090752,0.04144637556006869,0.3968253968253968,4.0,2024-01-08,2024-04-09
PEP,0.03874216868374111,0.009518259772047516,0.007082964512758793,0.18262197561235072,0.014429397297951391,0.021741448706826934,0.4880952380952381,9.0,0.02764241000500616,0.010214466841393991,0.00702029460444601,0.060819180283901986,0.011586603781445737,0.019863242038041656,0.49206349206349204,5.0,2024-01-08,2024-04-09
PFE,0.06383378061238514,0.014600435600972708,0.01045162302272602,0.4635588729995276,0.02305174739928611,0.035830013469451916,0.5674603174603174,8.0,0.03205336090843305,0.013364285898137351,0.007496350535036759,0.10613584176672608,0.020839303595197665,0.02327635310173473,0.5238095238095238,5.0,2024-01-08,2024-04-09
PG,0.03569708730258696,0.009402540620954957,0.006210250247860413,0.10715314832361833,0.014075708948330866,0.0210353791820379,0.47619047619047616,10.0,0.019846399958809623,0.008681477396547205,0.005355377766662914,0.04403170176634019,0.008952877663612958,0.014748226428233369,0.4603174603174603,5.0,2024-01-08,2024-04-09
QQQ,0.02276723410412322,0.011301828967627462,0.006459750946209566,0.1077993050810323,0.017426586626562674,0.020220404674397983,0.43253968253968256,5.0,0.015429977463300649,0.009463944091198941,0.005510706236893088,0.02623359800884051,0.01520502481848004,0.017105833497957745,0.42857142857142855,3.0,2024-01-08,2024-04-09
SPY,0.017621985519518345,0.00822713309877043,0.004949601510462324,0.09974318833807894,0.01380863887956305,0.015705888568391193,0.4365079365079365,5.0,0.01224523012165761,0.006793786416576121,0.004251816014464447,0.019305198540654933,0.009681304243696698,0.013072515844323285,0.4444444444444444,3.0,2024-01-08,2024-04-09
T,0.05200485190143136,0.01701426012309258,0.013053849465136616,0.320080164385784,0.02183139349073619,0.03908886427679462,0.4880952380952381,5.0,0.03663933872466086,0.012811919920037464,0.009014440479876878,0.08037697042530989,0.023295842067444495,0.03028794691979575,0.5079365079365079,5.0,2024-01-08,2024-04-09
TLT,0.030514732545955183,0.011547837457095334,0.006331908313818722,0.22444210597636605,0.01732858017999329,0.022845698646989453,0.5,7.0,0.03794941147603271,0.008773786907829713,0.0062553974960493485,0.06381942988302369,0.017565391386974327,0.01963419486615217,0.5714285714285714,8.0,2024-01-08,2024-04-09
UNH,0.04001377748149738,0.013103433321643264,0.009238390183318297,0.14564339214120758,0.016679393377644253,0.02883252266377386,0.49206349206349204,6.0,0.07196775301219042,0.014697170133859296,0.014059634288095807,0.1528771739348297,0.029014945926737066,0.04156043887869479,0.49206349206349204,8.0,2024-01-08,2024-04-09
V,0.026100293983077383,0.009663778975392653,0.005955424222329165,0.07778817125909765,0.014022361001127488,0.019129387666618963,0.4523809523809524,7.0,0.015791615734922892,0.008783693241185156,0.005570234827133295,0.05637610127352277,0.012194096548866884,0.0169733209767223,0.36507936507936506,4.0,2024-01-08,2024-04-09
VNQ,0.03063181752746632,0.012609400486985826,0.00759717696613748,0.21794464227663835,0.020597510337283454,0.02553808904063267,0.503968253968254,5.0,0.024145847002375143,0.010393495842404137,0.005940644897409758,0.0547162323751923,0.016589956500753268,0.01916190658832642,0.5079365079365079,5.0,2024-01-08,2024-04-09
WMT,0.031666029663095764,0.009850332111825308,0.00873328992692522,0.10813812891748487,0.01387362108020892,0.02260052927060394,0.44841269841269843,5.0,0.012948735213746773,0.008428749460044318,0.004753007965363399,0.037265962618901693,0.011998054475836762,0.014337634820498546,0.4126984126984127,3.0,2024-01-08,2024-04-09
XLB,0.02686038805376361,0.010488813204400392,0.006686027329400032,0.12717076566784602,0.01649290015995212,0.02166233537023467,0.4523809523809524,6.0,0.014709869468452175,0.00826702947247532,0.005983181033795032,0.032843914044549116,0.01292725713430426,0.016524260221567333,0.3492063492063492,3.0,2024-01-08,2024-04-09
XLE,0.0397364150668625,0.01426753724446307,0.008773146088799325,0.17334352872926162,0.02099950050060686,0.028708469769537934,0.46825396825396826,7.0,0.016790318351510503,0.00960610535241314,0.006496254124096325,0.03350256744807212,0.01489540859308187,0.018476699872352675,0.38095238095238093,3.0,2024-01-08,2024-04-09
XLF,0.03521510636743208,0.010132028081103353,0.007809801815357922,0.16270271389130886,0.017485361680022505,0.024795756026309287,0.4603174603174603,7.0,0.011113767187160319,0.006583368199241638,0.003822195064367305,0.02231727200944711,0.010957740654104252,0.012118121456541064,0.38095238095238093,4.0,2024-01-08,2024-04-09
XLI,0.019729553415263265,0.009296132228833055,0.0059826224388912505,0.12566269878619563,0.016252884954493008,0.01985628553335394,0.4523809523809524,4.0,0.009623784532389592,0.007041736402238169,0.0031400355176227066,0.01913149292303229,0.008736753125586815,0.010169803561236562,0.4126984126984127,4.0,2024-01-08,2024-04-09
XLK,0.022486334062929096,0.011802635466914803,0.006424666875122598,0.10944094169708507,0.017454916451731434,0.020615268193230136,0.42857142857142855,5.0,0.018498801271793878,0.010889311636605897,0.006298874985019421,0.04132992509118116,0.015742821614302915,0.0195901820982691,0.38095238095238093,4.0,2024-01-08,2024-04-09
XLP,0.020456984322009337,0.007172530822446221,0.004398251629232007,0.13365491071902247,0.009920862013238125,0.014705461529601598,0.4801587301587302,7.0,0.012770821620497998,0.006043558403518468,0.003547450450138333,0.028156268845659138,0.009092537178601978,0.010809402239277038,0.4444444444444444,5.0,2024-01-08,2024-04-09
XLU,0.03265742285510443,0.011080410343664502,0.007512289026293804,0.2019726991397709,0.018775269942884375,0.02381155312991757,0.48412698412698413,6.0,0.0244651905365583,0.010286536364660231,0.006795886260155083,0.0701099954935116,0.017897327300317255,0.020455511724189662,0.4444444444444444,5.0,2024-01-08,2024-04-09
XLV,0.016453303887321597,0.007310204774103744,0.004326366759216038,0.09244641271695209,0.011266160908776501,0.014665804388211693,0.4722222222222222,5.0,0.017445421012666475,0.006046812490106687,0.0038767602250369946,0.039125668887234344,0.00908340072022662,0.012111317226701807,0.5555555555555556,5.0,2024-01-08,2024-04-09
XLY,0.02956016625967576,0.012624792551232876,0.007922681286548373,0.16198632478148123,0.019987873524782963,0.025212932515882653,0.4087301587301587,6.0,0.019040093364872192,0.00934918448990584,0.005372865852521254,0.03767153173661031,0.014040214355167868,0.016740656548479477,0.49206349206349204,4.0,2024-01-08,2024-04-09
XOM,0.04478069025270698,0.015645503678401215,0.00940335261589581,0.17681688118378514,0.022681041240453375,0.03316167866784802,0.49603174603174605,7.0,0.019703121232958577,0.010812528082373169,0.006460039748511008,0.03151582740629033,0.013823516168530314,0.01930269993869696,0.3968253968253968,4.0,2024-01-08,2024-04-09
AAPL,0.03267238045179343,0.012350398605713785,0.007928466100217892,0.1493237495616092,0.017433416646182077,0.026458190304586106,0.4642857142857143,6.0,0.04607791879085624,0.015298727933432734,0.008228199784081472,0.12629064514798483,0.021593805162037148,0.02913582960152844,0.5714285714285714,7.0,2024-02-07,2024-05-08
ABBV,0.03882095786140618,0.012189811623654593,0.009943318932755551,0.19642213015575327,0.016870007979214317,0.028297789792066378,0.4365079365079365,6.0,0.041293625155469624,0.01266739270115707,0.01201666340503084,0.1152625401028623,0.018841635920684375,0.035032020148965504,0.47619047619047616,4.0,2024-02-07,2024-05-08
AMD,0.07923447445867483,0.028849396853438864,0.017293238473123477,0.27494390898065746,0.039518284698375615,0.058365021023528835,0.47619047619047616,7.0,0.09205171967527627,0.03330678950677447,0.02354056323265442,0.3174850934815566,0.05382251479706244,0.07097767094291765,0.5396825396825397,4.0,2024-02-07,2024-05-08
AMZN,0.049098234770195724,0.01930289553921255,0.011128933214577696,0.1745254079632229,0.027044700262110144,0.03689822332308415,0.4523809523809524,7.0,0.03373653638459302,0.015075036676951663,0.008409400565074507,0.08135416363152248,0.02127067578038101,0.026059852391658866,0.4444444444444444,6.0,2024-02-07,2024-05-08
BA,0.07826117710409494,0.019193425939110505,0.014921738377843944,0.25589285666372397,0.029683143904324086,0.047590072876963596,0.4642857142857143,9.0,0.08583085498550576,0.016747432491781872,0.010217958926845924,0.21497157410010637,0.028127342321555147,0.03358049974184535,0.6190476190476191,11.0,2024-02-07,2024-05-08
BAC,0.05952811894401828,0.01694571378911725,0.010672371922234353,0.29974980100398974,0.026039105519594135,0.036240681611769854,0.5317460317460317,8.0,0.03725126543868893,0.013272428812115412,0.008622978110807623,0.08544311615732403,0.015303087968411955,0.02630859418752493,0.4444444444444444,7.0,2024-02-07,2024-05-08
COST,0.0269882038501469,0.010828557662944473,0.006764971416620487,0.08787485709721787,0.01716613861460962,0.02186578789276717,0.3968253968253968,7.0,0.058223568026490306,0.013844112744670838,0.0138627542920215,0.10273788589292687,0.015370222287076862,0.031400074514582765,0.47619047619047616,6.0,2024-02-07,2024-05-08
CRM,0.039846417055577996,0.01776215830572644,0.00991848043591227,0.16264874904997306,0.02270669898873772,0.031137294084987673,0.4523809523809524,6.0,0.06423041322563565,0.017948259885082946,0.01580272071424369,0.150969058343717,0.029140917453913562,0.046925557571523474,0.5079365079365079,5.0,2024-02-07,2024-05-08
CVX,0.044341739862402786,0.0140079425795697,0.010077668150546087,0.1701354821855675,0.023007263758230746,0.03248545483803025,0.5,6.0,0.02453168352874122,0.010303851911733657,0.008220493598696352,0.04574131065875875,0.017771517388813607,0.02346022671892692,0.3968253968253968,4.0,2024-02-07,2024-05-08
DIS,0.05085655107237193,0.016186269515318326,0.011511888158039649,0.2903917983799127,0.027327353378922035,0.03614043556575822,0.49603174603174605,6.0,0.06524243718989992,0.02248527984952965,0.018122899219416642,0.1419149644884985,0.02435137314850655,0.0445240607439,0.4444444444444444,5.0,2024-02-07,2024-05-08
EEM,0.025129801148557427,0.009545393019162714,0.005597547159131769,0.12920156597896382,0.015057289171421018,0.019337116205206898,0.5079365079365079,6.0,0.017062129696942988,0.008400118291219706,0.006018387900156258,0.04999993266352165,0.013588875356561758,0.017323239317610872,0.36507936507936506,4.0,2024-02-07,2024-05-08
EFA,0.024982701249249704,0.008366601792536506,0.00532964293317327,0.11576689026219655,0.013821543902095635,0.017267604434130574,0.48412698412698413,7.0,0.013362269792605193,0.006945070352577393,0.004639677011321247,0.04935030520849082,0.012371950380516871,0.014359416447306456,0.4444444444444444,3.0,2024-02-07,2024-05-08
GLD,0.024926350607243335,0.00800293959753292,0.004504334842230939,0.11347406182165098,0.011137149952077218,0.015094534525612184,0.49206349206349204,9.0,0.021105720813283522,0.00876260089867682,0.006197711667392781,0.04226564529392407,0.013009455175203887,0.01791689613143757,0.4126984126984127,5.0,2024-02-07,2024-05-08
GOOGL,0.05802970871954958,0.01836231883598735,0.014549295656597024,0.1719621093960748,0.024357049001331215,0.04238532278077237,0.44841269841269843,6.0,0.032044280234055575,0.020688022056599552,0.010455364802998733,0.11812077553391853,0.027044712133134727,0.03352294276962192,0.4126984126984127,4.0,2024-02-07,2024-05-08
HD,0.04849713667347379,0.01308916525954404,0.009210057134701653,0.16998919604011875,0.020466113531560415,0.028345958223981234,0.46825396825396826,9.0,0.04231748884153321,0.012005507245488975,0.008396327151097858,0.15999487439804627,0.017637254986656505,0.027453716988019294,0.5238095238095238,7.0,2024-02-07,2024-05-08
HYG,0.0125933006050177,0.004456701712876185,0.0024507342581018203,0.03880602349229567,0.0063751746805441375,0.008075209784893015,0.49206349206349204,8.0,0.009017857631316765,0.003236445814274921,0.0023618198558210575,0.023536160026829123,0.005663119422566021,0.007473479248318482,0.47619047619047616,5.0,2024-02-07,2024-05-08
IEF,0.014816277539705894,0.005776376922770079,0.0030377288606539864,0.10158169612549472,0.008870697340134742,0.010499118946840866,0.5079365079365079,7.0,0.012299013159186297,0.004161725834068663,0.0030170739351539255,0.03909686199308937,0.007327275452096049,0.010185191080789163,0.4603174603174603,6.0,2024-02-07,2024-05-08
INTC,0.0645189467554083,0.02461911877609107,0.016409039488659037,0.16881555412497096,0.03628129818205365,0.05232049034714961,0.44047619047619047,6.0,0.09171548027859755,0.025679690688083158,0.021449588129672004,0.3473054994991255,0.051057941004006346,0.06985622687757129,0.5238095238095238,5.0,2024-02-07,2024-05-08
IWM,0.030912588246109544,0.01253851891000453,0.007025588237752169,0.17985346632610488,0.018447800607134704,0.024740391166721238,0.5,6.0,0.03176480648911432,0.012841349468996567,0.009075658996889805,0.08302428986601107,0.018335630911735457,0.026559477482830357,0.42857142857142855,5.0,2024-02-07,2024-05-08
JNJ,0.035527532834515645,0.010074629209056165,0.006859437844236854,0.1594615579273394,0.015349938977507777,0.02171974308846372,0.49603174603174605,8.0,0.0350523657665085,0.010079020492800529,0.005563867581985476,0.11238797042368964,0.01402964428884872,0.018131796028936276,0.5555555555555556,9.0,2024-02-07,2024-05-08
JPM,0.0368063086573137,0.012754613847667764,0.00929452238821053,0.1348657126731222,0.017828752168829797,0.028851154900689346,0.4444444444444444,6.0,0.03694183228551469,0.012345836394262018,0.01270486295533574,0.0957043346201023,0.011200166099146647,0.026545273425251453,0.38095238095238093,4.0,2024-02-07,2024-05-08
KO,0.026833582505816637,0.008232006113023983,0.00581574620841792,0.17266459337416085,0.01068767561841596,0.017750075602444904,0.4722222222222222,7.0,0.011260411142776185,0.007029743782947344,0.0036323906912181236,0.050997062804784,0.008845983534500512,0.011385493659630541,0.4126984126984127,4.0,2024-02-07,2024-05-08
LQD,0.016008959504545124,0.005920115638130828,0.0033087300563295974,0.09135095024749162,0.00934909509949317,0.011243101594938866,0.503968253968254,7.0,0.010586493794325413,0.0044221068094069576,0.0035708411607843654,0.03763790012288537,0.009354443028543524,0.011457854281411828,0.4603174603174603,3.0,2024-02-07,2024-05-08
MA,0.030401726428285366,0.010223524370698149,0.007622366474624216,0.1259133469324495,0.016494742703361653,0.022517746415760695,0.44841269841269843,6.0,0.026509619805869102,0.010214336031087774,0.007574177087391172,0.09604012755596303,0.015847731729404246,0.02208178152695739,0.42857142857142855,5.0,2024-02-07,2024-05-08
META,0.046866501447766364,0.023787937434476797,0.010658550296055764,0.12974693938906035,0.026940244862963928,0.03541420810915062,0.4523809523809524,7.0,0.06960980222438104,0.022529364937484444,0.019642977700001705,0.18426426033132515,0.023942708676150337,0.053797089185812885,0.49206349206349204,4.0,2024-02-07,2024-05-08
MRK,0.030553959163467967,0.011791795495153209,0.007027410607597632,0.14228028073411292,0.017287044991935445,0.023784020240667034,0.4444444444444444,7.0,0.019707291468425252,0.010289527361383175,0.004692212254386965,0.06315634104426715,0.009767383023033682,0.015292970672161982,0.5238095238095238,5.0,2024-02-07,2024-05-08
MSFT,0.033656068055404935,0.014731585053581686,0.008438299891236085,0.1298759292075775,0.02253979525586656,0.027316954793730794,0.44841269841269843,6.0,0.03884340420068832,0.013152579877637266,0.00863186760015296,0.09325292263601781,0.021445217180594934,0.026928704356844357,0.5555555555555556,5.0,2024-02-07,2024-05-08
NFLX,0.05363039536708319,0.023597065289409126,0.012865877676446723,0.2751313825731936,0.029749602242366065,0.04116935320456523,0.4722222222222222,6.0,0.06298550089805882,0.020861684316361706,0.016662830925412386,0.13445881433538975,0.0251545405306818,0.04585460356099208,0.5238095238095238,4.0,2024-02-07,2024-05-08
NVDA,0.04435470778494353,0.0292470996089934,0.012723262790900134,0.18287263609672044,0.03325369246933308,0.04174182057157036,0.4246031746031746,5.0,0.06849035162072577,0.03647799768806363,0.020535026059124124,0.197911489665891,0.0388763527494743,0.05948869932728998,0.4603174603174603,4.0,2024-02-07,2024-05-08
PEP,0.03740360025134904,0.009297300648529086,0.006944262518320188,0.1826219756123505,0.013964988001074014,0.02089989456216407,0.4801587301587302,9.0,0.03253602746431689,0.01167285283136185,0.008004895645982727,0.06081918028390221,0.01146601626452296,0.02424479452054129,0.5079365079365079,5.0,2024-02-07,2024-05-08
PFE,0.05805044627455813,0.014237859989023643,0.009723089636557504,0.38469895045963043,0.0220839415998333,0.03262952526309996,0.5555555555555556,8.0,0.03665710707894747,0.01595957161648334,0.00930974148036761,0.10962281725443335,0.020935606102992353,0.027664721468705827,0.49206349206349204,5.0,2024-02-07,2024-05-08
PG,0.03214415710466043,0.009442697826287297,0.005890961063005498,0.08986398305574916,0.013170660864898464,0.019398530124807575,0.44841269841269843,10.0,0.019875757681850043,0.006580108092170415,0.005363299691927789,0.04476954448390369,0.00878854530169636,0.013954255486067185,0.4603174603174603,5.0,2024-02-07,2024-05-08
QQQ,0.022650846859331684,0.010592981003717559,0.006426728374770697,0.10779930508103164,0.017214285273190938,0.020137369104817133,0.43253968253968256,5.0,0.018226145272813046,0.010638315489940452,0.005966892797647128,0.07108295044988411,0.01640016370781009,0.01848655345982253,0.47619047619047616,3.0,2024-02-07,2024-05-08
SPY,0.017600761867738207,0.007875912066530625,0.004943640285559935,0.0997431883380786,0.01380863887956305,0.0157466001706457,0.4365079365079365,5.0,0.020028289569567433,0.007502272084987335,0.004624136119957848,0.05353895309735501,0.012495926606432173,0.013986355598316375,0.49206349206349204,6.0,2024-02-07,2024-05-08
T,0.053381348375104005,0.01680667591670068,0.013345337093776001,0.31413772846964405,0.02252739704346297,0.040898313186998145,0.49206349206349204,5.0,0.032634443357609545,0.01048572786364887,0.006290085454414538,0.07134847516185372,0.01352558600302245,0.021439570627716287,0.4603174603174603,9.0,2024-02-07,2024-05-08
TLT,0.03156859589734894,0.011427511194282225,0.006498183750450314,0.22444210597636616,0.019444272300833364,0.023214693702989512,0.503968253968254,7.0,0.032337413428798575,0.007920601958798307,0.005725183085684729,0.08250422055399864,0.015490731240249866,0.018268700359902912,0.5396825396825397,8.0,2024-02-07,2024-05-08
UNH,0.0395015272495207,0.013173305077390996,0.00912012173149107,0.14564339214120814,0.017449001511462208,0.029553331735463127,0.49206349206349204,6.0,0.06148383229984872,0.01555699754476178,0.012762211832691429,0.16369875416841506,0.02090666197790749,0.03440592074787174,0.4603174603174603,8.0,2024-02-07,2024-05-08
V,0.02532132487585605,0.009417295020239757,0.005987019605237128,0.07778817125909743,0.01409052742796844,0.01922600585766456,0.43253968253968256,7.0,0.016066762353176643,0.008497374223114145,0.005100559477198934,0.07938143943470832,0.01187064726001974,0.01639212320930436,0.42857142857142855,4.0,2024-02-07,2024-05-08
VNQ,0.03207168467055851,0.012312005649161302,0.007508846807789491,0.19535993129020945,0.021098019490408286,0.02553808904063267,0.5317460317460317,5.0,0.0300548123094685,0.011073857153159165,0.008587089231276714,0.09629716750240713,0.016902692775939542,0.023988795992852113,0.42857142857142855,5.0,2024-02-07,2024-05-08
WMT,0.030582948059823756,0.009558139254678242,0.008737985159949644,0.10813812891748453,0.013098366877647559,0.021751426103074293,0.42857142857142855,5.0,0.017224517326649584,0.008805074197515578,0.005164317364251198,0.04231080213826188,0.013828164186167214,0.015793458960620427,0.4603174603174603,4.0,2024-02-07,2024-05-08
XLB,0.027588283237246384,0.010257445343534535,0.006817450944269037,0.12717076566784535,0.01649290015995212,0.022230122999894943,0.45634920634920634,6.0,0.01702791550049991,0.00764118539226481,0.005405687460476163,0.0513647364028772,0.013684987501706602,0.016381777367990152,0.36507936507936506,5.0,2024-02-07,2024-05-08
XLE,0.03961642629134606,0.013992909001569092,0.008746654543076073,0.14676857462294102,0.02053206507890868,0.02862346384703922,0.46825396825396826,7.0,0.02565991141059969,0.009498334157108912,0.0068500485006651405,0.06168438899960671,0.01489540859308187,0.019335782660804962,0.4126984126984127,6.0,2024-02-07,2024-05-08
XLF,0.03461627353203342,0.009932226239645804,0.007730967755487465,0.16270271389130853,0.017200139571948186,0.024682454666360636,0.4603174603174603,7.0,0.016996279042827005,0.007117089858000628,0.004361215296913088,0.06006665817018797,0.011438731782070433,0.013298045228633842,0.42857142857142855,6.0,2024-02-07,2024-05-08
XLI,0.019312541926606,0.00897662995097665,0.0058134256352775915,0.12566269878619685,0.015050823941452468,0.01924388553303578,0.45634920634920634,4.0,0.013203887656899987,0.007008794419240582,0.0034848970355454505,0.043585346540729875,0.008771735359162581,0.011405383672084907,0.4126984126984127,6.0,2024-02-07,2024-05-08
XLK,0.022214265563174823,0.011335097892129413,0.006435084865522866,0.1094409416970844,0.017454916451731434,0.020761839295347747,0.42063492063492064,5.0,0.02268237789863418,0.01222511362089221,0.0067071547549724725,0.08611542713734466,0.018783744079519125,0.021547359715385683,0.4603174603174603,4.0,2024-02-07,2024-05-08
XLP,0.018946598671236353,0.006872322465480529,0.003978785720959634,0.1336549107190228,0.009920862013238125,0.013551858499269934,0.49206349206349204,7.0,0.009653882012959834,0.0055421578531698575,0.003234986917923048,0.04295443557411238,0.009092537178601978,0.010268853611884926,0.3968253968253968,4.0,2024-02-07,2024-05-08
XLU,0.033820428779494344,0.011204009479621453,0.007500498318033018,0.18392256058005219,0.018775269942884375,0.023748042827956693,0.503968253968254,6.0,0.016641092190600767,0.009528657458406798,0.005414958569957393,0.04821828395024552,0.013022588133811875,0.016648824414494195,0.3492063492063492,5.0,2024-02-07,2024-05-08
XLV,0.01646261270157372,0.007123642161389612,0.0042960204460282024,0.09244641271695309,0.010480452042865783,0.013957556107853498,0.47619047619047616,5.0,0.017443561646115432,0.0063017066941422,0.004307052258300107,0.06295286981853054,0.01148279055339826,0.014156646282644264,0.5555555555555556,4.0,2024-02-07,2024-05-08
XLY,0.029561023410392965,0.011923412605226618,0.0076017119237156835,0.16198632478148156,0.01967977873180654,0.02436795743365479,0.43253968253968256,6.0,0.024277109250901457,0.009926811359921054,0.0057802641073574895,0.08047907775733987,0.016141039630414723,0.019281428496747466,0.47619047619047616,6.0,2024-02-07,2024-05-08
XOM,0.04470104356617302,0.01525089154192039,0.00931271740961938,0.18731144383153886,0.02255620376331982,0.032494234751335574,0.5,7.0,0.026033713246569626,0.010395131692425664,0.00698370847150899,0.05073650972367649,0.013750856605402451,0.020464586460666956,0.3968253968253968,6.0,2024-02-07,2024-05-08
AAPL,0.03710890300431274,0.012009866479234493,0.007885025870770303,0.14932374956160965,0.017147643018152407,0.02713041036666421,0.4880952380952381,7.0,0.02677874982240877,0.014839780095669828,0.008288660659317,0.07650968748022458,0.019077669628675586,0.025736586872381173,0.38095238095238093,5.0,2024-03-08,2024-06-07
ABBV,0.03856596248140526,0.011912721642843366,0.009878006263274794,0.19642213015575338,0.015988362639861642,0.027886296678586546,0.4365079365079365,6.0,0.05414197334672321,0.013879128497781622,0.012174782366326648,0.1420343624494832,0.02022603192116188,0.0354089734492104,0.4603174603174603,7.0,2024-03-08,2024-06-07
AMD,0.078757699104598,0.02991060285465565,0.017189180360130514,0.27494390898065757,0.039518284698375615,0.057378360384712765,0.47619047619047616,7.0,0.09035471376473943,0.028100996617654053,0.023664329795526993,0.2884690857120885,0.05382251479706244,0.07097767094291765,0.47619047619047616,5.0,2024-03-08,2024-06-07
AMZN,0.04863588438636229,0.019156168126321697,0.010943073986931515,0.1745254079632227,0.026338889075128234,0.036642131009759646,0.45634920634920634,7.0,0.033107597723910046,0.013628060109787808,0.008252626998628604,0.08135416363152215,0.01905302976589085,0.02552574922426032,0.4444444444444444,6.0,2024-03-08,2024-06-07
BA,0.07829595561999966,0.018657540267499894,0.01448274648634029,0.2558928566637244,0.0282647582941549,0.046114194900535734,0.4801587301587302,9.0,0.09659532540696707,0.02064011085472222,0.01485344785523799,0.14850511864006644,0.030072163857151814,0.045296444136424474,0.5079365079365079,11.0,2024-03-08,2024-06-07
BAC,0.05652290359168733,0.016964001451589855,0.010697252816497601,0.2226723907340592,0.025304336184334576,0.035771707607027976,0.5079365079365079,8.0,0.03372827522245015,0.013278264317296295,0.007807471116307906,0.08544311615732436,0.015217348000857223,0.023654083106661367,0.4444444444444444,7.0,2024-03-08,2024-06-07
COST,0.03743183642510179,0.011589073736186421,0.009693503456699667,0.07641396904032571,0.01648317076936476,0.025498577347058096,0.376984126984127,7.0,0.01984795301105313,0.01008881019576136,0.00515531247040341,0.050743035371801026,0.015143364008756465,0.016120243522665473,0.42857142857142855,6.0,2024-03-08,2024-06-07
CRM,0.04115656947594648,0.01664155509863664,0.010244600627129534,0.16264874904997317,0.02270669898873772,0.03208530648582885,0.4523809523809524,6.0,0.14269416239384072,0.030944578688457146,0.03623978727462621,0.29307056647012786,0.029140917453913562,0.08364283652533056,0.49206349206349204,5.0,2024-03-08,2024-06-07
CVX,0.044597266384383404,0.013925286167814941,0.010216184759770368,0.17013548218556718,0.023007263758230746,0.032656569927675363,0.49603174603174605,6.0,0.02464469970452135,0.010280721170894777,0.00782371419191154,0.0588291170460441,0.014848116349093322,0.023336070596412573,0.42857142857142855,4.0,2024-03-08,2024-06-07
DIS,0.049266352161135375,0.017577872286633066,0.011555198961429933,0.22967847404031272,0.025873287945516178,0.03551346218954325,0.4801587301587302,6.0,0.06752598512369612,0.01700954134321053,0.017685377056206125,0.18042662846621638,0.02433158914489104,0.04442250473225737,0.47619047619047616,5.0,2024-03-08,2024-06-07
EEM,0.024308434599421537,0.009426116398137195,0.005546654761910744,0.12920156597896293,0.014788034619491247,0.01891342819109715,0.49603174603174605,6.0,0.0162867628423189,0.008359512117899327,0.005457645396896985,0.04999993266352132,0.013920725407333735,0.01643091359525134,0.3968253968253968,4.0,2024-03-08,2024-06-07
EFA,0.024374486657895957,0.00825514154273596,0.005321762920307285,0.11576689026219611,0.013440725583265279,0.016939759246014804,0.4722222222222222,7.0,0.01440054550657386,0.006944387087394547,0.0047905040495659,0.04935030520849082,0.01246834697867708,0.014464453495940388,0.4603174603174603,3.0,2024-03-08,2024-06-07
GLD,0.02392861362500331,0.00807066349861846,0.004494275751992655,0.11347406182165065,0.011137149952077218,0.014810550646264874,0.4722222222222222,9.0,0.024148658992631095,0.010891080708516677,0.008384951039108019,0.05771282328098737,0.019780767916663076,0.02506686029084937,0.4444444444444444,3.0,2024-03-08,2024-06-07
GOOGL,0.04343808237809532,0.017547905807619744,0.013215289612383496,0.14402973347721404,0.02359872864387275,0.03840694585464144,0.4523809523809524,4.0,0.020485632236450266,0.018715871186520086,0.008535680098520943,0.05332941552196846,0.02022140647922712,0.025974343530127647,0.3333333333333333,3.0,2024-03-08,2024-06-07
HD,0.03692786293836035,0.011990725830481715,0.007222286118897006,0.16998919604011797,0.019486750893344378,0.024152057711905563,0.4523809523809524,9.0,0.04834724313669558,0.013444183511749946,0.007993922476305485,0.17737852142195265,0.01847478479685525,0.02742178064737827,0.6031746031746031,7.0,2024-03-08,2024-06-07
HYG,0.010757548723064165,0.004125568409186027,0.002134434270449239,0.03880602349229556,0.005765270056065524,0.00714311586566023,0.48412698412698413,8.0,0.008287969512209782,0.003188923203351421,0.0020391036101468515,0.02353616002682879,0.004704314279985156,0.006658977975064706,0.5079365079365079,5.0,2024-03-08,2024-06-07
IEF,0.014485838093452191,0.005724927992125525,0.0030657858398840617,0.10158169612549484,0.008870697340134742,0.010507186105411749,0.49206349206349204,7.0,0.012879365669224988,0.0043821259844780535,0.0029735909193015844,0.037884365544403886,0.007327275452096049,0.010070858163917784,0.49206349206349204,6.0,2024-03-08,2024-06-07
INTC,0.06586096313276628,0.024886421539211213,0.016697817527322127,0.17034906470958544,0.037321074633127074,0.052868756018196864,0.44047619047619047,6.0,0.08499528072600691,0.023532281349414756,0.02091153732147789,0.33750564988478715,0.044251546177417514,0.06753459453159871,0.5079365079365079,5.0,2024-03-08,2024-06-07
IWM,0.03250875663572518,0.012919341975193049,0.0073883537808466316,0.17985346632610544,0.018447800607134704,0.02563478783436339,0.5,6.0,0.024862128635342984,0.010860883473467992,0.006511509880685067,0.08302428986601085,0.0178800181694763,0.020746539170723333,0.47619047619047616,5.0,2024-03-08,2024-06-07
JNJ,0.03404211000005744,0.009891812858991574,0.006833460634397066,0.15946155792733985,0.014443241786495836,0.0215708608840432,0.47619047619047616,8.0,0.03893725343175514,0.011022880856273174,0.006842714605353794,0.11238797042368975,0.018174857062454752,0.021566684204898545,0.5079365079365079,9.0,2024-03-08,2024-06-07
JPM,0.035419579509125006,0.012467984230522722,0.009199890781590909,0.13486571267312208,0.016716959477639202,0.02788038067499081,0.42857142857142855,6.0,0.04451947327123314,0.014215186324547805,0.013740578170133683,0.09570433462010242,0.013087912761967224,0.03516222361446836,0.4444444444444444,4.0,2024-03-08,2024-06-07
KO,0.026347388165077493,0.008068571768254006,0.005752513082708586,0.17266459337416074,0.01045839505359531,0.017250359957372383,0.4722222222222222,7.0,0.012022646529003514,0.007084202039891389,0.004160843061039468,0.050997062804784,0.010108864109013193,0.012782011945045885,0.36507936507936506,4.0,2024-03-08,2024-06-07
LQD,0.015450477645783467,0.005765229587288949,0.003269942358895972,0.09135095024749151,0.00934909509949317,0.01099700172620635,0.49206349206349204,7.0,0.010456888299227307,0.0045903160825312185,0.0034233860503422725,0.03763790012288537,0.008825572622872124,0.010954449017092166,0.47619047619047616,3.0,2024-03-08,2024-06-07
MA,0.025363643693069895,0.010450496656127689,0.008051950378752348,0.1259133469324497,0.016494742703361653,0.023714016803874978,0.42857142857142855,4.0,0.027033745351173276,0.008010440196952545,0.005611400133943171,0.09604012755596347,0.013925865583479946,0.016123385598257045,0.4603174603174603,8.0,2024-03-08,2024-06-07
META,0.04417254026783827,0.023344292150401052,0.010119207431875301,0.12974693938906046,0.025407755193241795,0.03377616198260317,0.44841269841269843,7.0,0.07192976134202415,0.021800102616227376,0.01966333863847221,0.18426426033132515,0.023942708676150337,0.053797089185812885,0.5079365079365079,4.0,2024-03-08,2024-06-07
MRK,0.02948052911261482,0.011130084618309471,0.006682253265526025,0.1422802807341138,0.017126209909954847,0.022604781740668933,0.4523809523809524,7.0,0.022478289193025247,0.011108156071084693,0.005351973617386963,0.05623334534929958,0.011143637267417284,0.016719723921135438,0.5238095238095238,5.0,2024-03-08,2024-06-07
MSFT,0.03397597906524651,0.014342104204242171,0.008518508459720896,0.12987592920757762,0.02253979525586656,0.027543813817081562,0.44841269841269843,6.0,0.03507811933284891,0.012648334633458522,0.00918712649193662,0.09325292263601792,0.02058345348503794,0.02777387868138645,0.47619047619047616,5.0,2024-03-08,2024-06-07
NFLX,0.0518478216388271,0.023386629751483,0.012531760641419245,0.2751313825731936,0.026037892089755526,0.039482708191551016,0.46825396825396826,6.0,0.06228335544128093,0.019719176672973664,0.016477078159069028,0.1344588143353901,0.024523657070692928,0.045061029113073664,0.5238095238095238,4.0,2024-03-08,2024-06-07
NVDA,0.04594006321834907,0.02958682604582879,0.013269540172630706,0.18287263609672078,0.032269468374259806,0.042999143784615716,0.42063492063492064,5.0,0.05643196532354858,0.03226730914301912,0.01959443240400992,0.19791148966589134,0.03733784726453029,0.053819451323512124,0.4444444444444444,3.0,2024-03-08,2024-06-07
PEP,0.03974232851692832,0.009601896974461581,0.0073784651866746175,0.18262197561235016,0.014677023936603245,0.022960843364676263,0.4801587301587302,9.0,0.0280839123270036,0.011373079283023379,0.006686645792143714,0.06897488095889204,0.012735772756307117,0.020986127514129704,0.5238095238095238,5.0,2024-03-08,2024-06-07
PFE,0.05679441523661792,0.014614080646804445,0.010041196242206021,0.35230713630820865,0.022798576356528315,0.03303518007693688,0.5317460317460317,8.0,0.03695015367157057,0.016219645351087046,0.009384166011827446,0.10962281725443346,0.02085455616840435,0.028877754294117236,0.49206349206349204,5.0,2024-03-08,2024-06-07
PG,0.030988993922330434,0.00909968712987909,0.005761565935094636,0.08986398305574905,0.012176400254154429,0.01881513593535012,0.44047619047619047,10.0,0.021930209648893226,0.007476658833751653,0.005917675619542617,0.04476954448390369,0.010172850368893083,0.016268225267447922,0.4603174603174603,5.0,2024-03-08,2024-06-07
QQQ,0.021978916570638888,0.010441518291502213,0.006192472525854607,0.10779930508103197,0.016941452630422082,0.019507935471132592,0.4365079365079365,5.0,0.01748273038667269,0.009343001771695005,0.006070392495372461,0.07108295044988444,0.01587664462146432,0.01798457201120532,0.4444444444444444,3.0,2024-03-08,2024-06-07
SPY,0.01643986590159958,0.00768568486004597,0.004683069370375976,0.09974318833807838,0.013352655401644898,0.01511345840825246,0.42857142857142855,5.0,0.018119165391136935,0.0068544847937367,0.004444816906916708,0.053538953097355235,0.011986574667564443,0.01359459302399288,0.4603174603174603,6.0,2024-03-08,2024-06-07
T,0.052622491062143055,0.017011708197304302,0.013631127202844286,0.3141377284696445,0.024321891113975064,0.04136956012736675,0.47619047619047616,5.0,0.024667211524559772,0.01062768181144045,0.004614614400853019,0.0713484751618535,0.013039998468726255,0.0149060611297967,0.47619047619047616,9.0,2024-03-08,2024-06-07
TLT,0.03183496335468992,0.011211499399918086,0.0066058605898675965,0.22444210597636605,0.018680285664765095,0.023214693702989512,0.5,7.0,0.027944591519392176,0.008491139745629114,0.006048612882985319,0.07953154073401458,0.015490731240249866,0.018571406842135596,0.5238095238095238,6.0,2024-03-08,2024-06-07
UNH,0.04881235830528753,0.013208338630746675,0.009386991981786063,0.14564339214120736,0.01918838519713576,0.03069506234563083,0.5,8.0,0.0505897337157454,0.016442576423037293,0.013140190575518284,0.11218925845111294,0.02090666197790749,0.03637476482109139,0.42857142857142855,6.0,2024-03-08,2024-06-07
V,0.024661896275487153,0.009382260501733672,0.00595343395539207,0.07778817125909743,0.013967032522053535,0.019091150706422415,0.42063492063492064,7.0,0.01573222850315264,0.007945912876208425,0.004994358254969092,0.07938143943470821,0.01187064726001974,0.0165284779720013,0.42857142857142855,4.0,2024-03-08,2024-06-07
VNQ,0.030715848237759268,0.012238878800064305,0.0075570737727820424,0.17434387368415205,0.02078162451028722,0.025357754514651124,0.5079365079365079,5.0,0.03702302052396619,0.011096780466517027,0.008280762166255062,0.09194994005130896,0.016902692775939542,0.02421755924073532,0.5079365079365079,6.0,2024-03-08,2024-06-07
WMT,0.03017900860351489,0.009553324249585424,0.008682452872042975,0.10813812891748453,0.012169277267126239,0.020861205378421212,0.4246031746031746,5.0,0.017267819723405717,0.011747630017755141,0.0051773004461710265,0.042310802138261994,0.013543775871009089,0.016286587228026034,0.4603174603174603,4.0,2024-03-08,2024-06-07
XLB,0.027115134370670167,0.01007347709138904,0.006749438209149499,0.12717076566784558,0.01586116704877074,0.021967070305541535,0.4523809523809524,6.0,0.01798147108470675,0.007702417603028037,0.005220427089108411,0.05136473640287753,0.013965775071876152,0.01643256399128834,0.4126984126984127,5.0,2024-03-08,2024-06-07
XLE,0.03806695138954418,0.013451864369329276,0.008594132451822722,0.1294677367304321,0.02023866240573983,0.02744804073619828,0.45634920634920634,7.0,0.03165825266137722,0.010100460148495204,0.007766093726456171,0.08360527368233583,0.01751902611286251,0.023196541684724015,0.4603174603174603,6.0,2024-03-08,2024-06-07
XLF,0.033153141930939996,0.009695082930346556,0.007569967407564633,0.1126238268486438,0.01613248158115277,0.023705302533767056,0.44841269841269843,7.0,0.017876251345419272,0.007546978774055673,0.004395799511168672,0.06006665817018764,0.013115958993502475,0.013929044715701833,0.4444444444444444,6.0,2024-03-08,2024-06-07
XLI,0.018315153295066562,0.008813922900233636,0.005675346306572198,0.12566269878619662,0.014810756553244903,0.018627138210907574,0.44047619047619047,4.0,0.017258014799845275,0.007432996301135503,0.004048801126063407,0.043585346540729764,0.012172484919943116,0.013616217254425272,0.47619047619047616,6.0,2024-03-08,2024-06-07
XLK,0.022032155867505485,0.01130108059003026,0.006407758479394026,0.10944094169708507,0.016963744622432782,0.020759955256686193,0.4166666666666667,5.0,0.01906114095014204,0.011134463155519997,0.006996648959873565,0.08611542713734477,0.01870562872444853,0.02110778075373987,0.4126984126984127,3.0,2024-03-08,2024-06-07
XLP,0.015423673792266343,0.006731431867252999,0.0040718498811583145,0.13365491071902313,0.010298933286857808,0.013612047493312188,0.46825396825396826,5.0,0.01016454798081926,0.006123665453607008,0.0030475717050075382,0.042954435574112604,0.007968048576042752,0.010235488869467957,0.4603174603174603,4.0,2024-03-08,2024-06-07
XLU,0.03285980481756176,0.011055766348820092,0.007528364373524964,0.1839225605800523,0.019043519189433467,0.02381056133714626,0.4880952380952381,6.0,0.017368403665579693,0.009595152725438939,0.005042439773877975,0.04821828395024541,0.012771924992147377,0.015040310311402127,0.4126984126984127,5.0,2024-03-08,2024-06-07
XLV,0.015475444671222253,0.006928220470358989,0.004130895589529446,0.09244641271695331,0.010172594690427994,0.013099686025296303,0.4642857142857143,5.0,0.016875766966815194,0.0065603416562574944,0.004762121189930213,0.06295286981853043,0.01207823351366676,0.014254443898704727,0.49206349206349204,4.0,2024-03-08,2024-06-07
XLY,0.027405801351760458,0.01159719181902203,0.007246010498654522,0.16198632478148123,0.019072410904668956,0.023156051010751903,0.4166666666666667,6.0,0.02390193952262533,0.009212878694651486,0.005518485315469051,0.07969210756384815,0.01611471812171379,0.01834981719292439,0.49206349206349204,6.0,2024-03-08,2024-06-07
XOM,0.03177489232026342,0.01494112363961628,0.00907251241548026,0.1873114438315392,0.021767900849523097,0.03126804849476813,0.48412698412698413,4.0,0.03074310229510319,0.01096168566146749,0.007437847329460448,0.07049794728664283,0.018751616728052034,0.022697397825133386,0.4603174603174603,6.0,2024-03-08,2024-06-07
AAPL,0.03969734009372395,0.01212376069933957,0.008303228505659392,0.14932374956160976,0.018150197166930403,0.028946074348588764,0.49603174603174605,7.0,0.01764121924802846,0.017575993703206654,0.006020416092581141,0.06542040070580801,0.019165354350659226,0.020900420144887494,0.31746031746031744,5.0,2024-04-09,2024-07-10
ABBV,0.04224081635946082,0.012323851127527515,0.010743064766745988,0.19642213015575316,0.018103434077930462,0.0307652937598971,0.44047619047619047,6.0,0.04058275201709073,0.012939455295188541,0.008857346670396787,0.0870002031069742,0.01995828570047009,0.028585728339219907,0.47619047619047616,7.0,2024-04-09,2024-07-10
AMD,0.08564073332107897,0.030102757153193622,0.01869142989150533,0.274943908980657,0.04503904617064273,0.06090543030671507,0.47619047619047616,7.0,0.07948635563104538,0.02719605003198209,0.020512607904785905,0.1538416171703173,0.04460512426209899,0.06153008702689183,0.47619047619047616,5.0,2024-04-09,2024-07-10
AMZN,0.04776170342525596,0.018691381349984406,0.011109231553063217,0.1745254079632229,0.025793305218724222,0.03655373701340457,0.4365079365079365,7.0,0.03515345301584172,0.014689027237703654,0.008116237348534883,0.08135416363152226,0.018360734332481077,0.02508999005853932,0.49206349206349204,6.0,2024-04-09,2024-07-10
BA,0.07913422623620059,0.01855010994099001,0.013962214076961972,0.3259923467587813,0.026688998341088586,0.045091296888804214,0.503968253968254,9.0,0.0589025190776047,0.01957858499367138,0.014449391404318612,0.08583216400033744,0.02410376418272392,0.040266560328168666,0.4603174603174603,6.0,2024-04-09,2024-07-10
BAC,0.040957158950289,0.015248073559674108,0.008126420426644642,0.22267239073405876,0.02202970648023349,0.028280550690780767,0.48412698412698413,8.0,0.03855740429771284,0.013551589173610636,0.008291914902733944,0.053751665787978964,0.015933266286623494,0.025090385057656706,0.47619047619047616,7.0,2024-04-09,2024-07-10
COST,0.037212942398902715,0.011639760961241597,0.009451494334382662,0.10273788589292698,0.015743531015643235,0.02488697902976646,0.3888888888888889,7.0,0.01832698513977937,0.009402967420583339,0.004892485210475012,0.031187285811476007,0.010172430090721562,0.014934581780123857,0.4126984126984127,6.0,2024-04-09,2024-07-10
CRM,0.04266372722683537,0.016379676010630267,0.010465849391864374,0.1626487490499735,0.02270669898873772,0.03287785067946907,0.4603174603174603,6.0,0.14131199027436425,0.031873172956598125,0.03588875943475917,0.2723783374005623,0.024449075421199794,0.08088014898446941,0.49206349206349204,5.0,2024-04-09,2024-07-10
CVX,0.042659627428830026,0.013128539762401505,0.009926212009955039,0.1701354821855675,0.022313103160046626,0.03107737224511741,0.4880952380952381,6.0,0.02544129111434453,0.011131423711114667,0.007403550324280154,0.07346467036763671,0.015787356222445148,0.023545322441861083,0.47619047619047616,4.0,2024-04-09,2024-07-10
DIS,0.04828632687705065,0.017418660527767343,0.011588718450492155,0.22967847404031283,0.025259549687480027,0.03539149905016578,0.46825396825396826,6.0,0.08204590864170432,0.015854222064963064,0.016278950127322285,0.1687228291696633,0.02433158914489104,0.043653263142347354,0.6031746031746031,5.0,2024-04-09,2024-07-10
EEM,0.02311461071532318,0.009150800747448139,0.005336706658660474,0.12920156597896337,0.014353751483316645,0.018147039704240756,0.49206349206349204,6.0,0.01695249290937541,0.0083777873460162,0.005772354216453993,0.0490979125497234,0.013920725407333735,0.01643091359525134,0.38095238095238093,4.0,2024-04-09,2024-07-10
EFA,0.022475406448933127,0.00770588033143039,0.004794753375772401,0.11576689026219578,0.013060774926186918,0.01557383343672512,0.48412698412698413,7.0,0.013912908443982379,0.0077088784427612154,0.005049039354671023,0.03616956724708531,0.013174351511465954,0.014871575860722547,0.4126984126984127,3.0,2024-04-09,2024-07-10
GLD,0.022997198903640097,0.007502253719601577,0.004352059553477708,0.11347406182165143,0.01097452279888475,0.014189887549912853,0.46825396825396826,9.0,0.023944309780936084,0.010971144731191061,0.008313996451713917,0.05771282328098759,0.019780767916663076,0.02506686029084937,0.4444444444444444,3.0,2024-04-09,2024-07-10
GOOGL,0.04280115496102363,0.017150653563962573,0.013304591819894912,0.14402973347721448,0.02359872864387275,0.03841271164682208,0.44047619047619047,4.0,0.020343026906257278,0.0175146015938397,0.0082744454678229,0.05332941552196835,0.019522085467510376,0.023807331286517797,0.3492063492063492,3.0,2024-04-09,2024-07-10
HD,0.039073841500103644,0.01229033476626526,0.007531239291403197,0.16998919604011875,0.018349220483150144,0.025302888252181417,0.4603174603174603,9.0,0.040084257077611415,0.013386676590549634,0.00838703791667194,0.07262672992459351,0.020293472496539455,0.027428565815334705,0.5396825396825397,6.0,2024-04-09,2024-07-10
HYG,0.010718263474577022,0.0038318500418308447,0.0021266395782890916,0.03880602349229645,0.0054899784131517025,0.007107150429776525,0.48412698412698413,8.0,0.007747877536595043,0.003099145199325251,0.002090697113049456,0.011620491680877199,0.004006884845041847,0.006470668069216173,0.4603174603174603,5.0,2024-04-09,2024-07-10
IEF,0.014412977903037371,0.005252459432693545,0.0029312107838518463,0.10158169612549472,0.008217694014571486,0.010149721083366562,0.5119047619047619,7.0,0.007895563661264454,0.0045047627995383685,0.0028981731693133415,0.017845458618023335,0.006355188661307076,0.00941603754905146,0.4126984126984127,3.0,2024-04-09,2024-07-10
INTC,0.07066335488195537,0.024771910432090562,0.017659440372527778,0.24957987365975043,0.04006991158728161,0.05667902299389757,0.44841269841269843,6.0,0.06414402116259252,0.021594673959782193,0.018666249544669777,0.20352795820476477,0.02989597824294451,0.05403533411073502,0.47619047619047616,4.0,2024-04-09,2024-07-10
IWM,0.02876347561767282,0.012349235506980107,0.006640917891526192,0.17985346632610477,0.016409943584920365,0.022375593865372193,0.49206349206349204,6.0,0.0250211002501611,0.009952536471279564,0.0063545651428980575,0.04848771028102761,0.016358841268006595,0.020229571971010246,0.49206349206349204,5.0,2024-04-09,2024-07-10
JNJ,0.038798480207763726,0.009477928360810867,0.006763340512407792,0.15946155792734007,0.014443241786495836,0.021843553228295367,0.5119047619047619,9.0,0.017569717443525364,0.010773573536136082,0.0064492018393892715,0.05941354255676612,0.01737934038160268,0.020472455134080664,0.4126984126984127,3.0,2024-04-09,2024-07-10
JPM,0.02346937649023483,0.010785326326231566,0.006222940736047113,0.1348657126731223,0.013657944415798434,0.019814907151042265,0.4166666666666667,6.0,0.04582754641285668,0.014604654310851126,0.014144304448412555,0.07873334937014365,0.014429559042569661,0.037628110452273184,0.4444444444444444,4.0,2024-04-09,2024-07-10
KO,0.02641507341046807,0.008052099280576657,0.005723265905601416,0.1726645933741604,0.01045839505359531,0.017250359957372383,0.47619047619047616,7.0,0.013079931362631069,0.007188768996015035,0.004288502086108547,0.029569106629488195,0.012346671297753298,0.01335683342609345,0.3968253968253968,4.0,2024-04-09,2024-07-10
LQD,0.015763595640715767,0.005625264893652917,0.0032319541326864334,0.08746752106357236,0.009347640692806186,0.010813071521540967,0.5079365079365079,7.0,0.009392991709311457,0.004731437861130938,0.003261455454622033,0.018220885871261694,0.0063583426105875305,0.010160685394283664,0.4444444444444444,3.0,2024-04-09,2024-07-10
MA,0.024785138838467995,0.010294322000605158,0.008086861878512486,0.1259133469324497,0.016217030043032606,0.023388862027166297,0.4126984126984127,4.0,0.03564308061086782,0.008243271127247305,0.006528036741917183,0.0743604149133259,0.013513181931596152,0.019978277614664586,0.5238095238095238,8.0,2024-04-09,2024-07-10
META,0.045080655576670896,0.022933085169832307,0.01002790147289824,0.12974693938906046,0.025407755193241795,0.03367731753614479,0.4642857142857143,7.0,0.06387677941607471,0.02159283380450481,0.020841629968207796,0.1777466439271247,0.023942708676150337,0.050129798517294655,0.4126984126984127,4.0,2024-04-09,2024-07-10
MRK,0.028138233927542104,0.011011223044045807,0.006331102633696973,0.14228028073411425,0.016839871652568866,0.021525212799822866,0.45634920634920634,7.0,0.03626508209235578,0.01202120555873115,0.008922361467166899,0.06889294360383458,0.01274200307309532,0.025011460544248992,0.5079365079365079,5.0,2024-04-09,2024-07-10
MSFT,0.03458301987443158,0.013859457188108824,0.0084835690889659,0.1298759292075773,0.021981870039296712,0.027295292233016265,0.4603174603174603,6.0,0.024022873482380788,0.012276228019812162,0.009294564144968756,0.09020168963360764,0.019458375151867248,0.027494609203872727,0.38095238095238093,3.0,2024-04-09,2024-07-10
NFLX,0.05043528915297193,0.0223880393481512,0.01200840217927903,0.2751313825731936,0.02497593419132531,0.03691287957554305,0.47619047619047616,6.0,0.05760352332536731,0.018893093070530664,0.017549460511312624,0.12427239067432128,0.024012268273613656,0.04505006110295981,0.4444444444444444,4.0,2024-04-09,2024-07-10
NVDA,0.04732597415254665,0.029822147256659496,0.013292753696233221,0.1828726360967209,0.03366354805392049,0.04310000096908795,0.4365079365079365,5.0,0.05998046767485428,0.033855549073746105,0.022016639920333415,0.15908885003197126,0.03856621667390294,0.061113076550800005,0.4126984126984127,3.0,2024-04-09,2024-07-10
PEP,0.04008723039092675,0.00976302376165808,0.007385685871344215,0.18262197561235027,0.014677023936603245,0.022960843364676263,0.48412698412698413,9.0,0.041310569137036034,0.01121022536387829,0.007376887345899293,0.1088603058932549,0.015319020543674622,0.02528350862226575,0.5714285714285714,7.0,2024-04-09,2024-07-10
PFE,0.05853131851809708,0.014742912461830904,0.009985181508980579,0.3523071363082082,0.022798576356528315,0.03303518007693688,0.5476190476190477,8.0,0.04755450828732671,0.0165224094539054,0.009440100900710017,0.0885134485876985,0.020336248574852424,0.028733779962575035,0.47619047619047616,8.0,2024-04-09,2024-07-10
PG,0.03424118433747064,0.009076830611120622,0.006047911709008758,0.08986398305574905,0.012729116465172274,0.01998687739284817,0.46825396825396826,10.0,0.015085824308083202,0.0071420546486952,0.004549693045294934,0.03979810982508325,0.013026074495177708,0.013581405774764604,0.3968253968253968,5.0,2024-04-09,2024-07-10
QQQ,0.02183878116867606,0.010064855402663714,0.0061529899324444465,0.10779930508103197,0.016193275221815646,0.019476876728765788,0.4365079365079365,5.0,0.01572636959086859,0.00918509552504487,0.0062406228535192825,0.06897625622783121,0.015567692631842345,0.01798457201120532,0.36507936507936506,3.0,2024-04-09,2024-07-10
SPY,0.015508787886096794,0.007235696187229483,0.004356053968007267,0.09974318833807883,0.012119260289931304,0.01418218980270307,0.4365079365079365,5.0,0.015125522024788809,0.00639111425031801,0.004474360772123673,0.04409272817955601,0.009884577147569374,0.01304639014842568,0.3492063492063492,6.0,2024-04-09,2024-07-10
T,0.05404472655758627,0.01692540383899144,0.013456919865744373,0.31413772846964394,0.024321891113975064,0.04136956012736675,0.49603174603174605,5.0,0.01825737326756828,0.010960732444686688,0.005153290841652338,0.04032708033041854,0.01364019749027725,0.015119737517714366,0.42857142857142855,5.0,2024-04-09,2024-07-10
TLT,0.03665036919208066,0.010811763609104484,0.0066006464662172115,0.21335231334320848,0.01831500790372983,0.022841634738897186,0.5317460317460317,8.0,0.016006738979310025,0.009104298055539563,0.005808897210233476,0.04725897347291241,0.017083560144340027,0.019000890394523517,0.4126984126984127,3.0,2024-04-09,2024-07-10
UNH,0.05495328032059024,0.013288348888094841,0.010567938523190431,0.1704165517747186,0.020078074289324947,0.03416487714523385,0.5,8.0,0.036382543710466925,0.015941948856050835,0.008925010722625363,0.08192437483244008,0.02090666197790749,0.02743500851595712,0.4603174603174603,6.0,2024-04-09,2024-07-10
V,0.025217129290419176,0.009202481456569784,0.006170858358105222,0.0777881712590972,0.013967032522053535,0.019621589771340285,0.4126984126984127,7.0,0.018610671703633935,0.008806997840125026,0.005579919205675077,0.06587643228187146,0.015373610366421297,0.018467921193415726,0.4603174603174603,4.0,2024-04-09,2024-07-10
VNQ,0.026599682484679966,0.011600307442399429,0.006597143473382928,0.17434387368415194,0.01824954533155772,0.022333961120904765,0.503968253968254,5.0,0.03519046853310313,0.01006889048885724,0.008632582468437996,0.0521421984398065,0.016632863116013762,0.02421755924073532,0.4603174603174603,6.0,2024-04-09,2024-07-10
WMT,0.030664058731650828,0.009409579765918424,0.008639476864869877,0.10813812891748464,0.01223930535224756,0.02099935152639594,0.4365079365079365,5.0,0.01798799892800533,0.012493437152834352,0.005710475850160422,0.02919826967294037,0.014207199464177922,0.018156659114378915,0.42857142857142855,4.0,2024-04-09,2024-07-10
XLB,0.02340983038212145,0.009289222534775788,0.0059537988525958235,0.1271707656678458,0.01423899058261836,0.01911658789117928,0.44047619047619047,6.0,0.021929644433046156,0.007754479829908478,0.005659263079495782,0.05327039755008234,0.015288686959779318,0.016711593885210763,0.47619047619047616,5.0,2024-04-09,2024-07-10
XLE,0.03325544395131331,0.01207686619164422,0.007673483913068643,0.12946773673043188,0.019160551387520514,0.024700094212519542,0.4444444444444444,7.0,0.033392391230415264,0.010379074029858194,0.007227790309613693,0.09970347003845748,0.01751902611286251,0.023196541684724015,0.5238095238095238,6.0,2024-04-09,2024-07-10
XLF,0.021439396922451275,0.008085870606249027,0.005002525948571965,0.11262382684864447,0.01291080343065112,0.016317781303977617,0.4365079365079365,7.0,0.017963712574523085,0.00723149678337264,0.004417306370784365,0.043304351879909,0.013107858752286695,0.013929044715701833,0.49206349206349204,5.0,2024-04-09,2024-07-10
XLI,0.01534817835578417,0.00819608266964728,0.004755964961951713,0.1256626987861963,0.012427470590743811,0.015894062361156203,0.44047619047619047,4.0,0.017195207328703166,0.007093534927860988,0.004160130805331411,0.03943031790966234,0.012172484919943116,0.013616217254425272,0.4603174603174603,6.0,2024-04-09,2024-07-10
XLK,0.022049024990462743,0.011012710127271659,0.006412664638660479,0.10944094169708474,0.01693254555503822,0.020711978861374068,0.4166666666666667,5.0,0.02052271458091758,0.011767465322024802,0.008143934357506976,0.07792153455873552,0.020440580721344914,0.02249051863954757,0.36507936507936506,3.0,2024-04-09,2024-07-10
XLP,0.015626570093920017,0.006588069859158336,0.004062908224419204,0.1336549107190228,0.010737800751155203,0.01363392934854259,0.47619047619047616,5.0,0.012161601571123308,0.00626135367275899,0.002992140069085893,0.031249957751635637,0.007722578801430702,0.010170114196281776,0.5079365079365079,5.0,2024-04-09,2024-07-10
XLU,0.032344022998726935,0.010575764570220178,0.007410195884972263,0.18392256058005285,0.017850037313288748,0.023589330019138374,0.4880952380952381,6.0,0.017287401039429856,0.009391453357034294,0.0047400938333920575,0.06387252247757402,0.012771924992147377,0.015040310311402127,0.4444444444444444,5.0,2024-04-09,2024-07-10
XLV,0.016180241147296832,0.0066902750901713754,0.004125639176999989,0.0924464127169522,0.01003508541876188,0.013256225833226446,0.4880952380952381,5.0,0.01847444081328194,0.005839397589880533,0.003909934563657553,0.03378582968742727,0.010606703354040181,0.012414215357391262,0.49206349206349204,7.0,2024-04-09,2024-07-10
XLY,0.025872931466798435,0.011072993382582963,0.006887578641107153,0.1619863247814809,0.018213544061559995,0.022273299787723487,0.4126984126984127,6.0,0.02170083408708318,0.009297233393032307,0.005636580282359267,0.05704609608511502,0.01611471812171379,0.01834981719292439,0.42857142857142855,6.0,2024-04-09,2024-07-10
XOM,0.029015855119079007,0.013583072287195894,0.008575797179638906,0.18731144383153842,0.019570301068722974,0.028824439030595745,0.4642857142857143,4.0,0.03307085234758672,0.01143625520084202,0.006680980272239742,0.10605434256653523,0.018751616728052034,0.022697397825133386,0.5555555555555556,6.0,2024-04-09,2024-07-10
AAPL,0.03930522431209282,0.012685527367892564,0.008416955405478044,0.1660665892931581,0.0192961099751981,0.0291474348582139,0.48412698412698413,7.0,0.025016267219876123,0.01713098524594723,0.010919799183279259,0.11749436855010553,0.023050014636196735,0.031359565487257796,0.30158730158730157,3.0,2024-05-08,2024-08-08
ABBV,0.03587096105742809,0.011589649908461709,0.008993621188640881,0.11526254010286197,0.018103434077930462,0.028409013522825474,0.44841269841269843,6.0,0.028667846026842858,0.014084628983462225,0.007204881937963152,0.06988362774712942,0.02007817633770187,0.02396745693331917,0.3968253968253968,7.0,2024-05-08,2024-08-08
AMD,0.08740143798622041,0.030096065416938555,0.019075710671595726,0.3174850934815566,0.04829822200899157,0.0619677553555933,0.47619047619047616,7.0,0.1308637203588446,0.030214730999635894,0.022865972643346506,0.30055450384343807,0.044733374550552,0.07259932195776114,0.5714285714285714,7.0,2024-05-08,2024-08-08
AMZN,0.04605047701039519,0.018184420389635574,0.010557087266439327,0.1745254079632229,0.025267905413808567,0.03483409190881069,0.4444444444444444,7.0,0.07104289600144482,0.018416443980791872,0.016351142730491267,0.1948999786376956,0.026105831741148767,0.046282051305156946,0.5396825396825397,5.0,2024-05-08,2024-08-08
BA,0.08879180188393668,0.01883249994712342,0.013597350139098865,0.378173804583791,0.02822119847136659,0.04338036960233801,0.5079365079365079,11.0,0.07465656827768105,0.022314032273662614,0.01723672572067672,0.1472155101104432,0.03343028746332642,0.05531757186392852,0.49206349206349204,6.0,2024-05-08,2024-08-08
BAC,0.040403695392509605,0.014963097767692156,0.00801660622867254,0.22267239073405876,0.02151270683365944,0.027758777810638992,0.48412698412698413,8.0,0.03602597852209122,0.01551806041788134,0.01000721625613645,0.16949909753243697,0.02189195422341348,0.029727225961660164,0.49206349206349204,4.0,2024-05-08,2024-08-08
COST,0.037241615009025654,0.01142345005855455,0.009236511658984536,0.1027378858929272,0.015266432095856592,0.02440472308262808,0.40476190476190477,7.0,0.02638353688447209,0.012494592956727458,0.009422691744454316,0.09458015330471081,0.01774632213993167,0.027542531212478738,0.42857142857142855,3.0,2024-05-08,2024-08-08
CRM,0.04908884835053849,0.016880188608845555,0.011864909233355262,0.16264874904997273,0.02422876489841621,0.03676139197621632,0.46825396825396826,6.0,0.1354307109325286,0.03191566828457823,0.03439510118921361,0.24180997006920413,0.02432727994406344,0.07163196048750697,0.49206349206349204,5.0,2024-05-08,2024-08-08
CVX,0.04070953445404884,0.012843782801566159,0.009692746298583056,0.17013548218556707,0.022313103160046626,0.030105805323960098,0.47619047619047616,6.0,0.04104019356363847,0.013688103975651001,0.010097190479942798,0.13250509880879147,0.02541509186799615,0.03289850852985529,0.5079365079365079,5.0,2024-05-08,2024-08-08
DIS,0.058255413323243056,0.01787142310449156,0.01366354239763337,0.22372284226955363,0.025873287945516178,0.04019318573263161,0.4801587301587302,6.0,0.0732433171959678,0.01365787564250384,0.011321211663355238,0.18400661914467853,0.02781841285764671,0.036011797981913285,0.6190476190476191,7.0,2024-05-08,2024-08-08
EEM,0.0211876254105916,0.009350027388565631,0.005507101049181546,0.12920156597896404,0.014353751483316645,0.018465974818781924,0.4801587301587302,5.0,0.021021918462845138,0.00945595349025573,0.0064045271302574786,0.09188946269934495,0.014859191801733784,0.0192454443587394,0.4444444444444444,4.0,2024-05-08,2024-08-08
EFA,0.022682753710116767,0.007822021514758266,0.004857362597285962,0.115766890262196,0.013224047619258827,0.01574607360529869,0.48412698412698413,7.0,0.01766619205942958,0.00909479116665186,0.006233031472581,0.0767345806245443,0.01557844085703759,0.019961368031324367,0.42857142857142855,3.0,2024-05-08,2024-08-08
GLD,0.025566291659835618,0.007708904243055028,0.004692731394591343,0.1068141042484777,0.011028075673821936,0.015228709102291195,0.48412698412698413,9.0,0.028183176233045032,0.01096634632663182,0.007828660064734731,0.05771282328098737,0.01770851929413958,0.022984917631316742,0.4444444444444444,5.0,2024-05-08,2024-08-08
GOOGL,0.04244008054723316,0.018200531636428756,0.013473041443566081,0.14402973347721426,0.02359872864387275,0.03895837484590622,0.42857142857142855,4.0,0.04034359089553061,0.015028625405897979,0.013163252761328329,0.17203691238114238,0.028810665967110405,0.03879620834397468,0.4126984126984127,4.0,2024-05-08,2024-08-08
HD,0.03944211687535986,0.012145911179496864,0.00737862730661494,0.1699891960401183,0.017491851645314877,0.024905460197482358,0.47619047619047616,9.0,0.03754353620520828,0.015273295229969492,0.009534866337830674,0.07929776837219982,0.02563800558554975,0.03005685979983827,0.49206349206349204,5.0,2024-05-08,2024-08-08
HYG,0.011002848028562474,0.0039005051988362117,0.0022502772219587476,0.03880602349229545,0.006128517161345742,0.007456239347038634,0.46825396825396826,8.0,0.004144347255767675,0.0026032741392222523,0.0014390094638082203,0.011659914722193632,0.003485778258870531,0.00439476173862019,0.4444444444444444,3.0,2024-05-08,2024-08-08
IEF,0.013898242558195583,0.005091612046368722,0.002918447098033795,0.09996558009196654,0.008137041687075264,0.010137093378583407,0.49603174603174605,7.0,0.006575793244331273,0.004601247918344547,0.0024789696754423446,0.017845458618023224,0.00598774613368297,0.008227776199421666,0.3968253968253968,3.0,2024-05-08,2024-08-08
INTC,0.06949952631340622,0.02546844045496523,0.01924389274415033,0.4048434973215951,0.0438812714350726,0.06123380379770452,0.4444444444444444,5.0,0.1837354391600966,0.04079496155939366,0.04666296867558009,0.45195109948543155,0.053045989653348946,0.10838600075490853,0.49206349206349204,5.0,2024-05-08,2024-08-08
IWM,0.029117788810497383,0.012398428463316784,0.0067227218032894385,0.17985346632610466,0.016660287826928806,0.02258849991211217,0.49206349206349204,6.0,0.02839068306742938,0.01399122419021892,0.009294568861360809,0.10071259519135733,0.021258238957920127,0.030381061773123358,0.47619047619047616,3.0,2024-05-08,2024-08-08
JNJ,0.03735506111699046,0.009880827674873048,0.006564664935525535,0.15946155792733985,0.014443241786495836,0.021292567872339643,0.5079365079365079,9.0,0.021067386822910917,0.011718638830125415,0.0070596181593528635,0.05941354255676612,0.017621144784439,0.020546334686329132,0.3968253968253968,4.0,2024-05-08,2024-08-08
JPM,0.030449077544078416,0.010372211125707303,0.008018696467235657,0.13486571267312175,0.012299937468670741,0.02184203350158311,0.42063492063492064,6.0,0.038943484488663006,0.015090409920346338,0.012019593977982409,0.1013049110156643,0.025945575651441177,0.03636403397450369,0.4444444444444444,4.0,2024-05-08,2024-08-08
KO,0.026158047571413993,0.008294368667617041,0.005821653826971321,0.1702127463336126,0.01068767561841596,0.01766134373338726,0.4603174603174603,7.0,0.015011539847980104,0.008312633484739958,0.004707920203219567,0.02956910662948853,0.012346671297753298,0.014655327396969176,0.42857142857142855,4.0,2024-05-08,2024-08-08
LQD,0.0154779995179494,0.005570476101479351,0.0032501751633260147,0.08434728487920429,0.0095766270263682,0.010777851339029839,0.49603174603174605,7.0,0.008536678890385405,0.0044296735403206115,0.0023712996917737237,0.018220885871261916,0.006086003057522882,0.007002934662790672,0.4444444444444444,5.0,2024-05-08,2024-08-08
MA,0.027883009308846445,0.010180227300699823,0.008077220950578534,0.12591334693244938,0.016217030043032606,0.023672671213661924,0.42063492063492064,5.0,0.047496329856756336,0.011641295923215004,0.009278892279708198,0.0652522331286598,0.020276176472528905,0.027618965010793334,0.49206349206349204,8.0,2024-05-08,2024-08-08
META,0.05459166707293371,0.02265195714280502,0.01364297366183421,0.18426426033132515,0.02660300471616492,0.04101880230095685,0.44841269841269843,6.0,0.05348617512514367,0.02190387639379802,0.014857270868095464,0.1602118047998109,0.029269937029657876,0.0458800206774419,0.4444444444444444,5.0,2024-05-08,2024-08-08
MRK,0.02750955594165245,0.011004291755322684,0.006006253047260785,0.1387883766945418,0.016591803340180462,0.020757452696623102,0.4722222222222222,7.0,0.07458928435153699,0.017896377422437933,0.018351331864267035,0.16403441807577923,0.024669982485754693,0.048943667987384754,0.5079365079365079,5.0,2024-05-08,2024-08-08
MSFT,0.03490844261477708,0.013313783419537062,0.008689330953894727,0.12987592920757784,0.02198574565017014,0.028172983603802756,0.4523809523809524,6.0,0.03779912910767505,0.012684182758465603,0.01049975808546529,0.15486780739774808,0.02474294224197047,0.03176740681731227,0.4444444444444444,5.0,2024-05-08,2024-08-08
NFLX,0.0590191656792902,0.023182964165217278,0.014052182304592903,0.2751313825731939,0.025286359160364126,0.042559777279987276,0.47619047619047616,6.0,0.03655719945774199,0.01364744126117654,0.007772425104651888,0.13335267608197887,0.017704843946979576,0.026049657536846654,0.5238095238095238,6.0,2024-05-08,2024-08-08
NVDA,0.05548125936076428,0.031192101086389094,0.015583381613282397,0.19791148966589134,0.03648696293182869,0.0486602473760492,0.4365079365079365,5.0,0.0742762611697117,0.03987766331618277,0.023579765450702127,0.27046765113359506,0.06669056313888681,0.06801229663906119,0.49206349206349204,3.0,2024-05-08,2024-08-08
PEP,0.04196656496290014,0.010238675252475071,0.007553505881927888,0.1826219756123506,0.014854149304919295,0.024110108024721355,0.49603174603174605,9.0,0.03635195763451032,0.01118748264832535,0.006972267006619043,0.10886030589325513,0.015452779080806634,0.023476467153881964,0.5396825396825397,7.0,2024-05-08,2024-08-08
PFE,0.05926710457998251,0.015593586468871386,0.01038644977906021,0.34768298636951034,0.02286840568187821,0.03423570824558157,0.5357142857142857,8.0,0.043529631851234915,0.014996154069031575,0.008371083048314406,0.0885134485876986,0.022443967365582528,0.026469388716652803,0.49206349206349204,8.0,2024-05-08,2024-08-08
PG,0.033719745504494705,0.00888337528243502,0.006090153238527596,0.08969381455642023,0.012729116465172274,0.01998687739284817,0.45634920634920634,10.0,0.03145739810398662,0.01123552006111943,0.008987828029710463,0.05396338507556997,0.013418883711284867,0.02235442307831212,0.42857142857142855,5.0,2024-05-08,2024-08-08
QQQ,0.022172284074595823,0.010239833597202094,0.006334938307027378,0.10779930508103197,0.016941452630422082,0.01976605696941253,0.42857142857142855,5.0,0.02788371542649471,0.012580944446420552,0.010511718117130942,0.1355774466628792,0.024172777793993228,0.02981574569000231,0.3968253968253968,3.0,2024-05-08,2024-08-08
SPY,0.01756157953094652,0.007249623584889228,0.004452410601833598,0.09974318833807871,0.012396147665400281,0.01432100429529163,0.44047619047619047,6.0,0.018569310939824647,0.008640860859509936,0.007368774182470098,0.0840562747761483,0.014147133214926255,0.02114142067005767,0.36507936507936506,3.0,2024-05-08,2024-08-08
T,0.05612876424000924,0.015294867104740543,0.010224258546301167,0.19660756052856276,0.02183139349073619,0.03389343376372969,0.48412698412698413,9.0,0.024441981399974805,0.01335246237235758,0.00744648178852279,0.04958225538980854,0.014242150732573866,0.021539596084433482,0.4444444444444444,4.0,2024-05-08,2024-08-08
TLT,0.035015002857016024,0.010491312576293429,0.006466445887818893,0.20152725209378686,0.01831500790372983,0.02230000243123333,0.5198412698412699,8.0,0.019746147638958968,0.00997087649647806,0.005891995666463563,0.0472589734729123,0.01696660726413931,0.01914466115901098,0.3968253968253968,5.0,2024-05-08,2024-08-08
UNH,0.052824875890437634,0.013765983952227738,0.01031987807383397,0.19989230128747104,0.019375241582632544,0.0324044390485727,0.49206349206349204,8.0,0.0419195063955661,0.01727353234168522,0.009678385314993617,0.0819243748324403,0.02181249609215403,0.030598320251042282,0.49206349206349204,6.0,2024-05-08,2024-08-08
V,0.02400151518319255,0.008937999948983777,0.005992441786808986,0.0793814394347081,0.013967032522053535,0.01909656753215217,0.4007936507936508,7.0,0.03220800228084463,0.01169401175265065,0.009656720260570701,0.09694627336338846,0.015798931866689504,0.029900806836231336,0.4603174603174603,4.0,2024-05-08,2024-08-08
VNQ,0.028481256762788388,0.011765705508936438,0.00728984548095179,0.17434387368415216,0.018321624434269372,0.024113128851122823,0.4880952380952381,5.0,0.027817509760955175,0.009853366569312698,0.006623216609751232,0.0521421984398065,0.012032655104036626,0.01928587284065808,0.47619047619047616,6.0,2024-05-08,2024-08-08
WMT,0.03109788122361364,0.009654822372577723,0.008700002485177626,0.10813812891748464,0.013098366877647559,0.021572324027056153,0.44047619047619047,5.0,0.023975025194623974,0.01268623619563313,0.005535359352294135,0.05800371277287086,0.012662781667780598,0.018039695836167352,0.49206349206349204,6.0,2024-05-08,2024-08-08
XLB,0.023433684487185035,0.009221966872207102,0.006002134194048115,0.12717076566784546,0.015099329121332394,0.019150175920351422,0.4365079365079365,6.0,0.023267559278999667,0.008926413809446351,0.006004531426838624,0.05327039755008223,0.014212011351843478,0.017714838400976485,0.47619047619047616,5.0,2024-05-08,2024-08-08
XLE,0.03169113922136982,0.011626556514750057,0.007283512486392864,0.1294677367304321,0.019064777481578008,0.02364561406100116,0.44841269841269843,7.0,0.025543443008936146,0.011763958868712692,0.0076585278862771515,0.0823058609338041,0.021770343399973458,0.025131625183123868,0.4603174603174603,4.0,2024-05-08,2024-08-08
XLF,0.02020044862229343,0.007741588802664428,0.004698564856925681,0.11262382684864469,0.01281140976252777,0.015422742436351666,0.4365079365079365,7.0,0.026352009575355984,0.00941563915398227,0.007013034806344737,0.06864299981534072,0.013812907356378423,0.02039808654889827,0.4603174603174603,5.0,2024-05-08,2024-08-08
XLI,0.017757795469861556,0.008002299394546084,0.004487879218746829,0.12566269878619618,0.01208564078780341,0.01517823792095474,0.44047619047619047,6.0,0.017975668075188647,0.009863619797603054,0.006063221374567599,0.05920907722692226,0.01703497285337373,0.01985248648517393,0.4603174603174603,3.0,2024-05-08,2024-08-08
XLK,0.022278856980791892,0.011289228358614142,0.0066126487851354415,0.10944094169708518,0.01743591084220005,0.021199585828649687,0.40476190476190477,5.0,0.03680838198021788,0.016748601368129164,0.013511013226865692,0.16972398789696408,0.03279296699919791,0.03772253042958884,0.4126984126984127,3.0,2024-05-08,2024-08-08
XLP,0.01552025570162957,0.006616905694359152,0.004050106567556721,0.12938608373486515,0.010737800751155203,0.01363392934854259,0.47619047619047616,5.0,0.016582488744088367,0.006879303884135894,0.003948211605735325,0.03124995775163608,0.007722578801430702,0.01256129095214778,0.5238095238095238,5.0,2024-05-08,2024-08-08
XLU,0.0308700160483419,0.010766642092493731,0.007298812445447406,0.1767452967364146,0.017507543219298777,0.023145334476527207,0.4722222222222222,6.0,0.022840967075253203,0.009821158001959927,0.006631248505718671,0.06387252247757336,0.012771924992147377,0.02012681099846847,0.4126984126984127,5.0,2024-05-08,2024-08-08
XLV,0.016320123286121157,0.00661599916989211,0.004161306335903402,0.09244641271695209,0.01003508541876188,0.013389750298597151,0.4880952380952381,5.0,0.027571226308626247,0.007828934538147522,0.006382228312182002,0.0340698715157981,0.010845582200702586,0.0181174011789991,0.4444444444444444,7.0,2024-05-08,2024-08-08
XLY,0.026202450582580042,0.011081552571292355,0.006880397201148325,0.16198632478148023,0.018213544061559995,0.022620721009444993,0.42063492063492064,6.0,0.030716607046763163,0.0125614117738738,0.010360760313392336,0.12660489475531822,0.02382608377298537,0.032623879059702154,0.4603174603174603,3.0,2024-05-08,2024-08-08
XOM,0.03398900266651864,0.013060086579474115,0.008157360639964473,0.1873114438315393,0.019221083180956156,0.026984814617481888,0.46825396825396826,6.0,0.02550415284972991,0.012640222795018903,0.006274831256679581,0.09428272466897825,0.017953305032757126,0.02127670313723304,0.5079365079365079,5.0,2024-05-08,2024-08-08
AAPL,0.038257558868253626,0.012749311419435404,0.008539633675949471,0.16606658929315887,0.0196431318705316,0.02927823884148453,0.4642857142857143,7.0,0.02871285146565708,0.01732028185367629,0.011393988676848047,0.11749436855010542,0.0250885091332421,0.032355668588237935,0.36507936507936506,3.0,2024-06-07,2024-09-09
ABBV,0.036797923680632984,0.011520579136620706,0.008700567272371887,0.14203436244948275,0.01610770480275736,0.02706405773550596,0.43253968253968256,7.0,0.024115717750421758,0.012927374956549269,0.00808110471354521,0.05152271888233095,0.020697434582913843,0.024139473112544718,0.3968253968253968,4.0,2024-06-07,2024-09-09
AMD,0.08671289516903367,0.028750413444416745,0.01863868447747086,0.31748509348155673,0.04503904617064273,0.06099660635514766,0.48412698412698413,7.0,0.1463439490086031,0.03251818687742031,0.024587357024294876,0.30055450384343796,0.059245324994997794,0.0809396696834126,0.5873015873015873,7.0,2024-06-07,2024-09-09
AMZN,0.046127904597214844,0.01750186867935779,0.010111705994369386,0.17452540796322236,0.024643161579559095,0.033500481059513754,0.46825396825396826,7.0,0.06074407825266348,0.020978454764851186,0.017141186103044367,0.19489997863769593,0.029577661466601502,0.04882431400319068,0.49206349206349204,4.0,2024-06-07,2024-09-09
BA,0.09544895214721758,0.019580072980849184,0.014735645002807492,0.3781738045837916,0.02936990109956132,0.046985275569900814,0.503968253968254,11.0,0.0794102307040188,0.023015307945667085,0.01701647800800403,0.17303258095603902,0.04121287739133669,0.056637730595472835,0.5714285714285714,5.0,2024-06-07,2024-09-09
BAC,0.04002602720360679,0.014665359396964865,0.008002761849316985,0.2226723907340593,0.02151270683365944,0.027758777810638992,0.4801587301587302,8.0,0.03736580114873618,0.015285982102024389,0.011049027221400482,0.16949909753243675,0.02458325107201189,0.031535720724650135,0.4603174603174603,4.0,2024-06-07,2024-09-09
COST,0.036542384499103804,0.011260640714203365,0.009425615049372013,0.10273788589292698,0.01539543757633723,0.02440472308262808,0.38095238095238093,7.0,0.02896273280721705,0.013149657186350635,0.009481847049981772,0.09458015330471126,0.02243561641290971,0.02880305955985804,0.47619047619047616,3.0,2024-06-07,2024-09-09
CRM,0.08550586823253482,0.02121168544987243,0.02035854005536543,0.3111122615876022,0.023436346361212446,0.04759833079008159,0.47619047619047616,6.0,0.05111983787404335,0.01706732969794918,0.009362607669238708,0.09270443524737104,0.022172654841307825,0.027833951635555243,0.5238095238095238,8.0,2024-06-07,2024-09-09
CVX,0.0408928526011393,0.012630307327880591,0.009662632919821874,0.1701354821855673,0.022313103160046626,0.030594114332554417,0.4801587301587302,6.0,0.036081781238236826,0.013357659778381648,0.010022717010621341,0.1349585725369784,0.02186074838184593,0.031002524789092184,0.4444444444444444,5.0,2024-06-07,2024-09-09
DIS,0.050639785021342046,0.016904323848749545,0.01187733139591477,0.18042662846621593,0.024672550245884172,0.035392502016622654,0.4801587301587302,6.0,0.06650679970965838,0.013802218310990972,0.01072690317897716,0.16298511842643426,0.027367874185318376,0.036011797981913285,0.6031746031746031,7.0,2024-06-07,2024-09-09
EEM,0.02083207949362947,0.009171677567339246,0.005538687801877677,0.12920156597896393,0.014353751483316645,0.018417977948276112,0.46825396825396826,5.0,0.01912960780899134,0.009925185637185684,0.006942196382295243,0.09188946269934462,0.01734160010980391,0.02099603554172122,0.4126984126984127,3.0,2024-06-07,2024-09-09
EFA,0.022014117919343757,0.007685357373798802,0.004879796138787866,0.11576689026219666,0.013060774926186918,0.01572739909282059,0.4642857142857143,7.0,0.01796027795520363,0.00982298394471777,0.006414384984001297,0.07673458062454441,0.015780521198198883,0.0207307553791356,0.42857142857142855,3.0,2024-06-07,2024-09-09
GLD,0.02995042997823729,0.008279883225954642,0.0055826783254824775,0.08079706258961494,0.011028075673821936,0.017765143411622428,0.47619047619047616,9.0,0.0180371757648452,0.009209876231041695,0.005010326601345889,0.04362868171183709,0.012662949048260907,0.015441933167045313,0.4444444444444444,5.0,2024-06-07,2024-09-09
GOOGL,0.04142274038282383,0.017544203026703137,0.013332716260785445,0.14402973347721448,0.022382674758003273,0.037835999419718415,0.42063492063492064,4.0,0.04816360554747879,0.01668403541970519,0.013591140895232109,0.22111437648748733,0.03626110855814625,0.04297238983983001,0.49206349206349204,4.0,2024-06-07,2024-09-09
HD,0.039330353411798635,0.011917645756973856,0.007301978878891186,0.17737852142195287,0.017491851645314877,0.024436068162373203,0.4801587301587302,9.0,0.03624929649678368,0.014284185818884493,0.009781556197544802,0.07929776837220004,0.02563800558554975,0.03005685979983827,0.4603174603174603,5.0,2024-06-07,2024-09-09
HYG,0.010582251437114196,0.003787594968571456,0.002164257772547775,0.038806023492296005,0.005610809979251519,0.007289127343228037,0.46825396825396826,8.0,0.0038025639580210463,0.0024248092051065272,0.001471230102805762,0.01165991472219341,0.0033211523855501746,0.004234172993181073,0.38095238095238093,3.0,2024-06-07,2024-09-09
IEF,0.012643186580763265,0.005086441746915881,0.0029646721780289035,0.07738612916028831,0.008217694014571486,0.010319403195138636,0.48412698412698413,6.0,0.006951617807578209,0.0042369029432569654,0.0022620343659579887,0.01741184632282622,0.0059589274551794524,0.007157373073477996,0.3492063492063492,5.0,2024-06-07,2024-09-09
INTC,0.06821459961968471,0.024512271786348894,0.019023991925808486,0.40781926212822117,0.041690198128543084,0.06004896671313486,0.44047619047619047,5.0,0.1986496095020263,0.04564418281017378,0.04572094186951398,0.45483709736726785,0.06056542981380788,0.11839338901856178,0.5396825396825397,5.0,2024-06-07,2024-09-09
IWM,0.029255307022715015,0.012037344825500285,0.006754472039876482,0.17985346632610466,0.016660287826928806,0.02258849991211217,0.49206349206349204,6.0,0.03431633210119235,0.015192831158274807,0.009986234209341688,0.10071259519135745,0.02966885035496327,0.032658371086746046,0.47619047619047616,4.0,2024-06-07,2024-09-09
JNJ,0.037191309853342853,0.010192745319101458,0.006957557965761418,0.15946155792733996,0.016482363333468048,0.022408839476438954,0.47619047619047616,9.0,0.01651466671873283,0.010606472406180508,0.005679647284220285,0.03503088200411719,0.014020412180826992,0.016869484533542256,0.38095238095238093,4.0,2024-06-07,2024-09-09
JPM,0.0334647840439635,0.010668672796690261,0.008812876028893706,0.13486571267312186,0.012299937468670741,0.02423350808449237,0.42063492063492064,6.0,0.031401393755977954,0.013965433241023305,0.01107632936718799,0.10130491101566408,0.0236547376392827,0.031059818598293404,0.36507936507936506,4.0,2024-06-07,2024-09-09
KO,0.02512341843815066,0.00817912152195786,0.005824986129813157,0.16263954088558885,0.010542768819438586,0.017104319318131663,0.4365079365079365,7.0,0.01576910205037788,0.008388988526725788,0.005284178817586943,0.02561281981673269,0.012346671297753298,0.0158333728859604,0.3968253968253968,4.0,2024-06-07,2024-09-09
LQD,0.013928243843637535,0.0055712194731781985,0.0032660023442873005,0.08434728487920329,0.0095766270263682,0.010777851339029839,0.48412698412698413,6.0,0.0071089616413258306,0.004088714733212364,0.002087552228008379,0.018220885871261583,0.005895013151614848,0.006240880957549322,0.4126984126984127,5.0,2024-06-07,2024-09-09
MA,0.034257914060067646,0.00953114543883014,0.007738356655815035,0.1259133469324495,0.014200757644002837,0.021680280922621753,0.4126984126984127,8.0,0.03493662856207865,0.01225514864808564,0.00942734421516408,0.058481371981577324,0.020276176472528905,0.027618965010793334,0.4603174603174603,5.0,2024-06-07,2024-09-09
META,0.055017270500785365,0.022653087507036672,0.013397062621944487,0.18426426033132526,0.02571379878427361,0.04088746692612358,0.4642857142857143,6.0,0.05195442722347021,0.021715490185332125,0.014844122063848633,0.1602118047998109,0.03184048198945797,0.04652322346695703,0.42857142857142855,5.0,2024-06-07,2024-09-09
MRK,0.027199553520326072,0.01095134399991128,0.006074566952872824,0.12589518379356524,0.016524540856245946,0.020627503664728295,0.4603174603174603,7.0,0.06240873465608312,0.017684472063540353,0.018711613565315924,0.16403441807577956,0.02088809898190629,0.04760889329065984,0.4603174603174603,4.0,2024-06-07,2024-09-09
MSFT,0.03501997827104038,0.013004238275208989,0.008843428856323327,0.1298759292075774,0.02198574565017014,0.02839746729730321,0.4444444444444444,6.0,0.035282310777853126,0.01250854800252994,0.009520623543230208,0.15486780739774897,0.02409965191700476,0.029441186800603203,0.4603174603174603,5.0,2024-06-07,2024-09-09
NFLX,0.06027989375953784,0.02209988483845076,0.014026165755736618,0.2751313825731939,0.025286359160364126,0.042559777279987276,0.4880952380952381,6.0,0.04016459765081478,0.01446758021026239,0.010011703226742687,0.13335267608197865,0.024889561546106963,0.031223120193193787,0.4444444444444444,6.0,2024-06-07,2024-09-09
NVDA,0.0536515842529132,0.02786525453417316,0.015496971547156202,0.1979114896658909,0.03648696293182869,0.04719090156611155,0.42063492063492064,5.0,0.08236924263812892,0.04149320763664892,0.02533181073196425,0.2704676511335946,0.06683050001401145,0.07513961593080304,0.5079365079365079,3.0,2024-06-07,2024-09-09
PEP,0.04218972736294399,0.010412500450228368,0.007533879886239999,0.16914342738258692,0.015090561918436456,0.02405670240460261,0.5,9.0,0.023198527179252096,0.010342505421649929,0.0064440353275700265,0.03718261743130513,0.013664653776099878,0.02036836634053346,0.4444444444444444,5.0,2024-06-07,2024-09-09
PFE,0.05837315391759352,0.015497126341713012,0.010639530680068019,0.34768298636950956,0.023399072214568207,0.03483120167940859,0.5198412698412699,8.0,0.036406732203771414,0.013338409593093913,0.007584735875785711,0.09843903809039911,0.0203257742058106,0.023648111152682727,0.49206349206349204,7.0,2024-06-07,2024-09-09
PG,0.03192392685334034,0.008670747569745318,0.005808204487261125,0.08969381455642056,0.012176400254154429,0.018575802749924396,0.4523809523809524,10.0,0.02623536269756957,0.011198554647654487,0.009630043847322163,0.05396338507557008,0.013224179435931438,0.024344086579487917,0.4126984126984127,3.0,2024-06-07,2024-09-09
QQQ,0.02241506216099792,0.009938211832863045,0.006359829144886315,0.10779930508103275,0.01666303834430926,0.01976274497977795,0.43253968253968256,5.0,0.027507403863640475,0.014352308348669974,0.010642745542479945,0.1355774466628794,0.029098226235029456,0.0313506273447105,0.38095238095238093,3.0,2024-06-07,2024-09-09
SPY,0.017312993844491434,0.007120727325857244,0.004483444621083439,0.09974318833807927,0.012396147665400281,0.01432100429529163,0.42857142857142855,6.0,0.022572998075412062,0.009701762312631179,0.007763200396305736,0.08405627477614819,0.018439625141757045,0.02274586691181338,0.38095238095238093,4.0,2024-06-07,2024-09-09
T,0.0507038013936149,0.01475910737480496,0.009236062502852973,0.15075621600399647,0.01911989098606833,0.030078169115495067,0.48412698412698413,9.0,0.025162343379387893,0.012983781678375756,0.008708279129478507,0.049582255389808316,0.0178957803136378,0.024849481100060217,0.36507936507936506,4.0,2024-06-07,2024-09-09
TLT,0.03455922039682691,0.0105879746609748,0.006593257859589994,0.19180711847104703,0.018478581681501304,0.02230000243123333,0.503968253968254,8.0,0.018921537412044123,0.009419519119574789,0.005798535658529651,0.047258973472912524,0.01400641295712629,0.018129572936640026,0.38095238095238093,5.0,2024-06-07,2024-09-09
UNH,0.05375783388722302,0.014101810637494848,0.010666236882385521,0.19989230128747204,0.020330975857870536,0.03386169992565883,0.48412698412698413,8.0,0.023694059308240468,0.01569189886619308,0.00846216403865731,0.052676243287457236,0.016607588492450844,0.02396388455574222,0.42857142857142855,3.0,2024-06-07,2024-09-09
V,0.022216071372089426,0.00856759747023865,0.0055466712585739136,0.07938143943470832,0.012971656653652597,0.017801361626957505,0.4007936507936508,7.0,0.03094582754589728,0.012156395332169704,0.010642744923192185,0.08337540072413485,0.015798931866689504,0.029900806836231336,0.38095238095238093,4.0,2024-06-07,2024-09-09
VNQ,0.030967371911835365,0.01163491939233917,0.007149753976758526,0.17434387368415172,0.01824954533155772,0.02359874544748514,0.49206349206349204,6.0,0.01740107660741555,0.008735265040137491,0.006042040488685955,0.02912837990997852,0.009368860329095119,0.016261015481363134,0.4444444444444444,3.0,2024-06-07,2024-09-09
WMT,0.02785087402160093,0.010653247930769601,0.00884154730844474,0.10813812891748442,0.013152822519480427,0.021963567936237275,0.42857142857142855,4.0,0.02017538831720578,0.011833268586795962,0.005240360601871631,0.058003712772871086,0.011893801901112677,0.016374627028899552,0.42857142857142855,6.0,2024-06-07,2024-09-09
XLB,0.02310452053704419,0.008912676660427835,0.005941401514415564,0.12717076566784524,0.014350721153874374,0.018948088466206443,0.43253968253968256,6.0,0.025795016886429087,0.009374510830476315,0.006656778551336538,0.05274584071615818,0.0152165189699642,0.019818383104689474,0.47619047619047616,5.0,2024-06-07,2024-09-09
XLE,0.03259965348441094,0.01140429715766576,0.007330609910515688,0.12946773673043177,0.019321847437942612,0.02376858551205315,0.4603174603174603,7.0,0.023535039727113145,0.011720683257485789,0.007678981216077481,0.07902342026995268,0.0245872359424238,0.025876492921950794,0.4126984126984127,4.0,2024-06-07,2024-09-09
XLF,0.020015788980263953,0.007559941059161338,0.0047416435588326904,0.11262382684864303,0.013287485610454374,0.015514397878401765,0.4246031746031746,7.0,0.024884371748370677,0.0094525805131224,0.007307315513410437,0.06864299981534083,0.01412389360769487,0.02061149046181676,0.4126984126984127,5.0,2024-06-07,2024-09-09
XLI,0.017604221816931272,0.007689895706927835,0.004449066968278994,0.12566269878619607,0.011965658121449447,0.015064283900631654,0.44047619047619047,6.0,0.019639116314760657,0.010179885701310903,0.006819137609291894,0.05920907722692248,0.018417869606994108,0.02104771299498953,0.4444444444444444,3.0,2024-06-07,2024-09-09
XLK,0.022324271752110894,0.010958378838751556,0.0067595404508383585,0.10944094169708563,0.01806481836284061,0.02156979641684884,0.39285714285714285,5.0,0.0455562760908642,0.018864005226705213,0.014060579040390183,0.16972398789696408,0.03689637261090498,0.04087684370189534,0.4444444444444444,4.0,2024-06-07,2024-09-09
XLP,0.014866484614898067,0.006649632406999479,0.003997959009982548,0.12393173294678583,0.010392638236481311,0.013323471848622046,0.4603174603174603,5.0,0.013836229108423841,0.006207223697693046,0.003843396974562178,0.0240020490656071,0.006716627963492039,0.011110575816802332,0.4444444444444444,5.0,2024-06-07,2024-09-09
XLU,0.03047292089498287,0.010842547545628809,0.007260776606209262,0.1725777626059215,0.017234895636532743,0.02277644529209122,0.46825396825396826,6.0,0.01489159361897914,0.008392619243126979,0.006862485538700065,0.037046672027716165,0.010861230658822585,0.01821728407577644,0.3492063492063492,2.0,2024-06-07,2024-09-09
XLV,0.0159801264732962,0.00663368963628855,0.004265611449047193,0.09244641271695209,0.01005234895046595,0.013532724524476137,0.4642857142857143,5.0,0.027163194093648438,0.007444941241019305,0.00646742716515439,0.03406987151579799,0.009913725318624788,0.018331742866499162,0.42857142857142855,7.0,2024-06-07,2024-09-09
XLY,0.026431490132674547,0.010810735341857508,0.006940539784929027,0.16198632478148056,0.018213544061559995,0.022620721009444993,0.42063492063492064,6.0,0.030712446604494056,0.014505797662848912,0.010664043959893768,0.12660489475531778,0.0252024170494874,0.032809390993549015,0.4444444444444444,3.0,2024-06-07,2024-09-09
XOM,0.034397273541781556,0.012988521701234775,0.008130264655330184,0.18731144383153908,0.019440772785077037,0.02701379003686857,0.47619047619047616,6.0,0.027051804697494772,0.01262807317183396,0.006870299605712958,0.05193171540600294,0.01786099090323493,0.02382505871695531,0.49206349206349204,5.0,2024-06-07,2024-09-09
AAPL,0.03803692735916484,0.013959584013435973,0.008679060806158644,0.16606658929315832,0.02047176749104409,0.029395224070917127,0.4523809523809524,7.0,0.033598692078497555,0.014754209311008803,0.012332853243099302,0.11749436855010564,0.027718423892778277,0.033459641156586284,0.4126984126984127,3.0,2024-07-10,2024-10-08
ABBV,0.03678945353754348,0.011663877216444437,0.008881051945240324,0.14203436244948286,0.017150405755109108,0.027715662511177495,0.42063492063492064,7.0,0.031664534329235265,0.01216707001712521,0.007767634683939385,0.04058201567668218,0.020697434582913843,0.023637715749102173,0.4603174603174603,6.0,2024-07-10,2024-10-08
AMD,0.07200749638848065,0.028800060449421933,0.01850391839464941,0.3174850934815565,0.04405333443250909,0.060035950886244846,0.48412698412698413,5.0,0.12418179936394931,0.032457105889824256,0.025460554102397018,0.2927888510368497,0.059122566833802855,0.0809396696834126,0.5079365079365079,7.0,2024-07-10,2024-10-08
AMZN,0.04566782441854309,0.017471313581721472,0.010240107885014683,0.17452540796322247,0.024643161579559095,0.033500481059513754,0.45634920634920634,7.0,0.08692021516712768,0.02084363634344418,0.01667120528999142,0.17446807611823933,0.030546844530189764,0.04899454146988544,0.5396825396825397,7.0,2024-07-10,2024-10-08
BA,0.09353204565409723,0.01957130606305992,0.014439708243411424,0.3781738045837917,0.026688998341088586,0.04632206189545079,0.503968253968254,11.0,0.08316928305637598,0.023421896887642984,0.017161915551315677,0.21028331871766637,0.04146170045473363,0.056637730595472835,0.5873015873015873,5.0,2024-07-10,2024-10-08
BAC,0.0395917549581199,0.014625955941392764,0.00800813921923357,0.2226723907340582,0.020559313272396733,0.027237355146370355,0.4722222222222222,8.0,0.03837632588812529,0.01509278211547976,0.010490882738376402,0.16949909753243675,0.02458325107201189,0.031535720724650135,0.5079365079365079,4.0,2024-07-10,2024-10-08
COST,0.03647677644947841,0.011291737453963646,0.009288068077413485,0.10273788589292687,0.01539543757633723,0.023901454757602345,0.3888888888888889,7.0,0.027812226595164514,0.013343364429122474,0.00910519323055981,0.05766674474545497,0.02243561641290971,0.02880305955985804,0.47619047619047616,3.0,2024-07-10,2024-10-08
CRM,0.08595604777745512,0.021388085551685497,0.020310682285076872,0.31111226158760197,0.023436346361212446,0.047190382074987616,0.4801587301587302,6.0,0.03868921720659276,0.01680196555690875,0.008030728846301306,0.09245949588398561,0.020303452778184038,0.02573886639146103,0.4603174603174603,8.0,2024-07-10,2024-10-08
CVX,0.040150574070158214,0.012625043083017993,0.00963208216329553,0.17013548218556762,0.02006621649215661,0.030430097940196927,0.4722222222222222,6.0,0.034603996714138094,0.013806281917873435,0.010436125993152759,0.139203790327188,0.023464720105410942,0.03134349124478622,0.3968253968253968,5.0,2024-07-10,2024-10-08
DIS,0.05256697807802165,0.01690865927975425,0.012042616796055868,0.20682812198259548,0.025428917014871436,0.03564575516113597,0.49206349206349204,6.0,0.0507314366379662,0.01444960748754241,0.011250923447936052,0.13069967110474168,0.028330940550185823,0.03621644956569764,0.4603174603174603,7.0,2024-07-10,2024-10-08
EEM,0.019833240710191987,0.008873699896015766,0.005373148877661574,0.12920156597896348,0.013960751542134265,0.017471559230819965,0.45634920634920634,5.0,0.02038133888389523,0.012939882605962292,0.007076853779130287,0.0918894626993445,0.01824062333241383,0.02280658904637889,0.4444444444444444,3.0,2024-07-10,2024-10-08
EFA,0.021054479810049723,0.007603851385060077,0.004702167157577772,0.11576689026219666,0.012576787374723591,0.015249732105298298,0.4603174603174603,7.0,0.023955373284021805,0.010084855102135649,0.006083904326100776,0.07673458062454441,0.015780521198198883,0.0207307553791356,0.49206349206349204,5.0,2024-07-10,2024-10-08
GLD,0.029554029039102772,0.008467067196575749,0.005719049444106399,0.08079706258961439,0.011726148667066765,0.018199782921390486,0.45634920634920634,9.0,0.018333304069691223,0.009135142673376074,0.004510574810797047,0.04362868171183698,0.0115930852140245,0.014562376442032676,0.5079365079365079,5.0,2024-07-10,2024-10-08
GOOGL,0.04020640957209069,0.017400607661972566,0.013384408830215376,0.14402973347721482,0.020851347515659428,0.03669848082326809,0.4007936507936508,4.0,0.046815015069759415,0.01649438774146837,0.013843149617401976,0.20196608128284044,0.03626110855814625,0.04297238983983001,0.4603174603174603,4.0,2024-07-10,2024-10-08
HD,0.04002214386120294,0.012072266419124258,0.007487135756347488,0.17737852142195276,0.017491851645314877,0.02504266248376104,0.47619047619047616,9.0,0.029134059034763623,0.01274332384036071,0.008555239557827414,0.07929776837219993,0.015585691141025083,0.02501372575218161,0.4126984126984127,5.0,2024-07-10,2024-10-08
HYG,0.010581558706063948,0.0036948928029575234,0.0021802662169087806,0.03880602349229623,0.005424056028886531,0.007152257818095979,0.4642857142857143,8.0,0.00360261880395482,0.0023972113197727107,0.0014296106364900078,0.011659914722193632,0.0033211523855501746,0.004332412079153386,0.36507936507936506,3.0,2024-07-10,2024-10-08
IEF,0.012260786480544185,0.0050246906437553165,0.002941350292049741,0.07713816044195787,0.00810815230530813,0.010153491321647343,0.4722222222222222,6.0,0.008707401284990831,0.004101227726352119,0.0023496162197594304,0.027627670794213577,0.005056258827910909,0.007477796148360277,0.4603174603174603,5.0,2024-07-10,2024-10-08
INTC,0.0670436522622132,0.023719801213967606,0.01883098599396825,0.4078192621282207,0.04006991158728161,0.05858023461971935,0.4365079365079365,5.0,0.20049481307747774,0.047342223113134616,0.04455440290610616,0.4548370973672681,0.06056542981380788,0.11839338901856178,0.5555555555555556,5.0,2024-07-10,2024-10-08
IWM,0.02954031942244859,0.011898003659187226,0.006820275768530699,0.17985346632610533,0.016660287826928806,0.02258849991211217,0.49206349206349204,6.0,0.03221525358861391,0.01569577373700493,0.009942979502658612,0.100712595191358,0.02966885035496327,0.032658371086746046,0.4444444444444444,4.0,2024-07-10,2024-10-08
JNJ,0.03610965044144447,0.010168502006735641,0.006908734140582488,0.15946155792733996,0.016482363333468048,0.022408839476438954,0.4642857142857143,9.0,0.02249778525626611,0.010556615220963076,0.005681258903097502,0.04689945601992962,0.014158783364759309,0.017158282379035994,0.4444444444444444,6.0,2024-07-10,2024-10-08
JPM,0.03398769525761466,0.010736618327636928,0.009011888894064492,0.13486571267312242,0.013211863253723005,0.024951054676072386,0.4166666666666667,6.0,0.03939150723908945,0.015415139929062287,0.013199975970770713,0.1013049110156643,0.0236547376392827,0.03745667917002926,0.3968253968253968,4.0,2024-07-10,2024-10-08
KO,0.025439679146530423,0.008146893983617298,0.0058128299125136725,0.16263954088558918,0.010561264194334518,0.017053322521982432,0.4444444444444444,7.0,0.019506152006303214,0.00872913100173279,0.00572799701772396,0.04830706856728295,0.015563054642732454,0.017294493775789982,0.4126984126984127,5.0,2024-07-10,2024-10-08
LQD,0.013603784787285305,0.005511195209773377,0.0032389963779250724,0.08434728487920395,0.009347640692806186,0.010735938619289667,0.47619047619047616,6.0,0.006945484936668586,0.0038950869104475167,0.0020164311106457182,0.020795917804489972,0.005863255384799149,0.006249101576235511,0.4126984126984127,5.0,2024-07-10,2024-10-08
MA,0.036326351778738775,0.009576102522840814,0.007983813577744785,0.1259133469324495,0.014583201822762376,0.02302514906770469,0.42857142857142855,8.0,0.024693535152364648,0.011641462593452938,0.009554046338712511,0.04778783004119613,0.013783081302318834,0.024443871122878463,0.38095238095238093,3.0,2024-07-10,2024-10-08
META,0.05376728589364606,0.022723858992934266,0.013383631770063412,0.18426426033132526,0.02571379878427361,0.04042515460756684,0.4523809523809524,6.0,0.056570197385236415,0.020801631246286038,0.015511183154016436,0.11564261378836715,0.03158546707191234,0.04652322346695703,0.4444444444444444,5.0,2024-07-10,2024-10-08
MRK,0.031015563675204534,0.011311694488264738,0.006875116614670339,0.09377397598055326,0.015832929146972374,0.022250780518685728,0.4642857142857143,7.0,0.07874593019777505,0.016480261483711386,0.017044573635882042,0.15293450897624927,0.02088809898190629,0.041811608143419665,0.5238095238095238,6.0,2024-07-10,2024-10-08
MSFT,0.034636280759689296,0.012694488057467493,0.008933961307062716,0.12987592920757762,0.02198574565017014,0.02839746729730321,0.43253968253968256,6.0,0.03991751333269716,0.012758484442977405,0.00918736417974776,0.13096550410913854,0.024266382180189693,0.029441186800603203,0.5396825396825397,5.0,2024-07-10,2024-10-08
NFLX,0.059761866168639474,0.021771548331264094,0.013961029945227257,0.2751313825731939,0.025071969396455528,0.042196963220234876,0.48412698412698413,6.0,0.045334254544285746,0.015361034540004335,0.010139696182343854,0.08820165125930635,0.024693357135340564,0.0311686189679809,0.5079365079365079,6.0,2024-07-10,2024-10-08
NVDA,0.055320934352634465,0.02854905759565047,0.016089355409331936,0.19791148966589134,0.03648696293182869,0.04945849407057171,0.4166666666666667,5.0,0.08597228673471195,0.040984999752224985,0.02501839031962517,0.23467969220332463,0.06669056313888681,0.07511467043672895,0.47619047619047616,4.0,2024-07-10,2024-10-08
PEP,0.04441592390023769,0.01052983683180827,0.007616676292416044,0.16914342738258636,0.015090561918436456,0.024917286822505935,0.5198412698412699,9.0,0.020032723745539605,0.009980120893284492,0.005405655613875766,0.0616195834007377,0.012593714180668547,0.017565638586739873,0.4603174603174603,5.0,2024-07-10,2024-10-08
PFE,0.05648279482418102,0.015426262036736978,0.010424088995157477,0.2995113206252996,0.022146224501924012,0.03376107955087607,0.5119047619047619,8.0,0.035238693586831626,0.01262735922272242,0.007224864425871564,0.09843903809039889,0.019075552886056012,0.02338750726778227,0.5079365079365079,7.0,2024-07-10,2024-10-08
PG,0.031110391871095627,0.008539268998333776,0.0057015060799617484,0.08969381455642034,0.012729116465172274,0.01809810834648492,0.44841269841269843,10.0,0.04088017805543397,0.011900926515809552,0.009143474168242807,0.060014726906822746,0.013534403785762882,0.026438824307239317,0.5079365079365079,6.0,2024-07-10,2024-10-08
QQQ,0.021718270581348984,0.009774578812713916,0.006377587392935813,0.10779930508103197,0.01666303834430926,0.01976274497977795,0.4126984126984127,5.0,0.02973849190709853,0.014853972464238132,0.010620889966820903,0.12404806214105046,0.029098226235029456,0.0313506273447105,0.42857142857142855,3.0,2024-07-10,2024-10-08
SPY,0.017127425240281602,0.006993853042450185,0.0045594558318025995,0.0997431883380786,0.012396147665400281,0.01432100429529163,0.4126984126984127,6.0,0.023650887678253678,0.010113831867853076,0.007508218310556723,0.08405627477614797,0.018439625141757045,0.02274586691181338,0.42857142857142855,4.0,2024-07-10,2024-10-08
T,0.049309296177837525,0.014740024574704714,0.009302300978249878,0.11687447673394247,0.018303507549400983,0.02982807468084559,0.4642857142857143,9.0,0.026207266671969508,0.013296523463545186,0.008923621268233345,0.04958225538980854,0.02163523631153491,0.02576790522663369,0.38095238095238093,4.0,2024-07-10,2024-10-08
TLT,0.034204777024283865,0.010659469128001964,0.006656461357775131,0.18882262970956587,0.018621587262726624,0.02230000243123333,0.49206349206349204,8.0,0.02261668120917677,0.008630902622519695,0.004786599197709369,0.061122473553093304,0.011427598668583117,0.014640468596074346,0.49206349206349204,7.0,2024-07-10,2024-10-08
UNH,0.048413726195125344,0.013807451932030737,0.009605898054588361,0.19989230128747137,0.020330975857870536,0.03114447555290848,0.48412698412698413,8.0,0.02171199459298841,0.014043488011207441,0.007323490239698471,0.052676243287457125,0.01538085024417144,0.02093771408338041,0.4603174603174603,3.0,2024-07-10,2024-10-08
V,0.024252971480467032,0.008641217239085633,0.005854718644424912,0.09441128954959432,0.014310511908175732,0.019051977308561265,0.42063492063492064,7.0,0.03627969184195576,0.013378010498037805,0.014036785534090025,0.07521594111140306,0.01477696448168624,0.036988708963520606,0.38095238095238093,3.0,2024-07-10,2024-10-08
VNQ,0.031279556026926676,0.01145756497193667,0.0072218311173279474,0.1743438736841516,0.01824954533155772,0.02359874544748514,0.49206349206349204,6.0,0.021610153966688687,0.009087016145935382,0.005659802229370846,0.039467397444342134,0.009036679364131394,0.015376357436770655,0.47619047619047616,5.0,2024-07-10,2024-10-08
WMT,0.027585606098662892,0.010682776839662511,0.008818150097676631,0.10813812891748487,0.012381401369190548,0.021732300106786805,0.4246031746031746,4.0,0.026293516536187257,0.012567874391630852,0.006939637795474642,0.05800371277287086,0.01763469714563218,0.021075528519267334,0.4126984126984127,6.0,2024-07-10,2024-10-08
XLB,0.023015110442747545,0.008600991976041963,0.005876730482483527,0.12717076566784635,0.014350721153874374,0.018236924470322616,0.4365079365079365,6.0,0.02256856572631682,0.00979228419328688,0.0060061505561972185,0.052745840716157844,0.01348418594845221,0.019358933236229253,0.4603174603174603,5.0,2024-07-10,2024-10-08
XLE,0.031782606249093,0.011234846890162074,0.007146882357600279,0.12946773673043177,0.01812935017850533,0.023230347437412837,0.4603174603174603,7.0,0.02380311772079988,0.013126103916739905,0.008396161453544932,0.09679820357032776,0.025696059257794647,0.026182829638964428,0.36507936507936506,4.0,2024-07-10,2024-10-08
XLF,0.02008686382499638,0.007514036181743261,0.004758480845639263,0.1126238268486438,0.013287485610454374,0.015514397878401765,0.4246031746031746,7.0,0.020777309305018487,0.009784758359114963,0.007145635475270908,0.06864299981534083,0.01412389360769487,0.02061149046181676,0.38095238095238093,4.0,2024-07-10,2024-10-08
XLI,0.017706066709304212,0.00757880912269342,0.00445697803801754,0.12566269878619618,0.011965658121449447,0.015064283900631654,0.4444444444444444,6.0,0.019360758957626498,0.010072726528386467,0.007298698813390941,0.05920907722692226,0.018417869606994108,0.02104771299498953,0.3968253968253968,3.0,2024-07-10,2024-10-08
XLK,0.023042081538102555,0.011033179837384456,0.00711458692909541,0.10944094169708574,0.018518149050708425,0.022060602995991937,0.38095238095238093,5.0,0.04654160270111321,0.019391278730004954,0.013543852637890087,0.15745892899298564,0.03689637261090498,0.04087684370189534,0.47619047619047616,4.0,2024-07-10,2024-10-08
XLP,0.01481696606379087,0.006644447158241647,0.003925610530844992,0.12393173294678617,0.010392638236481311,0.013164009050202465,0.46825396825396826,5.0,0.013284787373365666,0.006322110674086857,0.0041002430164708845,0.037637802988904734,0.009477910231599163,0.012279050597632624,0.4444444444444444,4.0,2024-07-10,2024-10-08
XLU,0.02963093111383969,0.01076360229369771,0.007194074184265569,0.17257776260592173,0.017234895636532743,0.02277644529209122,0.4603174603174603,6.0,0.01941512549492859,0.009085070852744638,0.008024396625928146,0.026408052551166628,0.009402584325587405,0.020802214665216423,0.3333333333333333,3.0,2024-07-10,2024-10-08
XLV,0.019054168836664404,0.006445904449146213,0.004175216278950368,0.09244641271695253,0.00954668497310121,0.013365824601792621,0.4722222222222222,7.0,0.020090310353801016,0.007650998708580608,0.00655503953342714,0.036294302549591095,0.010289363367059035,0.018365220490973028,0.4126984126984127,4.0,2024-07-10,2024-10-08
XLY,0.02627794082918223,0.010650420331954456,0.006900219884519055,0.16198632478148134,0.018213544061559995,0.022620721009444993,0.42063492063492064,6.0,0.03719647720972202,0.014739259895071187,0.010496360411914504,0.1266048947553181,0.0252024170494874,0.032809390993549015,0.49206349206349204,4.0,2024-07-10,2024-10-08
XOM,0.03245821366955208,0.01284066233569495,0.0076129264788585786,0.18731144383153908,0.018990168007459902,0.02533951864408193,0.4801587301587302,6.0,0.034387180587855996,0.014589499877979013,0.009551994607737776,0.07650878786903681,0.02277618369893981,0.029824433423882635,0.4444444444444444,5.0,2024-07-10,2024-10-08
AAPL,0.03938872724699356,0.014322482319452866,0.00905263407296975,0.16606658929315832,0.022474245159882954,0.030393975969834893,0.44841269841269843,7.0,0.028819847222850862,0.012371124170046849,0.00889501457495397,0.06118917177303007,0.022439970043591405,0.026663279584376837,0.4444444444444444,4.0,2024-08-08,2024-11-06
ABBV,0.0378721822986515,0.011888544889872264,0.009267663657738793,0.14203436244948386,0.01871849738250294,0.028691866360463416,0.4126984126984127,7.0,0.028004433999913706,0.011631988865518122,0.005859513607485551,0.05678665446675191,0.012220925234104719,0.018089631449849652,0.5396825396825397,6.0,2024-08-08,2024-11-06
AMD,0.0997470819583121,0.030068803722417898,0.020035519450457777,0.39128585865877497,0.04584184444988057,0.06599386276831752,0.5158730158730159,7.0,0.07819790057994337,0.0295317335946091,0.02413515449998252,0.1857059940460698,0.03986759504439248,0.06914897524315147,0.4444444444444444,4.0,2024-08-08,2024-11-06
AMZN,0.05772017521884795,0.017740574346507314,0.01245967637756256,0.19489997863769515,0.02549768614223851,0.038750345001985154,0.47619047619047616,7.0,0.04130731194555074,0.018055510895888315,0.010108270780326572,0.06784905757155979,0.025883934828150157,0.031575723941490275,0.4126984126984127,7.0,2024-08-08,2024-11-06
BA,0.09896876201577251,0.01982986860077991,0.015218410825838033,0.3822983604668063,0.030656726387833594,0.050859529700020153,0.5079365079365079,11.0,0.06105410447470075,0.02153186576578168,0.01507508752461747,0.18539924083309134,0.0339551286783936,0.046547270242433186,0.5555555555555556,4.0,2024-08-08,2024-11-06
BAC,0.04547860228849769,0.015094153364528386,0.008850417546183277,0.18888617659366747,0.022905415791065382,0.029698204133986442,0.49206349206349204,8.0,0.025306991815120243,0.016213448708663657,0.0066280216658648255,0.045349934175391904,0.014535817100192916,0.02132198563444046,0.47619047619047616,5.0,2024-08-08,2024-11-06
COST,0.040816376178693776,0.01211396246231837,0.009988134382352314,0.10273788589292687,0.016074840646640713,0.027563258310633613,0.4126984126984127,7.0,0.023085309148165787,0.01032269403191036,0.005663062850199399,0.04742237811257477,0.0167982328765268,0.01861285278885269,0.4603174603174603,6.0,2024-08-08,2024-11-06
CRM,0.08506796008371242,0.021572244718455588,0.020561159183292682,0.31111226158760164,0.024167867159848033,0.047965309592575424,0.46825396825396826,6.0,0.022124031979761167,0.014410091696991678,0.00486242461093652,0.08067670306350416,0.01574518795409292,0.01804016935705066,0.42857142857142855,8.0,2024-08-08,2024-11-06
CVX,0.0430608619067706,0.013092579038882108,0.010407928382949603,0.17013548218556718,0.02375599299239731,0.032959783606161176,0.46825396825396826,6.0,0.02256826048720001,0.011522267795385722,0.007960585709770726,0.0715150490716765,0.0177953086071724,0.022606465997146108,0.36507936507936506,4.0,2024-08-08,2024-11-06
DIS,0.0617748519671615,0.017227782736832703,0.012301217175522457,0.2968850420508087,0.026405625291486417,0.03753692430850124,0.5158730158730159,7.0,0.01803788229950015,0.010947386322379958,0.006621048066284776,0.04183907686159394,0.013636517869362963,0.020149099539090054,0.4126984126984127,3.0,2024-08-08,2024-11-06
EEM,0.02082322139184885,0.009040855748636103,0.005599870294620707,0.09188946269934462,0.014350851579987627,0.01827666519166389,0.4603174603174603,5.0,0.024568377501120453,0.011464775408030703,0.0066295621828420265,0.06144419741612628,0.01810350368179182,0.021021694910909577,0.4603174603174603,5.0,2024-08-08,2024-11-06
EFA,0.02325728987850063,0.007963318235976978,0.00515536592306764,0.09336290234147315,0.0130677750464029,0.016775280579815255,0.4642857142857143,7.0,0.017947467413710536,0.008616295063800296,0.004700527179781331,0.06348467506114519,0.014196489635872134,0.016413941271534116,0.47619047619047616,5.0,2024-08-08,2024-11-06
GLD,0.030563438555456502,0.00879230251840857,0.0058274057575856165,0.06372008111393213,0.012532511787540822,0.01864545970085648,0.4642857142857143,9.0,0.021980791582889087,0.008841051769276733,0.006280226166539739,0.04582525456993347,0.0115930852140245,0.01747686576082569,0.42857142857142855,5.0,2024-08-08,2024-11-06
GOOGL,0.04393065982299346,0.01751468310028578,0.014139939008282728,0.17203691238114194,0.024309273417304933,0.04166994759254081,0.42063492063492064,4.0,0.026021226935958264,0.01415412494457237,0.010230119460709397,0.1095989127412651,0.0226987501138289,0.03113737062795688,0.36507936507936506,3.0,2024-08-08,2024-11-06
HD,0.0436707926045715,0.0128512946429426,0.00798403096086979,0.1773785214219521,0.019486750893344378,0.027268631605834728,0.4880952380952381,9.0,0.02459892342465654,0.010664859641181914,0.007028263835616154,0.0722391463925166,0.014593338855955974,0.021027831136099046,0.42857142857142855,5.0,2024-08-08,2024-11-06
HYG,0.010135997809249786,0.003555996175569992,0.0020884610870706977,0.038806023492296116,0.005348023023344866,0.006870059646531654,0.4642857142857143,8.0,0.0030602566975177783,0.002122169742337159,0.001153668199461067,0.010500783074904763,0.0029986153591838316,0.0037126887773556716,0.3968253968253968,3.0,2024-08-08,2024-11-06
IEF,0.011923029292836555,0.004977479535963104,0.0028818288694806965,0.062384883911733136,0.00810815230530813,0.009999697747364235,0.46825396825396826,6.0,0.011422633058228599,0.0036555610011987497,0.0026290187197510265,0.05373801755503371,0.006223462804742952,0.008478753457534738,0.5396825396825397,5.0,2024-08-08,2024-11-06
INTC,0.11006378646737604,0.02966341169771817,0.029598827038039375,0.6208760942210148,0.044868356728336424,0.0787438650034891,0.4603174603174603,5.0,0.07186983571897296,0.032877948707232825,0.018252656690532814,0.14292202336796223,0.03481310608840317,0.055563261239904044,0.49206349206349204,5.0,2024-08-08,2024-11-06
IWM,0.03347883169338565,0.01309922597972214,0.007789987894023717,0.14928574347922663,0.019443594812021264,0.02648242374416166,0.4880952380952381,6.0,0.024399458487325953,0.013573288760553413,0.006583980861659384,0.05692905505867707,0.01551718554205732,0.020486583580244522,0.4603174603174603,5.0,2024-08-08,2024-11-06
JNJ,0.034147278669623984,0.009924129623268399,0.006388096349759589,0.15719118104225693,0.016769392375853925,0.02108021939026583,0.47619047619047616,9.0,0.018901131072804188,0.007283280027458285,0.005045756491296933,0.05675709200219681,0.01382106569767988,0.015092682350089037,0.4126984126984127,6.0,2024-08-08,2024-11-06
JPM,0.0383551276379866,0.011682014465793478,0.009962370815061454,0.11681079392033644,0.015255970128142003,0.029824751405164853,0.42857142857142855,6.0,0.030963970601745085,0.019508553187045696,0.010922035485624369,0.09110312658035347,0.017722149675325805,0.02844466549912264,0.36507936507936506,4.0,2024-08-08,2024-11-06
KO,0.025701784934820913,0.00839746879587153,0.0059590832006137205,0.13690398651711433,0.01068767561841596,0.017511652587696644,0.4365079365079365,7.0,0.025821667846326432,0.008588191369727004,0.006561243469148519,0.12153530945843083,0.016637173723115926,0.020521735806861452,0.47619047619047616,5.0,2024-08-08,2024-11-06
LQD,0.012930776271433565,0.0053502518349756115,0.0030787562551032295,0.06728046804841592,0.009113329875458376,0.010437743988369727,0.47619047619047616,6.0,0.010949858669268295,0.003966810559401254,0.0027374646673170738,0.04336410938025703,0.006411862070394814,0.008632119832068547,0.49206349206349204,5.0,2024-08-08,2024-11-06
MA,0.03905858029630312,0.010304944157775225,0.008703529797405763,0.12591334693244982,0.014583201822762376,0.025094845140327168,0.42063492063492064,8.0,0.017059565349325897,0.009456173718646098,0.006431185349944286,0.03243975850176983,0.01238814685058447,0.018078728328524696,0.3968253968253968,3.0,2024-08-08,2024-11-06
META,0.0584699262928054,0.023453218929848522,0.014343271962160054,0.18426426033132515,0.027982422984196093,0.044884625539250364,0.4603174603174603,6.0,0.039542470255564274,0.014397507679928917,0.010523399342206622,0.06897069872276473,0.018698341347588576,0.030806819046870965,0.4603174603174603,5.0,2024-08-08,2024-11-06
MRK,0.04955246061336541,0.012991709379852277,0.010940367300095618,0.16403441807577934,0.016901758402393136,0.029583544061922686,0.46825396825396826,7.0,0.03697009291634216,0.010275756741597884,0.006935226665403289,0.15096083905369218,0.020353551476787378,0.022364646490182688,0.5873015873015873,6.0,2024-08-08,2024-11-06
MSFT,0.03612116597304452,0.01255110810240184,0.00899119932229463,0.1548678073977483,0.023189108069793907,0.029026572905793305,0.4523809523809524,6.0,0.04161901309860755,0.012764405384799431,0.011891146599602158,0.07371954409740766,0.018251281789725505,0.030393240601507804,0.42857142857142855,5.0,2024-08-08,2024-11-06
NFLX,0.0547213601097076,0.020870877172865496,0.012288027261144044,0.2284256160815149,0.025071969396455528,0.03855348887350722,0.503968253968254,6.0,0.03269602707502671,0.01945168402491603,0.009341722021436204,0.05838776346609731,0.0229747456220299,0.02779652134974231,0.42857142857142855,5.0,2024-08-08,2024-11-06
NVDA,0.066520602616517,0.03165195039108001,0.018684073643284657,0.27046765113359483,0.04332133173175786,0.061680552608762186,0.4365079365079365,5.0,0.06575908803608249,0.030966601019915854,0.022615559377488686,0.2089998261566145,0.04625967634697287,0.06329534555236857,0.38095238095238093,4.0,2024-08-08,2024-11-06
PEP,0.04447364239899391,0.010696637321052105,0.00768960370277389,0.13501345068344817,0.015184400445975289,0.025412995845523,0.5158730158730159,9.0,0.03145779131944554,0.00827413765359922,0.004993300209435799,0.07564961062047126,0.012593714180668547,0.016283515005140164,0.5238095238095238,10.0,2024-08-08,2024-11-06
PFE,0.05685267415179948,0.01579725241598268,0.010492351464119322,0.2978703869216893,0.023399072214568207,0.03408228859391481,0.5119047619047619,8.0,0.03185489797614377,0.012010405302620519,0.006826049566316523,0.09373971005126724,0.019075552886056012,0.023614821169400668,0.5714285714285714,5.0,2024-08-08,2024-11-06
PG,0.03788349681572373,0.009374050595904992,0.006842172067647312,0.08928820439476082,0.013295957219824012,0.02080362135848973,0.45634920634920634,10.0,0.03412245973330607,0.008914045410527384,0.006647232415579104,0.08883011492114257,0.013574124298985113,0.021434485189961744,0.5714285714285714,6.0,2024-08-08,2024-11-06
QQQ,0.025771192004985302,0.010845406957151504,0.007516597668120712,0.13557744666287908,0.018118336624725638,0.02363868669754795,0.4166666666666667,5.0,0.018661001060193853,0.01163823381199219,0.008886190981044692,0.07007261910207696,0.01580185052929404,0.024561450924618755,0.3333333333333333,2.0,2024-08-08,2024-11-06
SPY,0.021051967928450224,0.007785171013554429,0.005468043617779279,0.08657417906058829,0.013786491114700788,0.01675667834346067,0.42857142857142855,6.0,0.017233840655268614,0.008133427792650841,0.00592698223593894,0.04137093891387744,0.009127685356139902,0.01653738448342887,0.38095238095238093,4.0,2024-08-08,2024-11-06
T,0.03848488143261645,0.013385227020618578,0.007341493445981049,0.09348382255783805,0.01805596462198734,0.025094735473064615,0.4603174603174603,9.0,0.018723104971955232,0.012585282472694501,0.00736089812405498,0.04086188860615014,0.018472902489869714,0.02202426980960312,0.36507936507936506,3.0,2024-08-08,2024-11-06
TLT,0.03363722212017297,0.010681158087946827,0.006546011659917204,0.14310977978553807,0.018462661956062,0.022180757339139625,0.49206349206349204,8.0,0.02894935466798066,0.00814747006973156,0.005935383562879633,0.10394813268522562,0.013928101871373333,0.01870018185167316,0.5079365079365079,7.0,2024-08-08,2024-11-06
UNH,0.049656239242042204,0.014098250872422129,0.009776640510109041,0.19989230128747093,0.020330975857870536,0.031876299818243324,0.4880952380952381,8.0,0.04221939779964953,0.01522889774323856,0.015497199589157068,0.08111998458630088,0.01538085024417144,0.033209432504511555,0.4126984126984127,3.0,2024-08-08,2024-11-06
V,0.03005950057697305,0.009484130179091806,0.007306128612458726,0.12453203405413804,0.01543133512379199,0.02275083606986374,0.4166666666666667,7.0,0.03548057042759731,0.012970242272627976,0.010982081322827738,0.07521594111140295,0.011515916360849698,0.023582577818277578,0.38095238095238093,5.0,2024-08-08,2024-11-06
VNQ,0.03161650220054143,0.01175815743890173,0.007470710296303981,0.14102903067347727,0.01824954533155772,0.024129707398366583,0.4801587301587302,6.0,0.0204313937672752,0.008366866812074367,0.0055132332387885456,0.05128682696558273,0.010883098248944156,0.017208192576940923,0.4603174603174603,5.0,2024-08-08,2024-11-06
WMT,0.03461303943119507,0.010897965288817823,0.008678233190721706,0.10813812891748464,0.013289548789601584,0.022236522325896534,0.44841269841269843,6.0,0.01476397289328072,0.012163301683756242,0.006973765997978221,0.03176181750116325,0.012672494557029023,0.019483384989807284,0.3333333333333333,2.0,2024-08-08,2024-11-06
XLB,0.02433930495979816,0.00893531503637034,0.0061707763389564334,0.1073857059869866,0.015099329121332394,0.01914668315767524,0.44047619047619047,6.0,0.017312379599898373,0.00829258509659201,0.0047469427935205215,0.04656345079934754,0.012106498653041786,0.0151899845434314,0.4444444444444444,5.0,2024-08-08,2024-11-06
XLE,0.03292085543909393,0.011461487892816214,0.007348405231940609,0.1294677367304311,0.019321847437942612,0.024003478163217358,0.4642857142857143,7.0,0.03158622380861602,0.012781812338168828,0.009275319689831689,0.0759199182079986,0.024343260189756664,0.0273855986544862,0.4126984126984127,5.0,2024-08-08,2024-11-06
XLF,0.023851424304337236,0.008103910698766006,0.005627595091886798,0.09766959367230199,0.013657861476337851,0.01764068883561312,0.42857142857142855,7.0,0.01208819484114457,0.010783472877876484,0.0041573156861079204,0.03191948252321897,0.011025798620309057,0.012942536461680532,0.38095238095238093,4.0,2024-08-08,2024-11-06
XLI,0.02029582962994822,0.008383132473536574,0.005108874173420504,0.11170668083313551,0.012810307738659599,0.017376290063673326,0.4444444444444444,6.0,0.017228938798557074,0.008951059718468187,0.004922553942444879,0.04237041558403343,0.011384350884974647,0.014355139343834727,0.42857142857142855,5.0,2024-08-08,2024-11-06
XLK,0.03002226035856611,0.012792913354970459,0.009090405526896512,0.1697239878969642,0.021459957113874523,0.028640277323115606,0.39285714285714285,5.0,0.03519934054828594,0.015028129570185018,0.011795193481788938,0.09601917263321014,0.024226671317019232,0.03208218021384432,0.3968253968253968,4.0,2024-08-08,2024-11-06
XLP,0.015567424428191276,0.006787766872104044,0.004093426343667826,0.10906353536812252,0.010737800751155203,0.013852672337632757,0.4722222222222222,5.0,0.012956032071622884,0.005787787417567545,0.0038845246070121522,0.05076201607489428,0.00981524909261725,0.011527802253649494,0.4603174603174603,4.0,2024-08-08,2024-11-06
XLU,0.029370427278735595,0.010819569328856997,0.007446323467988018,0.13147321086012087,0.017234895636532743,0.02356127075718084,0.44047619047619047,6.0,0.019233198945176624,0.009353327035817666,0.006592023832016181,0.06094140883647048,0.014537449539845482,0.020364797660101686,0.4444444444444444,3.0,2024-08-08,2024-11-06
XLV,0.02226826322759774,0.006865835372410148,0.0049534317272544775,0.09137930871225541,0.010242056352084934,0.015649929855459647,0.4642857142857143,7.0,0.01409497944426057,0.0057509282176810735,0.0036915422354015775,0.06310474880269878,0.01024594028742425,0.011999583998542618,0.47619047619047616,5.0,2024-08-08,2024-11-06
XLY,0.030922312650391255,0.011476787791974129,0.0077837766360093884,0.15148595182661084,0.019072410904668956,0.025796876039382702,0.4444444444444444,6.0,0.019954014846771517,0.012041566454008404,0.00615864655764553,0.03375830382009881,0.015518306544684678,0.018454421942502297,0.4444444444444444,4.0,2024-08-08,2024-11-06
XOM,0.03181794164627824,0.012810757506223836,0.007404902783133845,0.18731144383153897,0.018990168007459902,0.02445823659682589,0.48412698412698413,6.0,0.0406891392030991,0.01417156816974885,0.009981462719374959,0.08311400754094889,0.02599957509532914,0.031594769907486775,0.4603174603174603,6.0,2024-08-08,2024-11-06
AAPL,0.03763669483192886,0.013889525728731077,0.008649967892920158,0.16606658929315798,0.021262743943097313,0.02880693826688,0.44841269841269843,7.0,0.02709217354770155,0.012106939893378845,0.008739410821839209,0.06118917177302996,0.02128165357405575,0.02526772432452251,0.4126984126984127,4.0,2024-09-09,2024-12-06
ABBV,0.03849069229300209,0.011855839824911021,0.009419018616673793,0.14203436244948264,0.019189870700266703,0.028860780046454322,0.4126984126984127,7.0,0.1310776479827471,0.0209078645957826,0.020805975870277313,0.19070973451116902,0.023404664829207434,0.051166020542747104,0.5873015873015873,8.0,2024-09-09,2024-12-06
AMD,0.10008061483206217,0.030299025155857803,0.020434786893000736,0.39128585865877497,0.04584184444988057,0.06664714050609087,0.5079365079365079,7.0,0.09056175218940786,0.02625831962892629,0.02025551455895847,0.21932875281212505,0.03045075316304339,0.05721572252468135,0.5079365079365079,6.0,2024-09-09,2024-12-06
AMZN,0.05793239563248219,0.018195723552360477,0.012602428768779594,0.19489997863769537,0.02549768614223851,0.03947224603245217,0.4722222222222222,7.0,0.04160022323951714,0.017656028694310058,0.010455082560196107,0.07930878328942415,0.025892236389510326,0.0329264848475124,0.3968253968253968,7.0,2024-09-09,2024-12-06
BA,0.10417526877218773,0.02062369719921609,0.01601901454334236,0.4035645299510985,0.03180429614590314,0.053528820143781644,0.5079365079365079,11.0,0.036978030371808406,0.019546237297889072,0.010108632641323285,0.15131783643369745,0.03183608137314873,0.03477508487704181,0.5079365079365079,4.0,2024-09-09,2024-12-06
BAC,0.04375684925012767,0.014979462755505976,0.008917653923179558,0.16949909753243653,0.022905415791065382,0.029423077469725892,0.46825396825396826,8.0,0.017878408115620265,0.015777902137889745,0.0043986559649541925,0.04037194175757608,0.013068619210389442,0.014956540472264551,0.5079365079365079,5.0,2024-09-09,2024-12-06
COST,0.040779273230039804,0.012340183967822086,0.010046481004093801,0.10273788589292665,0.016074840646640713,0.027684951884721233,0.4087301587301587,7.0,0.021161101322888343,0.010870454565188129,0.005191034956552695,0.04742237811257488,0.01641827174483612,0.017429308619122258,0.4603174603174603,6.0,2024-09-09,2024-12-06
CRM,0.10258869959239063,0.02146319464350822,0.020198324553446875,0.3111122615876021,0.023436346361212446,0.04772227035639871,0.4880952380952381,8.0,0.0215739290812549,0.021890792470705397,0.008561082968751944,0.05700408015929237,0.01757485425052995,0.02618855049317903,0.36507936507936506,3.0,2024-09-09,2024-12-06
CVX,0.04264493194412965,0.013064203092694385,0.01023047609770787,0.1701354821855673,0.022716995350701246,0.03250604504246943,0.4722222222222222,6.0,0.022891533584145356,0.01174912535420783,0.0084026462560851,0.04485329385759884,0.02157817369926962,0.02454696357354408,0.4126984126984127,3.0,2024-09-09,2024-12-06
DIS,0.057369085545472875,0.016781669244213124,0.011999892391539674,0.2998297098080417,0.024672550245884172,0.03614988652420928,0.49206349206349204,7.0,0.017511936345954625,0.014215955975997837,0.00677545156242292,0.039505078206292454,0.010816930592101714,0.018889804459248344,0.38095238095238093,3.0,2024-09-09,2024-12-06
EEM,0.02107293823199807,0.009118980639826045,0.0058349370801747645,0.09188946269934473,0.014686192286169741,0.01896501532548928,0.4444444444444444,5.0,0.02810437228339704,0.011394546548441275,0.00702609307084926,0.09311649368079422,0.01867075997725499,0.02239271752096661,0.49206349206349204,5.0,2024-09-09,2024-12-06
EFA,0.017188837842708863,0.008146253393527989,0.005326333107523774,0.07967587824911782,0.013703290432097075,0.017363927776067427,0.44047619047619047,4.0,0.017847566183634447,0.007939720341543879,0.00467436257190426,0.08646227761103986,0.013629222184443013,0.01586253643415589,0.47619047619047616,5.0,2024-09-09,2024-12-06
GLD,0.030065380646379234,0.009018741306424332,0.005837524303506173,0.05886614412466029,0.012532511787540822,0.01864545970085648,0.45634920634920634,9.0,0.03146360218329,0.010091621550906944,0.008172364203451948,0.08120389771692982,0.015150705852316081,0.02470307727328805,0.42857142857142855,6.0,2024-09-09,2024-12-06
GOOGL,0.04543565786203697,0.017784601294841128,0.014323851574672149,0.22111437648748733,0.02701714636297952,0.04365875640168071,0.43253968253968256,4.0,0.025803809609526454,0.014419019363295612,0.010404761939325182,0.09283109845309279,0.018363219706210243,0.027380240022610275,0.3492063492063492,3.0,2024-09-09,2024-12-06
HD,0.04431802783253997,0.013001937498665274,0.007913933541524995,0.17737852142195254,0.019486750893344378,0.027268631605834728,0.5,9.0,0.02442489546688103,0.011643208912033133,0.0073662383154085645,0.07223914639251705,0.01651283499151217,0.021535511092126675,0.3968253968253968,5.0,2024-09-09,2024-12-06
HYG,0.009619832680272562,0.003462739630038753,0.002055519803477043,0.03688146274285364,0.004801635239240193,0.006727615069621786,0.4444444444444444,8.0,0.00343096514318696,0.002015967332662044,0.0012105219759228187,0.010500783074904985,0.0029986153591838316,0.003829866224619227,0.42857142857142855,3.0,2024-09-09,2024-12-06
IEF,0.01151490786814542,0.004893054191797952,0.002907805017208439,0.052372572819764374,0.00810815230530813,0.009999697747364235,0.4444444444444444,6.0,0.012638226807591907,0.003781851602457173,0.0026078880714078536,0.053738017555033935,0.006244977248338413,0.00848472969186681,0.5873015873015873,5.0,2024-09-09,2024-12-06
INTC,0.1157374772139417,0.031121479467094964,0.02974130390557466,0.6228725415964302,0.04756334044912736,0.08314512518312608,0.48412698412698413,5.0,0.060547438306406666,0.028799302938397633,0.015377127188928677,0.20701488371863008,0.03547377944247161,0.04831418487859762,0.49206349206349204,5.0,2024-09-09,2024-12-06
IWM,0.03369157619648312,0.013429071327519507,0.007961032614969856,0.12168519174662173,0.019443594812021264,0.027214433311928982,0.4801587301587302,6.0,0.018661620308274614,0.012396894875679142,0.00533189151664989,0.054695836128965114,0.014784107993718465,0.01620270752914399,0.42857142857142855,5.0,2024-09-09,2024-12-06
JNJ,0.030912778136740506,0.009636636146331494,0.006177298352154779,0.11238797042368975,0.01572138213673996,0.020047419962958224,0.44047619047619047,9.0,0.025729830122846492,0.007743515302966349,0.005197945479362928,0.10080043372905467,0.015152138214218736,0.015895826277934733,0.5555555555555556,6.0,2024-09-09,2024-12-06
JPM,0.0371816924295068,0.011675099444730976,0.010194114807512686,0.1013049110156643,0.015255970128142003,0.029638415997570104,0.3968253968253968,6.0,0.04675564804939307,0.020053888349171014,0.011806981830654813,0.04322846848780748,0.014146402267359559,0.03185195441592392,0.4444444444444444,6.0,2024-09-09,2024-12-06
KO,0.019226666415391273,0.008498844780735782,0.006202150456577829,0.10400269067406598,0.011594298781449623,0.01815333814266593,0.4126984126984127,4.0,0.028729634031922947,0.008618775297727168,0.006358197695589504,0.14368938535383646,0.016637173723115926,0.02088841825712598,0.5396825396825397,5.0,2024-09-09,2024-12-06
LQD,0.012645515442803528,0.005220922823346647,0.0031020744953486282,0.057812322234888525,0.009113329875458376,0.010437743988369727,0.4603174603174603,6.0,0.011989588461194295,0.004437464049249686,0.002900706885772814,0.0433641093802567,0.00733387060144991,0.009272424063902551,0.5079365079365079,5.0,2024-09-09,2024-12-06
MA,0.039067301312855345,0.01041800103687567,0.008705473125269963,0.12591334693244927,0.014583201822762376,0.025094845140327168,0.42063492063492064,8.0,0.018264056836977814,0.009211306848339122,0.00652287744177779,0.033162250979407504,0.013275356489311097,0.018529563080985495,0.42857142857142855,3.0,2024-09-09,2024-12-06
META,0.058153275093319794,0.023256470874213016,0.014370488253580107,0.18426426033132526,0.027982422984196093,0.04494894442705902,0.45634920634920634,6.0,0.03578164617296925,0.015678179494133113,0.011221842437759174,0.07024214429692544,0.018471034487762373,0.03277962990717237,0.42857142857142855,4.0,2024-09-09,2024-12-06
MRK,0.04898246115271976,0.012671251025000769,0.010895832992138857,0.16403441807577945,0.016138257753401098,0.029121614973987773,0.4642857142857143,7.0,0.04507570176876596,0.011855201073291266,0.007480094810112678,0.18821648644069755,0.02133758496429684,0.022545378289147683,0.6349206349206349,6.0,2024-09-09,2024-12-06
MSFT,0.03614390099083815,0.012566853459613954,0.009062053098352276,0.15486780739774852,0.023189108069793907,0.029026572905793305,0.44841269841269843,6.0,0.0404237381717172,0.013101193878381505,0.012512109434102942,0.07371954409740811,0.015271849004579296,0.03159611834692769,0.38095238095238093,5.0,2024-09-09,2024-12-06
NFLX,0.0530423481819411,0.02054974950511342,0.01210310733597352,0.22267379138652388,0.025071969396455528,0.03740190237894229,0.49603174603174605,6.0,0.02857418528616546,0.019213729798071014,0.00907116993211602,0.05838776346609731,0.02035360067105043,0.026067092566783745,0.36507936507936506,5.0,2024-09-09,2024-12-06
NVDA,0.06380517199234578,0.03227045159124746,0.020195085424757515,0.27046765113359494,0.04500020044417548,0.0669363241138701,0.42857142857142855,4.0,0.04383987419741088,0.024914549749659183,0.014304015390689616,0.0909458249048497,0.03616228816487484,0.04310483536664142,0.4126984126984127,4.0,2024-09-09,2024-12-06
PEP,0.04265194045599764,0.01069689249422887,0.0077373134614054685,0.12773801420229725,0.01493092628199652,0.02540646858599139,0.49206349206349204,9.0,0.05142997551114698,0.009126941837889412,0.0073471393587352845,0.11860974303194716,0.013672270961490308,0.02298735234323132,0.5714285714285714,10.0,2024-09-09,2024-12-06
PFE,0.05571448765192952,0.015741813281326372,0.010541512862182694,0.24129015308183044,0.023399072214568207,0.03376896905174667,0.5,8.0,0.04457740453397398,0.014088026981979307,0.009198512046693042,0.16577656838987076,0.022189423146788668,0.0309369026373065,0.5873015873015873,5.0,2024-09-09,2024-12-06
PG,0.03893997554362433,0.00948319468077948,0.007032983630720994,0.07604853239552689,0.013295957219824012,0.021455517170779162,0.45634920634920634,10.0,0.0315426580781439,0.010130542781075554,0.0070549956740437285,0.08883011492114246,0.013574124298985113,0.02192092405805532,0.5079365079365079,6.0,2024-09-09,2024-12-06
QQQ,0.026902053242297563,0.011144255825334263,0.008006563464969512,0.13557744666287952,0.0185637908915371,0.02498082540906024,0.40476190476190477,5.0,0.022035007629464785,0.009642279157716226,0.007345002543154928,0.034173672625201434,0.013875933942586039,0.01958123235503345,0.3333333333333333,5.0,2024-09-09,2024-12-06
SPY,0.021623462537669662,0.007963884127382371,0.005733493854685137,0.08489083162800692,0.013827484042412252,0.01750643160651449,0.4166666666666667,6.0,0.011657348574490821,0.0066633239452775685,0.004857228572704509,0.02728406144238582,0.009032375828418582,0.01264743008984165,0.3333333333333333,3.0,2024-09-09,2024-12-06
T,0.03861017060810738,0.013409872075964623,0.007697667404657095,0.09348382255783871,0.018419200768918627,0.025800885599149427,0.4365079365079365,9.0,0.018272404922517124,0.013353593810042868,0.006344585042540668,0.040861888606150365,0.018472902489869714,0.020112477600004758,0.4444444444444444,3.0,2024-09-09,2024-12-06
TLT,0.032965104271272395,0.010521550850704064,0.006566753838898883,0.12014268063144173,0.018462661956062,0.022180757339139625,0.4801587301587302,8.0,0.02884956919732915,0.008772061578291605,0.0059149249015688085,0.10792166786966806,0.014903745343620944,0.018923896634372855,0.5079365079365079,7.0,2024-09-09,2024-12-06
UNH,0.04767927243750559,0.013949465454570199,0.0097512553519929,0.19989230128747082,0.019069898127043045,0.031056310418840202,0.46825396825396826,8.0,0.0762459186514986,0.01927313025858035,0.017603675301933297,0.12095968037958027,0.02140777242175156,0.051340896572785705,0.49206349206349204,6.0,2024-09-09,2024-12-06
V,0.02981679942385487,0.009598533121913578,0.007345739276048902,0.12453203405413715,0.01543133512379199,0.02275083606986374,0.4087301587301587,7.0,0.037814520373487245,0.012763318134764105,0.010203918196020368,0.07521594111140295,0.012830119461378232,0.024271098973820543,0.4603174603174603,5.0,2024-09-09,2024-12-06
VNQ,0.032062344446369274,0.011698985409991982,0.007633891534849825,0.12638509070044102,0.01824954533155772,0.024129707398366583,0.47619047619047616,6.0,0.021710414060060038,0.008759214937381868,0.005325786998860326,0.05128682696558251,0.01449495752252411,0.018088679122264084,0.4603174603174603,6.0,2024-09-09,2024-12-06
WMT,0.03380886285405983,0.011490546222441323,0.008720540021880512,0.10813812891748453,0.012595047410634668,0.021489777987482785,0.43253968253968256,6.0,0.01638039864233446,0.010678334977679704,0.006770124438868073,0.03176181750116358,0.012672494557029023,0.019483384989807284,0.3333333333333333,3.0,2024-09-09,2024-12-06
XLB,0.023998123119476484,0.00904910772776139,0.006195879059937564,0.09453057160855904,0.01464981058773887,0.019364969327727757,0.42857142857142855,6.0,0.016490428955965083,0.007955578458881974,0.004057169028848552,0.06504151069556707,0.012106498653041786,0.01389880197715293,0.5079365079365079,5.0,2024-09-09,2024-12-06
XLE,0.033559278811649954,0.011604934213723312,0.0074909104490290075,0.12946773673043188,0.019688146478604944,0.02484486760817559,0.4642857142857143,7.0,0.033082239477659245,0.012299728906985356,0.009189510966016456,0.0642540447394695,0.019726910751131865,0.02554674684145422,0.4444444444444444,5.0,2024-09-09,2024-12-06
XLF,0.02081800969740452,0.008161858714313953,0.0056244348945160075,0.09766959367230199,0.013657861476337851,0.01735746690325672,0.4007936507936508,6.0,0.013236856075987527,0.010775689795278945,0.004202176532059532,0.028139421710613677,0.01094902778477026,0.013308129167141858,0.42857142857142855,4.0,2024-09-09,2024-12-06
XLI,0.020565002341605812,0.008489836468372475,0.005288356270387587,0.08354301709967193,0.012810307738659599,0.017785232208977354,0.43253968253968256,6.0,0.014806657152759705,0.008760271813141925,0.0039954471682049995,0.039060881677999815,0.01122904361948165,0.013156329823289792,0.4603174603174603,5.0,2024-09-09,2024-12-06
XLK,0.032697203278058945,0.013360514291205777,0.009900348402918247,0.1697239878969643,0.02290402060281141,0.030716041152664113,0.39285714285714285,5.0,0.02437516412166761,0.012149048489872385,0.009189049966501679,0.049525179641463635,0.02137449790660265,0.025814570993057367,0.3968253968253968,3.0,2024-09-09,2024-12-06
XLP,0.01493418978573704,0.0067240841699690935,0.004105414721975521,0.08232937737356127,0.010392638236481311,0.013851216584317325,0.44841269841269843,5.0,0.013594673830633838,0.0059456086341466135,0.003836239528926656,0.05076201607489439,0.00981524909261725,0.011527802253649494,0.49206349206349204,4.0,2024-09-09,2024-12-06
XLU,0.029299331213611193,0.01070492210423295,0.007564554604241435,0.13147321086012131,0.017234895636532743,0.02356127075718084,0.42857142857142855,6.0,0.019976157077593325,0.010599031182469926,0.006846666740304163,0.06094140883647026,0.020702924069724214,0.022023221096013568,0.4444444444444444,3.0,2024-09-09,2024-12-06
XLV,0.021758450231075734,0.006815339925265956,0.005020625136320596,0.07201223542654922,0.01001035807545304,0.01577468783942824,0.4444444444444444,7.0,0.020472115534047243,0.006746353399689039,0.004549359007566054,0.09859638201052989,0.012168171371438663,0.015105629215031557,0.5555555555555556,5.0,2024-09-09,2024-12-06
XLY,0.03142099998286568,0.01180315446595094,0.007909306406407697,0.15148595182661106,0.019229446346643742,0.026236034199483164,0.4444444444444444,6.0,0.014926402356887192,0.010614003304646945,0.005001792676911052,0.03375830382009837,0.014110990745094042,0.015191198574935005,0.3968253968253968,4.0,2024-09-09,2024-12-06
XOM,0.03342473582331297,0.012850945949974216,0.007535758621983287,0.18731144383153908,0.019221083180956156,0.025192280755750744,0.5,6.0,0.042873135872829836,0.01341559158606187,0.00989855950887846,0.08667750556954712,0.025853187204759074,0.030465912106631826,0.49206349206349204,6.0,2024-09-09,2024-12-06
AAPL,0.03928722073280522,0.014211607086981187,0.008964346000540873,0.1660665892931582,0.022163713460246502,0.02978180778507054,0.4523809523809524,7.0,0.025248997878582858,0.010614640562009564,0.007533975173448111,0.06489823964283759,0.017916340915599672,0.021872556479416827,0.3968253968253968,5.0,2024-10-08,2025-01-08
ABBV,0.039141126703173455,0.011899409771460413,0.009448750824509465,0.1420343624494833,0.019189870700266703,0.029085803685496684,0.42063492063492064,7.0,0.1256818543567659,0.021194066954371597,0.02071678917968669,0.1907097345111689,0.018746406906966738,0.04998363082585541,0.5714285714285714,8.0,2024-10-08,2025-01-08
AMD,0.097066751964661,0.03027368117814077,0.020463940072230985,0.39128585865877474,0.04418096282517479,0.06638960720186037,0.49206349206349204,7.0,0.11001008588514348,0.02603620597569167,0.01984308908462184,0.3048766560429741,0.04280425791925072,0.06430080696220625,0.6031746031746031,6.0,2024-10-08,2025-01-08
AMZN,0.05389978723412233,0.017591232180220774,0.01181071035010649,0.19489997863769548,0.02404536855479275,0.03597331187235567,0.4722222222222222,7.0,0.03516807855762552,0.018262415195447503,0.011784717682449469,0.07930878328942426,0.026090590541067493,0.03676960355828934,0.3968253968253968,4.0,2024-10-08,2025-01-08
BA,0.10232877293498528,0.020901860258080048,0.016242662370632585,0.4304309587545575,0.0329430863292427,0.053859209245706044,0.49206349206349204,11.0,0.03190527641206951,0.01950785588050651,0.010410010822280174,0.13597701294229247,0.02887168254368434,0.03280539733355692,0.4126984126984127,4.0,2024-10-08,2025-01-08
BAC,0.0421503831515663,0.014861688620285416,0.008590255836895983,0.16949909753243708,0.02132751725096476,0.028657883766123445,0.46825396825396826,8.0,0.025944796990473588,0.016055350168472326,0.006695431481412539,0.08684722130513423,0.014007483873725735,0.02107177746772329,0.47619047619047616,5.0,2024-10-08,2025-01-08
COST,0.040751909631063905,0.012328545244797068,0.00990497803532803,0.10273788589292732,0.01663643225592167,0.027458659731235308,0.4166666666666667,7.0,0.02465934537711844,0.010552959216168974,0.005515437999211195,0.08533301910562718,0.017176432590148526,0.01791717257028544,0.5079365079365079,6.0,2024-10-08,2025-01-08
CRM,0.10028417682509806,0.021767853531440465,0.020509889643716635,0.31111226158760197,0.023436346361212446,0.04772227035639871,0.46825396825396826,8.0,0.038722926792903956,0.02182049287839613,0.009834394106134337,0.11571823605726916,0.027833380336144308,0.033670567989570965,0.49206349206349204,5.0,2024-10-08,2025-01-08
CVX,0.04170693712680713,0.013129432169246781,0.010381596903858916,0.1606150810598862,0.022850980485161675,0.03252894848425754,0.4523809523809524,6.0,0.043850272822571326,0.012079062362309018,0.009102010231791361,0.13154497618429717,0.02532639176066216,0.027218415551949315,0.4603174603174603,8.0,2024-10-08,2025-01-08
DIS,0.05584246664421849,0.016554803442749906,0.011960903163420293,0.29982970980804013,0.024144141224871647,0.03547216265532887,0.4801587301587302,7.0,0.014743436357715432,0.013900391254021852,0.004826720236156838,0.0625309703539687,0.013557549053199624,0.0152870022503927,0.47619047619047616,3.0,2024-10-08,2025-01-08
EEM,0.02127688248429747,0.009828459979123324,0.006060944612060834,0.09188946269934462,0.014899602598229967,0.0196250558170437,0.42857142857142855,5.0,0.029717158236812775,0.008714203526140432,0.006470671551564072,0.08401646104714111,0.01867059686825696,0.022036007146775755,0.5555555555555556,5.0,2024-10-08,2025-01-08
EFA,0.01816125085606779,0.008154624342350298,0.005101068467540953,0.07673458062454441,0.012643148470643423,0.016949527640800138,0.4365079365079365,5.0,0.029258659130899395,0.007393764420029604,0.005898923211874879,0.07774051218324662,0.014395517384122614,0.018538440661628713,0.5079365079365079,7.0,2024-10-08,2025-01-08
GLD,0.023372478237927794,0.009132402215950294,0.005859982819393873,0.05771282328098759,0.012532511787540822,0.01864545970085648,0.44841269841269843,6.0,0.03057229175915084,0.01031226099370974,0.00838201361362,0.08120389771692982,0.018816086750316253,0.025625554991780347,0.3968253968253968,6.0,2024-10-08,2025-01-08
GOOGL,0.044490537296438856,0.017558389140424378,0.014475672825534556,0.22137634165601938,0.025362075607924306,0.04330186601757579,0.4126984126984127,4.0,0.03197197780622365,0.018530764672885044,0.010149834224197985,0.0928310984530929,0.01836381904637422,0.03025531076023491,0.42857142857142855,4.0,2024-10-08,2025-01-08
HD,0.04125740110699626,0.012886073922049612,0.007893635415879386,0.17737852142195276,0.018072175818571613,0.026233423395760163,0.4642857142857143,9.0,0.0368542055059402,0.012803696636647984,0.008482317140256077,0.10927970403259157,0.020591653028857692,0.027056846428808734,0.5396825396825397,5.0,2024-10-08,2025-01-08
HYG,0.008451790908961377,0.003309389505464034,0.001857536463507995,0.02353616002682879,0.0045813791153979265,0.00601756210558599,0.42857142857142855,8.0,0.0060079200089271576,0.00258018039764516,0.001998602422324558,0.01759247479786108,0.00341172778725054,0.005429599466877683,0.4603174603174603,3.0,2024-10-08,2025-01-08
IEF,0.011605485567708084,0.004827568782907837,0.002888811342611319,0.05237257281976415,0.00792867395644785,0.010104809023564853,0.4523809523809524,6.0,0.011569033319795058,0.0037506673863641478,0.0024257650509247703,0.037550451935892126,0.006244977248338413,0.008004615884616845,0.5714285714285714,5.0,2024-10-08,2025-01-08
INTC,0.11386985679605789,0.03174442555441072,0.029715042311321882,0.6228725415964299,0.04756334044912736,0.08314512518312608,0.47619047619047616,5.0,0.06034313533566841,0.027583910244029272,0.015963792416843495,0.27335113234556485,0.043056759942487886,0.05337521920191163,0.5238095238095238,4.0,2024-10-08,2025-01-08
IWM,0.03278147462759357,0.013460394910016436,0.00804163158252656,0.10071259519135756,0.019443594812021264,0.027214433311928982,0.4603174603174603,6.0,0.03231471236973537,0.013316441068154895,0.008206911078028031,0.09029375553039032,0.01565081649355028,0.02354135794356796,0.49206349206349204,5.0,2024-10-08,2025-01-08
JNJ,0.03135739634585901,0.009601679864893653,0.006177264869719958,0.11238797042368975,0.01577967395079466,0.020047419962958224,0.44841269841269843,9.0,0.030920126954258168,0.009416072596411409,0.00646957923285344,0.13534582131165562,0.01691797419095461,0.020093772409915417,0.5396825396825397,6.0,2024-10-08,2025-01-08
JPM,0.04063526952139313,0.01227707772852145,0.011067687044968185,0.10130491101566441,0.016876412449336808,0.0324450307255593,0.4007936507936508,6.0,0.03822966516876102,0.018991189854665046,0.009378128540677306,0.07958760629215622,0.014146402267359559,0.026318782291318454,0.4603174603174603,6.0,2024-10-08,2025-01-08
KO,0.016137925649091688,0.007874510558629174,0.004666388139496392,0.05099706280478422,0.01144478440911431,0.015734224192912764,0.4166666666666667,5.0,0.027407880867149792,0.008963028519688067,0.006065678552565937,0.13176672603845363,0.016506321229276255,0.02088841825712598,0.5396825396825397,5.0,2024-10-08,2025-01-08
LQD,0.011565149241834941,0.0050690082301166565,0.002932127660008859,0.050883531887640165,0.007974689340512658,0.009952495184282574,0.44047619047619047,6.0,0.014282596972172603,0.004631082010280523,0.0030605564940369865,0.04249650641359093,0.008869558199887929,0.01051442539070474,0.5714285714285714,5.0,2024-10-08,2025-01-08
MA,0.038838908048790796,0.010379616865793256,0.008832413460424036,0.11830334519057684,0.014330077815760867,0.025008441896574814,0.4087301587301587,8.0,0.022146029578896307,0.009802910792169483,0.006444611782218501,0.046162449638835645,0.013730780911816287,0.02003030792660701,0.47619047619047616,4.0,2024-10-08,2025-01-08
META,0.057372070727706434,0.0229826435452882,0.014545617352189243,0.18426426033132526,0.026121337186121706,0.04420828530992581,0.44047619047619047,6.0,0.04234380248068905,0.017247706208000587,0.010828662010052755,0.07422061960080206,0.030282616024184403,0.03707784074568307,0.5396825396825397,4.0,2024-10-08,2025-01-08
MRK,0.04575584220513495,0.012857402284435642,0.011020512519527252,0.17835421463569856,0.017083483484371546,0.029630499356643518,0.46825396825396826,6.0,0.037041549934801965,0.012230424633391112,0.00776677659923267,0.13646566646694835,0.02133758496429684,0.023470000770058258,0.5714285714285714,5.0,2024-10-08,2025-01-08
MSFT,0.03203959543200218,0.012298049153924944,0.008709175742429165,0.1548678073977483,0.02107018922831918,0.028354166570192716,0.45634920634920634,5.0,0.044320567153790597,0.01322431027961743,0.013366520252730496,0.07895079908421687,0.01689530436968163,0.035810724834182545,0.3968253968253968,5.0,2024-10-08,2025-01-08
NFLX,0.04964284313245789,0.020261276103424528,0.011687014862766253,0.1344588143353901,0.02480283817554496,0.0350742482281448,0.4801587301587302,6.0,0.03433182623821267,0.019485595728247717,0.008917357464470822,0.06572988752801379,0.02035360067105043,0.027752404546538323,0.42857142857142855,6.0,2024-10-08,2025-01-08
NVDA,0.06330060808589487,0.03277856720825804,0.020315600204636467,0.27046765113359494,0.04500020044417548,0.0669363241138701,0.42063492063492064,4.0,0.060885607774503595,0.024560689070479803,0.015463011498286628,0.13407558114918972,0.04085460695325359,0.04950692081094052,0.49206349206349204,5.0,2024-10-08,2025-01-08
PEP,0.030750997768483446,0.010210538617852183,0.006609837483304974,0.1088603058932549,0.013615001647701951,0.022515130489203557,0.48412698412698413,7.0,0.05242499314346199,0.009832512804779543,0.007766665650883258,0.16730238949500975,0.019121161763472293,0.025124895950660642,0.5555555555555556,10.0,2024-10-08,2025-01-08
PFE,0.05524986586110187,0.015600443048292759,0.010539288928218872,0.21894158300191868,0.0232736763989127,0.03376896905174667,0.49603174603174605,8.0,0.03509804596346965,0.015424591140386742,0.009285197344833242,0.16577656838987065,0.022300362071661972,0.0309369026373065,0.5238095238095238,4.0,2024-10-08,2025-01-08
PG,0.028830373127274662,0.009590863723297035,0.007100562740509514,0.06259771373247258,0.012764936439014878,0.021686992463008974,0.45634920634920634,6.0,0.02838535455461659,0.010004152082116208,0.00788482070961572,0.10628829063367784,0.017128132848162014,0.02427421209781616,0.4444444444444444,5.0,2024-10-08,2025-01-08
QQQ,0.026514715294970386,0.011071196289504053,0.007943892876072476,0.1355774466628793,0.018357664616699385,0.02498082540906024,0.4007936507936508,5.0,0.03037144683277752,0.010972905731495185,0.008918599466768002,0.05038772344834175,0.0175921669568866,0.02574742052549389,0.4126984126984127,5.0,2024-10-08,2025-01-08
SPY,0.020530006649579484,0.007820702638730375,0.0055916865153075425,0.08405627477614808,0.013526724234883297,0.01722614711489985,0.4007936507936508,6.0,0.020738809007809753,0.007973483530814634,0.006766630805017292,0.03571857492260688,0.011400831565449233,0.018406732103186052,0.4126984126984127,4.0,2024-10-08,2025-01-08
T,0.03854067747374421,0.013222708149746258,0.007794371089784759,0.09348382255783871,0.018419200768918627,0.02570089629465573,0.42857142857142855,9.0,0.027483723758818242,0.013688201721496528,0.0077555481506365416,0.07118916648669738,0.01973887962827613,0.023650650271879597,0.49206349206349204,4.0,2024-10-08,2025-01-08
TLT,0.03073244017955857,0.010152121897362932,0.006074907727801188,0.11818337672574897,0.01719065838029757,0.02075175242658408,0.48412698412698413,8.0,0.023786863968409587,0.009051745784471628,0.0058523236747674385,0.08881006664052293,0.015126546086059279,0.01896092853141687,0.5079365079365079,5.0,2024-10-08,2025-01-08
UNH,0.04861656243602346,0.013807849372172616,0.009720344443099927,0.19989230128747093,0.019327138064336006,0.031056310418840202,0.4801587301587302,8.0,0.08260881129024959,0.022604867319326708,0.020264787762398886,0.22050020554779415,0.04984710809770928,0.05998153595447614,0.4603174603174603,6.0,2024-10-08,2025-01-08
V,0.0256838751045635,0.010016134030425913,0.008493344941985283,0.12453203405413793,0.014758847762900689,0.024448974281927185,0.40476190476190477,4.0,0.019009013096567797,0.010899172730441848,0.005582011782325464,0.0305899911720795,0.011396983663985371,0.016384145264188826,0.4126984126984127,5.0,2024-10-08,2025-01-08
VNQ,0.029322360294740366,0.011284914388978473,0.007087294876434358,0.11337678141002006,0.01635612111398674,0.02249573632525833,0.46825396825396826,6.0,0.041405741603930055,0.010644374013339683,0.008089033768777544,0.10902619592592755,0.016770591038096704,0.02476147465150033,0.49206349206349204,8.0,2024-10-08,2025-01-08
WMT,0.03465828672267049,0.01178116511649335,0.009100781555210467,0.10813812891748475,0.013289548789601584,0.023004780201893595,0.42063492063492064,6.0,0.016993563189105304,0.01075725527932947,0.00569449207395063,0.057477441291508335,0.012661777417054088,0.01807915969704449,0.3968253968253968,4.0,2024-10-08,2025-01-08
XLB,0.02056578405549084,0.00894750289571083,0.0060052089442033255,0.061205578802906224,0.014172448770402584,0.018916833681891745,0.4126984126984127,5.0,0.05427459772209274,0.008131534808418817,0.00566777336279164,0.1434614669898473,0.013202586031001839,0.018016154949581392,0.6031746031746031,14.0,2024-10-08,2025-01-08
XLE,0.03251528449239677,0.01154990245300975,0.007526686225091845,0.13308124939086452,0.019534591137844566,0.024368476044320932,0.4444444444444444,7.0,0.04066958526942116,0.011158333547878428,0.008802940534506743,0.14341538328426917,0.02174537748577311,0.026970157338350592,0.5238095238095238,6.0,2024-10-08,2025-01-08
XLF,0.02021013571559812,0.008083609139224616,0.005475109493862035,0.06864299981534083,0.013390119837561915,0.01695851947624504,0.4007936507936508,6.0,0.023130135988495507,0.011342242591192934,0.0062414652667368824,0.07226324926688554,0.013424259694249607,0.01839149192484074,0.4603174603174603,5.0,2024-10-08,2025-01-08
XLI,0.019811839606786147,0.008332244666582628,0.005345824160469278,0.0691120560696924,0.012218548607192282,0.01727742407871636,0.40476190476190477,6.0,0.03287214196441849,0.00951776085321065,0.0054352086581379785,0.08354258511903356,0.012047082474230874,0.017337913361491264,0.6031746031746031,7.0,2024-10-08,2025-01-08
XLK,0.03304459614143366,0.01352867391630115,0.00993970919792128,0.16972398789696397,0.02361703896414927,0.030820251811274364,0.3968253968253968,5.0,0.031106856933272132,0.011968678017355985,0.009600881769528434,0.04952517964146386,0.021790697976562735,0.027787209535914875,0.4444444444444444,4.0,2024-10-08,2025-01-08
XLP,0.014062332534054957,0.006542247547840056,0.0039217660453539725,0.042954435574112604,0.009967169053719277,0.012889446540553445,0.44047619047619047,5.0,0.016967458434653002,0.006030067518110883,0.004039871055869762,0.06481528231657496,0.010406881304222737,0.013434327615058639,0.5238095238095238,5.0,2024-10-08,2025-01-08
XLU,0.021401321644139593,0.010098545966815456,0.006249185920088761,0.08255360686657676,0.015950219269961874,0.020205336725427937,0.4126984126984127,5.0,0.029329736921188267,0.010241866369396311,0.006622843820913479,0.09694903843419111,0.020702924069724214,0.022173206222121683,0.5396825396825397,5.0,2024-10-08,2025-01-08
XLV,0.021906842923961747,0.006789307421277868,0.004998585190983335,0.06295286981853043,0.010229103643006077,0.01578498864695866,0.4523809523809524,7.0,0.02695151102172131,0.007537897367533708,0.0049361741798024375,0.11929700922470998,0.01359925454500307,0.015452539245852326,0.5238095238095238,8.0,2024-10-08,2025-01-08
XLY,0.03025900472403814,0.011437950063132321,0.007750322277801976,0.1266048947553179,0.018225623388307494,0.025104580531719958,0.4365079365079365,6.0,0.031370681570045716,0.012949785900099483,0.00921202554041025,0.07355152967686351,0.01602786175301605,0.024252494562156612,0.4126984126984127,5.0,2024-10-08,2025-01-08
XOM,0.03314929647943344,0.012798406733549605,0.007714745362486327,0.13568258060113714,0.019440772785077037,0.025434636189207358,0.48412698412698413,6.0,0.05637787563973841,0.010407259403178578,0.007755686595942849,0.14267416267908128,0.016728971324356624,0.024247070373880825,0.5873015873015873,10.0,2024-10-08,2025-01-08
AAPL,0.03954338302247807,0.014175961363793415,0.008957413151586468,0.1660665892931582,0.02173119025518357,0.02957086968412289,0.45634920634920634,7.0,0.039675579276439894,0.014587046695716638,0.01151871656412771,0.14045225638661263,0.02602269237772107,0.033101919917087885,0.4126984126984127,5.0,2024-11-06,2025-02-10
ABBV,0.03620634697378036,0.012131542906642697,0.008680423794970492,0.14203436244948353,0.018445206970428896,0.02670850681650277,0.4246031746031746,7.0,0.11076320339269916,0.021716432733978303,0.021244265200980657,0.1771482667116433,0.01969488963821442,0.05013552743413793,0.5396825396825397,7.0,2024-11-06,2025-02-10
AMD,0.10325773445553885,0.030462814864085933,0.02176914388421885,0.3912858586587744,0.04584184444988057,0.07087794027248544,0.49206349206349204,7.0,0.09102283066979874,0.025151116105620982,0.016418259500324446,0.2820718709095511,0.04715467580303945,0.05743161914426925,0.6031746031746031,6.0,2024-11-06,2025-02-10
AMZN,0.050976831987115244,0.01699691008362851,0.011254845043636004,0.19489997863769548,0.023803400309174626,0.03418220160345828,0.46825396825396826,7.0,0.04079342780787203,0.017276051358630435,0.011871103330333132,0.07930878328942437,0.024315941029006527,0.038198412712596996,0.47619047619047616,4.0,2024-11-06,2025-02-10
BA,0.10580259002558617,0.021273847355227467,0.016138043865509794,0.4451886282494145,0.03327544524922946,0.05391602273630207,0.5119047619047619,11.0,0.027599641904446033,0.017828899677794597,0.009005174166353644,0.08926683768422117,0.023164650598997936,0.02835523551853994,0.4126984126984127,4.0,2024-11-06,2025-02-10
BAC,0.03969732326514327,0.015157799519219868,0.007968662806824652,0.16949909753243664,0.018842928250060204,0.02655307369632335,0.47619047619047616,8.0,0.02952498600708369,0.011457141462522965,0.007381246501770923,0.08684722130513478,0.017711228487467878,0.023706048203284008,0.49206349206349204,5.0,2024-11-06,2025-02-10
COST,0.037199037167034,0.012248612832021655,0.009729185406240855,0.10273788589292676,0.01663643225592167,0.02704050372133968,0.4246031746031746,6.0,0.020049681760898927,0.01204060431451294,0.0054102315862743135,0.08533301910562718,0.016781124795972734,0.01791717257028544,0.4603174603174603,5.0,2024-11-06,2025-02-10
CRM,0.09802121472888464,0.021668102855169746,0.02049588891614346,0.3111122615876021,0.022343165772528005,0.046698048272285304,0.45634920634920634,8.0,0.05018189313596123,0.023835415515236012,0.012346338787419033,0.13498603576480395,0.029468061940640177,0.038775577905835384,0.5079365079365079,5.0,2024-11-06,2025-02-10
CVX,0.030182371824054057,0.011902723257762468,0.008503763490110469,0.15330353185858547,0.018266824240483582,0.02677365407109899,0.4365079365079365,5.0,0.05315108784519582,0.013291354022185366,0.010708094620826997,0.1315449761842974,0.02532639176066216,0.031950477049127735,0.47619047619047616,8.0,2024-11-06,2025-02-10
DIS,0.055598940365963766,0.016357349147202695,0.01195377217868221,0.299829709808041,0.02362273345188154,0.03547216265532887,0.4801587301587302,7.0,0.017154894173287444,0.014233249176614973,0.005956560476835918,0.09071658162709817,0.014761811871365282,0.018299344460374678,0.4444444444444444,3.0,2024-11-06,2025-02-10
EEM,0.021668037875607414,0.009659513723754811,0.0061292059329407424,0.09188946269934473,0.014899602598229967,0.02008496294131302,0.43253968253968256,5.0,0.0265981716129779,0.009566445102862503,0.006864044287220103,0.09351312772243925,0.018043236805191966,0.021269725796083716,0.47619047619047616,5.0,2024-11-06,2025-02-10
EFA,0.018391036913216363,0.008001965794430962,0.00516560996964842,0.07673458062454452,0.012912218365210115,0.017027041008705883,0.4365079365079365,5.0,0.028178062101360063,0.008014872414199835,0.005966666155342636,0.05481641128025194,0.013619085633901596,0.01803613360890538,0.47619047619047616,7.0,2024-11-06,2025-02-10
GLD,0.02513706639825231,0.009147016327352625,0.00639308506881958,0.057712823280987924,0.01328480471841817,0.020180124003793782,0.44047619047619047,6.0,0.02520900885418329,0.009806662050124324,0.007093444049878415,0.052313230033600555,0.014406508225029467,0.021694803399117307,0.38095238095238093,6.0,2024-11-06,2025-02-10
GOOGL,0.036348669955771365,0.01660386715629422,0.012067951512540295,0.22137634165601905,0.023502624608552063,0.037673250237211846,0.4007936507936508,4.0,0.05888083698155881,0.021815428393958086,0.01588847982042063,0.10194796391212246,0.0355975878272997,0.04956268535913824,0.4603174603174603,5.0,2024-11-06,2025-02-10
HD,0.03611608617744023,0.012878305111732857,0.008181057880802433,0.17737852142195232,0.01956885049807886,0.02717125588530067,0.45634920634920634,7.0,0.03058870501516285,0.013576403864174129,0.008011327503971223,0.1092797040325918,0.016696022223303297,0.023708591078725527,0.47619047619047616,5.0,2024-11-06,2025-02-10
HYG,0.006162604817952129,0.0030246484679006844,0.0017729716242124182,0.023536160026829345,0.0040445686368014485,0.00578076667899686,0.4246031746031746,5.0,0.006087972750130683,0.0027847295588672326,0.002086603563552855,0.01759247479786108,0.00341172778725054,0.005725557887458516,0.4444444444444444,3.0,2024-11-06,2025-02-10
IEF,0.011690969421209004,0.004560723155329837,0.0028468269694502443,0.05373801755503427,0.007565094369078068,0.009919728468056572,0.4642857142857143,6.0,0.00828298818461819,0.003742392339252476,0.0020039487543431107,0.039880235566868816,0.004662204118485491,0.006491797182305442,0.5079365079365079,5.0,2024-11-06,2025-02-10
INTC,0.1132253581030313,0.031941810350744455,0.029546856397404585,0.6228725415964305,0.045400618065520953,0.0828147881071877,0.47619047619047616,5.0,0.07444088679323553,0.026719517763722656,0.016208902769494833,0.27335113234556474,0.04317589810477438,0.05337521920191163,0.5555555555555556,5.0,2024-11-06,2025-02-10
IWM,0.032696145014900466,0.013602362640452852,0.008020699354304587,0.100712595191357,0.01866898699058737,0.026844198997866046,0.4603174603174603,6.0,0.028274088863708805,0.011268980064918149,0.008227909457693038,0.10283095529523267,0.01488376099890747,0.02468580453488403,0.47619047619047616,4.0,2024-11-06,2025-02-10
JNJ,0.029702373834560782,0.009474951095546347,0.005893328141777934,0.11238797042368975,0.014623446875322743,0.018988120757661806,0.4444444444444444,9.0,0.03189039579537203,0.01123938690769072,0.006672593636838302,0.08632750689915702,0.017261835314973016,0.020692102600167572,0.5396825396825397,6.0,2024-11-06,2025-02-10
JPM,0.03177991746315873,0.014228406422271302,0.010789478151072408,0.10130491101566419,0.014348098251860697,0.03079439939543742,0.3888888888888889,4.0,0.03941152976477038,0.011968017678695384,0.009668052034647856,0.079587606292156,0.014306069590724068,0.027089891669854538,0.4603174603174603,6.0,2024-11-06,2025-02-10
KO,0.018443912072432095,0.007817317313890971,0.005227019615669015,0.12153530945843083,0.013617679480570532,0.01736847864475916,0.4246031746031746,5.0,0.021842227482328863,0.009758685758097458,0.005373881364699958,0.05103000475387265,0.01278245022605159,0.018109374517919302,0.5079365079365079,5.0,2024-11-06,2025-02-10
LQD,0.011813816120979691,0.004771673997057996,0.002909596147144581,0.05088353188763928,0.007043319234358375,0.009940178120515876,0.45634920634920634,6.0,0.009813084886068774,0.004552117750126171,0.002492212034557149,0.04721765991403415,0.005632973795559426,0.008205237155522627,0.49206349206349204,5.0,2024-11-06,2025-02-10
MA,0.03314820528974029,0.00986582318375857,0.00753828233847879,0.11830334519057784,0.014200757644002837,0.022253238278631706,0.4087301587301587,8.0,0.020136163286650504,0.01073120697017107,0.006392432789412858,0.05732759329867021,0.017656235612678182,0.01971586997995231,0.42857142857142855,4.0,2024-11-06,2025-02-10
META,0.05771065708216261,0.02264221207299642,0.014422438749254689,0.1842642603313256,0.02507825271780718,0.04341058437244129,0.44841269841269843,6.0,0.0280346332970643,0.016767643961237734,0.009394321563390153,0.07422061960080217,0.019312947442513616,0.029646869361651368,0.3968253968253968,4.0,2024-11-06,2025-02-10
MRK,0.047136498087364566,0.012858302701947509,0.010712840474401037,0.2373351889923332,0.01755928644076119,0.029596928573212687,0.5,6.0,0.06923736586309238,0.017128803112169716,0.01563424390456925,0.16088630911119384,0.02133758496429684,0.041630650106611045,0.5396825396825397,5.0,2024-11-06,2025-02-10
MSFT,0.03529544915323336,0.012397222453317413,0.009594199472208275,0.15486780739774852,0.02107018922831918,0.03012442912037359,0.45634920634920634,5.0,0.04709924648094293,0.015062617881082686,0.0127093204789846,0.09838045575810195,0.02098422123890097,0.03715404900893038,0.4603174603174603,5.0,2024-11-06,2025-02-10
NFLX,0.04859983201199638,0.01853762327776236,0.011441467152407694,0.13445881433538998,0.023856842215139677,0.03428813402358149,0.4801587301587302,6.0,0.041090331653739466,0.019129367965708275,0.011265747495253242,0.11548648347680035,0.022062814166421196,0.03330202218020897,0.3968253968253968,6.0,2024-11-06,2025-02-10
NVDA,0.06372347679826675,0.032560318845754756,0.020592358593508064,0.27046765113359483,0.04702328289806066,0.066969248684903,0.4166666666666667,4.0,0.11969506168711912,0.035510174696208985,0.029448785018259465,0.21930006331192597,0.04058412518983828,0.07865937234601464,0.5079365079365079,5.0,2024-11-06,2025-02-10
PEP,0.03830971168621515,0.00997183093121375,0.006384951947702525,0.10886030589325513,0.013791551350663895,0.021806638279546747,0.5,10.0,0.0399659207421144,0.013058813694351214,0.01092542806883198,0.12894615519878727,0.026211133418523946,0.03486812139543055,0.5079365079365079,4.0,2024-11-06,2025-02-10
PFE,0.05258750446293182,0.015234700181837188,0.009949869020591938,0.16845389725277138,0.021968476593061757,0.03177818597566607,0.5,8.0,0.028882212763076037,0.01555012525444908,0.009168956432722551,0.08284012748697989,0.0228071912926054,0.02995108138859348,0.49206349206349204,3.0,2024-11-06,2025-02-10
PG,0.030426100477147663,0.009500876826913413,0.007273171428800238,0.08883011492114234,0.012922632375002796,0.02251705850014466,0.4722222222222222,6.0,0.020644613910713826,0.011082819674318832,0.007782691752054815,0.11764071205087134,0.02015061842162722,0.02338538574771573,0.3968253968253968,3.0,2024-11-06,2025-02-10
QQQ,0.026327579936115657,0.010976478966382952,0.00799230105203511,0.1355774466628794,0.017384502154564625,0.024953856014770095,0.39285714285714285,5.0,0.03352534905993295,0.011385070084655197,0.008780448563315772,0.059972693418090084,0.01762789088654839,0.02671543623854708,0.47619047619047616,5.0,2024-11-06,2025-02-10
SPY,0.02065058042655834,0.007729878175860284,0.005661775297324797,0.08405627477614808,0.0130882939335208,0.0176300707435747,0.3968253968253968,6.0,0.01919560844882702,0.007871263742132104,0.0064323908382312766,0.041734048331518725,0.012668860798525538,0.01800626449953066,0.3968253968253968,4.0,2024-11-06,2025-02-10
T,0.03667446936599664,0.012345647006123341,0.007416953787443383,0.0934838225578386,0.017343563649663267,0.024415234306480165,0.42857142857142855,9.0,0.031169348259946997,0.01410575963586079,0.007540971353212983,0.0856926918430323,0.017462242320385003,0.023087410609468312,0.4603174603174603,6.0,2024-11-06,2025-02-10
TLT,0.02980084346610953,0.009543063440811945,0.005936423001217038,0.11818337672574863,0.016424274890002786,0.020146487599248676,0.4801587301587302,8.0,0.017851092129586087,0.008265303826970652,0.00425026003085383,0.09289573727045042,0.012060297998407932,0.013696504575426899,0.5238095238095238,5.0,2024-11-06,2025-02-10
UNH,0.057203416956744975,0.015166694279747152,0.011873725131436684,0.19989230128747126,0.020330975857870536,0.035776671561029996,0.4603174603174603,8.0,0.08363785774697208,0.021336500005911765,0.017499984665672368,0.22050020554779393,0.04984710809770928,0.054804947498115125,0.5396825396825397,6.0,2024-11-06,2025-02-10
V,0.027814451509567517,0.010404803283594301,0.00833329797211249,0.12453203405413726,0.013800429680021487,0.02354126437426494,0.4007936507936508,5.0,0.016039861834883488,0.008929659067129444,0.006046773310769568,0.04359475761463527,0.011396983663985371,0.0170517674690861,0.3968253968253968,3.0,2024-11-06,2025-02-10
VNQ,0.02803262050610157,0.0107526037571832,0.006876689013040788,0.11337678141001883,0.01621906308353509,0.02183087897237075,0.4603174603174603,6.0,0.04480039242888208,0.011057583876068576,0.008478706747834824,0.1239581350871718,0.015375843868188521,0.02463461050489693,0.5079365079365079,8.0,2024-11-06,2025-02-10
WMT,0.03485460763903869,0.011855485279084104,0.009026093611703246,0.10813812891748475,0.013289548789601584,0.023004780201893595,0.42857142857142855,6.0,0.017836312724307992,0.011513780983737495,0.006448755041416469,0.057477441291508446,0.01645659907118626,0.019039203556276973,0.3492063492063492,4.0,2024-11-06,2025-02-10
XLB,0.019416959633917003,0.008573168765415707,0.005669752213103765,0.06120557880290589,0.013631945792030298,0.017915924185976803,0.4126984126984127,5.0,0.05272560202595152,0.008735216288599556,0.005726255859125896,0.1228880740312085,0.013059123553256368,0.018002969882186998,0.5873015873015873,14.0,2024-11-06,2025-02-10
XLE,0.030676841464823475,0.01134039611988452,0.007802010545707269,0.1330812493908643,0.019534591137844566,0.025002491735532408,0.44047619047619047,6.0,0.03748638544634223,0.011385356274609551,0.00865486532671682,0.14341538328426973,0.02174537748577311,0.025900203899142937,0.49206349206349204,6.0,2024-11-06,2025-02-10
XLF,0.019217929330525622,0.008635362177360375,0.005241253453779715,0.06864299981534072,0.012248055255975781,0.016093924166623738,0.3968253968253968,6.0,0.02599194231204165,0.009113918635756038,0.006807413462677575,0.07437082653559213,0.013314792832371424,0.02097577029319611,0.47619047619047616,5.0,2024-11-06,2025-02-10
XLI,0.01903843452194803,0.008388781885118695,0.005068181591319016,0.05920907722692226,0.011943287883509396,0.01630416255818915,0.4126984126984127,6.0,0.03003423466495744,0.008636752102695747,0.005561895308325452,0.08354258511903356,0.012036386181290649,0.017660969687226663,0.5555555555555556,7.0,2024-11-06,2025-02-10
XLK,0.03451330308159789,0.013703486810375795,0.010312739964620884,0.1697239878969644,0.024431534773982855,0.031415312711687,0.4007936507936508,5.0,0.03538049237411637,0.013501665027805154,0.010607907766489916,0.058928209465541004,0.021631766527468142,0.03197309660916228,0.4603174603174603,4.0,2024-11-06,2025-02-10
XLP,0.014543887603061018,0.006403832454509807,0.003969148608803505,0.050762016074894833,0.009892055404938654,0.01302249707117993,0.4523809523809524,5.0,0.01558272771092087,0.007221288383713225,0.004204863033105632,0.0770438709455269,0.011601808030886363,0.014002814548280923,0.4603174603174603,5.0,2024-11-06,2025-02-10
XLU,0.02239997004946452,0.010083775372647728,0.006361591494047925,0.08255360686657598,0.016734975516972134,0.020835144792216872,0.42857142857142855,5.0,0.02787125983385806,0.010800849304983762,0.006967814958464515,0.09694903843419134,0.020695453122107854,0.02245531709490739,0.49206349206349204,5.0,2024-11-06,2025-02-10
XLV,0.021600860701020196,0.006662237177461381,0.00485733640102306,0.06310474880269923,0.010580863833670356,0.015534332688991327,0.4603174603174603,7.0,0.025954328500368724,0.008544145550874994,0.004911991352328635,0.09255567260676734,0.01359925454500307,0.015452539245852326,0.5079365079365079,8.0,2024-11-06,2025-02-10
XLY,0.02949057471902401,0.011264653997118885,0.007393921150693248,0.1266048947553181,0.016954667880109676,0.023852168691963774,0.44841269841269843,6.0,0.031029658335447442,0.012276271667774154,0.009111883796917106,0.07597854002354043,0.016477653335814513,0.025126662020237167,0.4126984126984127,5.0,2024-11-06,2025-02-10
XOM,0.031830083314507526,0.012220508182092851,0.007523474237974506,0.10605434256653623,0.019440772785077037,0.024989098495548843,0.47619047619047616,6.0,0.05420521637754849,0.011469751882958736,0.0077436023396497845,0.13466731892346917,0.01914079134371984,0.023633071243646248,0.5714285714285714,10.0,2024-11-06,2025-02-10
AAPL,0.03935605237037783,0.014153603856320059,0.009081160822514141,0.16606658929315843,0.02173119025518357,0.02957086968412289,0.4444444444444444,7.0,0.052740755675688755,0.01701559995975297,0.012975900205923424,0.1613829250042863,0.031643086021494224,0.038662826575772025,0.5079365079365079,5.0,2024-12-06,2025-03-12
ABBV,0.06622155146290121,0.014853226371717598,0.014048833414748578,0.19070973451116868,0.019343354694731106,0.035572301105336164,0.44841269841269843,8.0,0.017006989638569316,0.013582392049646312,0.00524907087610164,0.05752349433326054,0.014665174641316336,0.017680362600839966,0.4444444444444444,4.0,2024-12-06,2025-03-12
AMD,0.10476765446847308,0.030585163110498984,0.021565719047295255,0.39128585865877463,0.04584184444988057,0.07087794027248544,0.503968253968254,7.0,0.07288424598496421,0.02593639140257202,0.017353391901181955,0.26163367571848206,0.04970015308171681,0.0580140566186991,0.5238095238095238,5.0,2024-12-06,2025-03-12
AMZN,0.05185365715044755,0.017397104284000212,0.011620590496863245,0.1948999786376956,0.02404536855479275,0.03557013144721313,0.4603174603174603,7.0,0.05969107527287313,0.017032937095843366,0.012058803085428914,0.19631498286270144,0.03360671311326657,0.039370440998087675,0.5555555555555556,6.0,2024-12-06,2025-03-12
BA,0.108357321488802,0.021460871945607907,0.015855858055157036,0.47727700786145,0.03414274062807457,0.054045134190630235,0.5317460317460317,11.0,0.04281730291256296,0.020764884929214005,0.01444234423638036,0.2045637911598155,0.028989321524122313,0.04076541068558587,0.4603174603174603,3.0,2024-12-06,2025-03-12
BAC,0.039071420902598325,0.014758346439424865,0.007962762764397146,0.16949909753243664,0.018842928250060204,0.02655307369632335,0.46825396825396826,8.0,0.06351602196941349,0.015656832068821035,0.01230563763937966,0.16506154171905774,0.023386664525798295,0.03989158273927906,0.5555555555555556,6.0,2024-12-06,2025-03-12
COST,0.03672861021243111,0.012403899528700945,0.009473649459555642,0.1027378858929272,0.01663643225592167,0.026094999003615824,0.43253968253968256,6.0,0.050538963719821875,0.014814428574093317,0.011631983713292335,0.13908947981086828,0.02221373961830797,0.035055316196931724,0.5396825396825397,5.0,2024-12-06,2025-03-12
CRM,0.09825709610738892,0.022414321740332605,0.020545210877155495,0.3111122615876021,0.022783668696119513,0.047419463580909864,0.45634920634920634,8.0,0.05702327646013435,0.017790161461833428,0.011766707840980103,0.24183911743561604,0.034728888670060985,0.040754123945629384,0.5873015873015873,5.0,2024-12-06,2025-03-12
CVX,0.030693879016444357,0.012058751043123768,0.00864787861177599,0.15330353185858425,0.02078640593683762,0.027529678268486298,0.4365079365079365,5.0,0.05147853276863242,0.013964463436405488,0.01099968648902402,0.10141336546353896,0.026703510076883607,0.03424875076963363,0.4444444444444444,8.0,2024-12-06,2025-03-12
DIS,0.05420236471900861,0.01637165170482997,0.0118770121894242,0.2998297098080407,0.02254482911479857,0.03507624937335264,0.4722222222222222,7.0,0.03597686920640453,0.013529665707301755,0.01106431493450933,0.14417927122600005,0.024227253807858097,0.03590534407378035,0.5079365079365079,3.0,2024-12-06,2025-03-12
EEM,0.0226420145114101,0.009718788059492604,0.006475616150263289,0.09311649368079367,0.01616546989733808,0.021057858872022436,0.4246031746031746,5.0,0.025532295641121854,0.010475267802723847,0.006889667077763039,0.07264866425796901,0.018043236805191966,0.0211933121737016,0.4603174603174603,5.0,2024-12-06,2025-03-12
EFA,0.0186226866613034,0.008011262502956683,0.005304868909494794,0.08646227761103986,0.01403089606811873,0.017437245176205714,0.42857142857142855,5.0,0.030141514894252392,0.008889992926455216,0.006382424601925028,0.05198186423799156,0.011692400602617803,0.018764369895791277,0.47619047619047616,7.0,2024-12-06,2025-03-12
GLD,0.0263770514504853,0.009410805796010243,0.006756026886668313,0.08120389771693004,0.013542125701524837,0.021562939044650658,0.4365079365079365,6.0,0.01146760048297118,0.008667581588858749,0.005200725842617315,0.04662102284835812,0.014516183803821369,0.015990133161085912,0.36507936507936506,2.0,2024-12-06,2025-03-12
GOOGL,0.03772527080965636,0.01700451450879281,0.01252499030865085,0.22137634165601916,0.02419570168648965,0.039476185132099606,0.4007936507936508,4.0,0.0705925797784255,0.021858440460230905,0.01527977917281937,0.20424025793076606,0.0355975878272997,0.04891504087545778,0.5238095238095238,6.0,2024-12-06,2025-03-12
HD,0.035791478355771233,0.012677466954398855,0.007989169275841793,0.1773785214219531,0.018944689457888346,0.02657174384799644,0.4642857142857143,7.0,0.044736651387950674,0.013792044552713788,0.008069381563483165,0.15016999990990199,0.021985269449703092,0.026005600800829365,0.6031746031746031,6.0,2024-12-06,2025-03-12
HYG,0.006221426842540906,0.002879277354370757,0.0017474525593590992,0.02353616002682868,0.004017650988315985,0.005612985864072029,0.4365079365079365,5.0,0.005956982287012581,0.002834223288175566,0.002009299580936783,0.01710055619155182,0.00374474262853034,0.0057514349618378036,0.4603174603174603,3.0,2024-12-06,2025-03-12
IEF,0.011697451846083444,0.0043369039002469,0.0027851075824008196,0.053738017555033823,0.006969973271719137,0.009702354492668661,0.47619047619047616,6.0,0.008077539612676952,0.0039811718490745515,0.001954243454679908,0.036543073022040184,0.005552153051671627,0.006869143066150857,0.5079365079365079,5.0,2024-12-06,2025-03-12
INTC,0.1160589334840006,0.032251244934166944,0.029592716107474257,0.6228725415964309,0.05001557442848716,0.08423717659746537,0.4880952380952381,5.0,0.10034818284067329,0.037794719145920995,0.017533956679149903,0.277838586074558,0.05214215044406364,0.057872381030820375,0.5714285714285714,7.0,2024-12-06,2025-03-12
IWM,0.032624013076613854,0.013147028684997408,0.008003004650828795,0.10071259519135745,0.01866898699058737,0.026844198997866046,0.4603174603174603,6.0,0.041886112107948646,0.011840861067305695,0.009308024912877477,0.15318999192008953,0.0248374227750466,0.03139415802259232,0.5555555555555556,5.0,2024-12-06,2025-03-12
JNJ,0.03038789859654524,0.009400458358097628,0.005814011211073707,0.11238797042368986,0.015236450424036097,0.018723940047994696,0.4642857142857143,9.0,0.019910764275214293,0.011910993448447944,0.007110987241147961,0.05040087490415146,0.01814530228440797,0.020890131294708514,0.42857142857142855,3.0,2024-12-06,2025-03-12
JPM,0.04098013163078249,0.014562231389485937,0.01116161593839855,0.10130491101566419,0.016026458852565883,0.032999623621502175,0.4007936507936508,6.0,0.048083902421583676,0.014700761893662566,0.012211784741989504,0.1859260585456518,0.03215248949347491,0.03985411786392737,0.49206349206349204,5.0,2024-12-06,2025-03-12
KO,0.01933670971487163,0.008055150664800621,0.005323466642150895,0.14856508039644112,0.013963354400804479,0.017886530567345453,0.44047619047619047,5.0,0.019195461560298874,0.012448296755091053,0.006474659653275413,0.04746239938431962,0.014828214742324486,0.02095030803063999,0.4603174603174603,3.0,2024-12-06,2025-03-12
LQD,0.012031338513382497,0.004562969011596104,0.002876017174513744,0.0508835318876395,0.007043319234358375,0.009855807804279672,0.4722222222222222,6.0,0.008763471122257395,0.00424014818957187,0.002156092101507772,0.04480170819737572,0.005632973795559426,0.007580983603080543,0.5079365079365079,5.0,2024-12-06,2025-03-12
MA,0.03369109448337506,0.00992605802556317,0.007404636150192321,0.11830334519057717,0.014051079780398712,0.022203634378434037,0.42857142857142855,8.0,0.032951588325091395,0.012030309411002022,0.008368657352404165,0.0896566879016294,0.02059754546152979,0.024421442031538454,0.49206349206349204,5.0,2024-12-06,2025-03-12
META,0.05318037112504059,0.022910865729757007,0.014725242203945504,0.18426426033132526,0.026121337186121706,0.044531042786668265,0.4444444444444444,5.0,0.042708131095524904,0.01866193485031657,0.010784881589779015,0.18825248321648813,0.027115234439769997,0.0377939991567218,0.4444444444444444,6.0,2024-12-06,2025-03-12
MRK,0.04787079731284563,0.013200129145903189,0.01087972666201037,0.2708007493343426,0.019396744083077577,0.03019511311129612,0.5,6.0,0.061900918978756506,0.017391356467966718,0.015974430704195228,0.19380988842824176,0.021986069553398744,0.04190001966415641,0.47619047619047616,5.0,2024-12-06,2025-03-12
MSFT,0.035381422852804364,0.012342171318845926,0.009828173014667879,0.15486780739774864,0.021890723499929574,0.030610902519241583,0.4444444444444444,5.0,0.05344664763538866,0.015704573511890238,0.01230121255100215,0.1618133710854619,0.021409329570444634,0.03855381046186848,0.5396825396825397,5.0,2024-12-06,2025-03-12
NFLX,0.047183779319721675,0.018655031529172098,0.01179167248482722,0.1344588143353902,0.023856842215139677,0.03509151190371894,0.44841269841269843,6.0,0.07642314242992541,0.023057511876708885,0.01599041219673764,0.18129606302776335,0.027399824506558236,0.046893186673396786,0.5396825396825397,6.0,2024-12-06,2025-03-12
NVDA,0.06419485036357667,0.03280545721572689,0.02060259695156843,0.27046765113359494,0.04702328289806066,0.066969248684903,0.42063492063492064,4.0,0.13105712379076753,0.040480805245453826,0.03328434889924255,0.2840796100378482,0.06169021670230855,0.10089193879187225,0.49206349206349204,5.0,2024-12-06,2025-03-12
PEP,0.042407085755183746,0.01031566278286935,0.006955659568310562,0.1308037284638991,0.014234397908810247,0.02378596378981326,0.5079365079365079,10.0,0.03713669105388031,0.014745104159419951,0.011134457635202207,0.10760766008875322,0.027239645138852776,0.03300449627652824,0.4603174603174603,4.0,2024-12-06,2025-03-12
PFE,0.052206799012782586,0.015220770520552549,0.009877837282195216,0.19766781916674003,0.021968476593061757,0.031615216095107854,0.5,8.0,0.021103273986995682,0.013819054661513931,0.006699452059363708,0.05351180561731339,0.020418875394484903,0.022887622323494672,0.49206349206349204,3.0,2024-12-06,2025-03-12
PG,0.028515971657233262,0.009605673220999705,0.0071780515399410055,0.08883011492114201,0.012922632375002796,0.021668044559656926,0.4444444444444444,6.0,0.028153546930396723,0.01258113710015251,0.010892741371879684,0.07963791359348171,0.021699942225384117,0.031061807659799684,0.38095238095238093,3.0,2024-12-06,2025-03-12
QQQ,0.026781216040074936,0.010984882324241914,0.008183149345578454,0.13557744666287963,0.018357664616699385,0.025405872899832135,0.3888888888888889,5.0,0.04449231008887064,0.013641584995082398,0.010593407164016818,0.12588971346511668,0.027745183289382434,0.032929859009655005,0.5238095238095238,5.0,2024-12-06,2025-03-12
SPY,0.02045220784739826,0.00764180089596773,0.005718059553294966,0.08405627477614852,0.013242515051032487,0.0176300707435747,0.38492063492063494,6.0,0.02712326666598386,0.009810057172229152,0.007414649617685181,0.0930122167663745,0.017478420583249367,0.022927595026417474,0.5079365079365079,4.0,2024-12-06,2025-03-12
T,0.037144466692415105,0.012616748189503023,0.007375829814636714,0.09348382255783871,0.017999816673890123,0.024579167638280205,0.44047619047619047,9.0,0.0519130716294225,0.015952625962465848,0.013701397204246405,0.07601950464983254,0.020991007049939503,0.03886391459876615,0.4126984126984127,6.0,2024-12-06,2025-03-12
TLT,0.029036681774277165,0.009132042506246156,0.005739705713885618,0.11818337672574852,0.015657378638066117,0.01959584278548152,0.48412698412698413,8.0,0.018287301001114715,0.008289165603629401,0.004063844666914381,0.08445690146874874,0.012298285998761949,0.013382675364127766,0.5555555555555556,5.0,2024-12-06,2025-03-12
UNH,0.06331249097181249,0.016229281156240484,0.01294852532085298,0.19797112592537736,0.022499437524083954,0.040344467524069214,0.46825396825396826,8.0,0.06789824696090822,0.02175424916425806,0.018561249169207716,0.1834249180037082,0.04338549505943817,0.05789923449673426,0.5079365079365079,4.0,2024-12-06,2025-03-12
V,0.027949934527584527,0.010466924571657517,0.00826297667581368,0.12453203405413749,0.013967032522053535,0.02357129121437346,0.4087301587301587,5.0,0.02275308959727954,0.01092982865531081,0.008577553618022048,0.08428207379015229,0.023306449622273295,0.026195363568036034,0.3968253968253968,3.0,2024-12-06,2025-03-12
VNQ,0.028396349580401978,0.01017033975655099,0.006863475547932657,0.11337678141001917,0.01579385316482758,0.02183087897237075,0.46825396825396826,6.0,0.04475626845934405,0.011353142479426585,0.008743593349810803,0.09910598711164231,0.017215006057806514,0.027184556930024195,0.49206349206349204,8.0,2024-12-06,2025-03-12
WMT,0.020244014074830185,0.010840245665751891,0.005499098354263904,0.05800371277287075,0.012599725434587766,0.017491835064385872,0.4007936507936508,6.0,0.05354778521727887,0.017148358055819574,0.013599437515499396,0.18895768101295574,0.02672398556388813,0.04137745786574043,0.49206349206349204,5.0,2024-12-06,2025-03-12
XLB,0.019592480188005166,0.008408771541156105,0.005485894452641447,0.06504151069556696,0.01354824142528543,0.017721166225299546,0.4365079365079365,5.0,0.04594555465484309,0.010173581885230201,0.006511558199382523,0.0899568998479926,0.017809712298389922,0.021899600741113773,0.6031746031746031,9.0,2024-12-06,2025-03-12
XLE,0.030720685915206897,0.011257354141324826,0.007868573953750685,0.1330812493908633,0.019593552811176133,0.02516561147035899,0.4365079365079365,6.0,0.037780717144849776,0.012700068736487907,0.009540585137588327,0.08790984043192707,0.02389782376307432,0.029141340549075717,0.4444444444444444,6.0,2024-12-06,2025-03-12
XLF,0.019318530907679096,0.008721062654352813,0.005268690247548845,0.06864299981534072,0.01273214728267999,0.016392225591886602,0.3968253968253968,6.0,0.03574979315969438,0.010766246241918423,0.008795584031353379,0.08775621809932743,0.021807745346213315,0.027909410136534196,0.5079365079365079,5.0,2024-12-06,2025-03-12
XLI,0.01978435691604779,0.008459095262314222,0.005087610796955425,0.05920907722692237,0.012165726532181809,0.016670698092052964,0.43253968253968256,6.0,0.030553820270563,0.009532078093567454,0.006547247200834929,0.08159797810553493,0.015614508832177331,0.02132327044429705,0.5714285714285714,5.0,2024-12-06,2025-03-12
XLK,0.035110193346916986,0.013718936270885582,0.010421153005359823,0.16972398789696463,0.02454397591097482,0.03143832679124818,0.40476190476190477,5.0,0.04527589245736356,0.016244976563975586,0.012776265949167847,0.13948302166415827,0.03206916126696443,0.040046778939220234,0.49206349206349204,4.0,2024-12-06,2025-03-12
XLP,0.014193423825248653,0.0063733702742950074,0.0039017778643113824,0.05076201607489439,0.009654846877907812,0.012830344890047307,0.44841269841269843,5.0,0.02322038227913966,0.008852513620273809,0.0060815286921556255,0.07056619692600863,0.015582688422509284,0.018372333600775115,0.47619047619047616,5.0,2024-12-06,2025-03-12
XLU,0.023014347138979718,0.009992227261072809,0.006562323883002249,0.08255360686657642,0.017028488582788215,0.021182976390558328,0.4246031746031746,5.0,0.03126094141560451,0.010892650247477006,0.007194978579781989,0.05469022584845873,0.021528157977201423,0.022634496171363094,0.5396825396825397,5.0,2024-12-06,2025-03-12
XLV,0.022692896053797443,0.006836084407715057,0.004915293292075835,0.09859638201053011,0.011739063995584215,0.015910159169020107,0.4801587301587302,7.0,0.021932469692736274,0.008348505584101069,0.0040169358411604895,0.05818932026120949,0.011814462903661139,0.01285023336975491,0.5238095238095238,8.0,2024-12-06,2025-03-12
XLY,0.029076891370659417,0.011278028398511919,0.007342649336025105,0.126604894755318,0.01667252577593284,0.023700237839854497,0.4444444444444444,6.0,0.06864675592366949,0.013401587388825546,0.010118002573783485,0.1782059499598575,0.024774045393742217,0.033103089873830704,0.5873015873015873,9.0,2024-12-06,2025-03-12
XOM,0.03287736922441558,0.012232276391814404,0.007771014543952773,0.10605434256653534,0.0194666273902351,0.02570855038542104,0.47619047619047616,6.0,0.05244334168945491,0.013418353904181465,0.00921623351685432,0.06545613685048812,0.023390481023809806,0.027693526071481844,0.5079365079365079,9.0,2024-12-06,2025-03-12
AAPL,0.03794296960898085,0.014113598981680506,0.009007046238519691,0.1535476711385264,0.02173119025518357,0.02883620004250648,0.42857142857142855,7.0,0.08550148508188599,0.03142699364420103,0.021865459147924985,0.302225915582217,0.04787095118753369,0.06591029946848301,0.5396825396825397,4.0,2025-01-08,2025-04-10
ABBV,0.06732776029563237,0.014901217976989196,0.013666959889070672,0.19070973451116902,0.019343354694731106,0.035572301105336164,0.4722222222222222,8.0,0.07818495717746922,0.019214684800191815,0.01654708088412047,0.1959752921778245,0.030200673030131173,0.04998005114323703,0.49206349206349204,7.0,2025-01-08,2025-04-10
AMD,0.10748169917160222,0.02998132269932643,0.02105385209536697,0.4376005558362811,0.04584184444988057,0.07055508777780453,0.5277777777777778,7.0,0.09134353438187118,0.044763919542549956,0.02497045472520288,0.36800000739820116,0.06480312575818398,0.08091452760786252,0.5079365079365079,4.0,2025-01-08,2025-04-10
AMZN,0.0532233563619329,0.01762424263966522,0.011927545001429186,0.1948999786376956,0.02419098110330149,0.03708701750641519,0.4603174603174603,7.0,0.09111630107854746,0.02734654438379012,0.01840733355122171,0.2949681674651796,0.041433304848536835,0.056483446017898425,0.5555555555555556,6.0,2025-01-08,2025-04-10
BA,0.10031902096381007,0.02087090157042523,0.014928425738662213,0.3936973243943326,0.03240731682843449,0.05037151559702237,0.5238095238095238,11.0,0.07764767013612939,0.034595700113217824,0.024650054011469642,0.2666308921455529,0.038494724206874,0.07608388497440066,0.49206349206349204,3.0,2025-01-08,2025-04-10
BAC,0.03778995394285096,0.014298316137424315,0.008250806610855792,0.16949909753243686,0.020239892592580976,0.027654017511642655,0.4722222222222222,7.0,0.11664523383365838,0.025091888935301093,0.023089599072644986,0.2750937643888287,0.03762979343367049,0.07200576770189326,0.5555555555555556,6.0,2025-01-08,2025-04-10
COST,0.03713940591344274,0.01180703613225344,0.009244657316116697,0.1027378858929272,0.016977390711588568,0.025659733672532166,0.4523809523809524,6.0,0.06214756856476467,0.019040600709221738,0.01524543529005771,0.1729472292805685,0.03051396343298741,0.045837861756016424,0.4603174603174603,6.0,2025-01-08,2025-04-10
CRM,0.09936263286024632,0.022466431647552427,0.020321417587413015,0.3111122615876022,0.023728937870945654,0.04873639626980096,0.46825396825396826,8.0,0.07061190272532886,0.024145130411513928,0.016251945865353466,0.3311294055035606,0.044651676719842215,0.052770772214451894,0.5396825396825397,5.0,2025-01-08,2025-04-10
CVX,0.041499978121284795,0.01210737313744574,0.008994195502476252,0.15330353185858459,0.022850980485161675,0.028456576248209152,0.4365079365079365,8.0,0.07805194791232918,0.022809140213341197,0.022300556546379767,0.19897925911783787,0.04453685223641985,0.06642471385931256,0.42857142857142855,5.0,2025-01-08,2025-04-10
DIS,0.05438384586325125,0.016264351842132867,0.01173622171683709,0.29982970980804136,0.021305785522096804,0.03460922158052927,0.4801587301587302,7.0,0.07752080854697382,0.026280820756798905,0.021191755422894077,0.2831579254551292,0.048776543533598844,0.06757348181028458,0.5079365079365079,4.0,2025-01-08,2025-04-10
EEM,0.02324888399570881,0.00975394451749222,0.006509687518798467,0.10335727756974777,0.01616546989733808,0.021463687992020388,0.4365079365079365,5.0,0.04058534150885746,0.016368560411882446,0.011810549116334182,0.15041905147460777,0.021013129901980364,0.03446959714081366,0.47619047619047616,4.0,2025-01-08,2025-04-10
EFA,0.024749069775373934,0.007997717412006606,0.005486043800207889,0.09838566318025954,0.014359562268372233,0.018225959958090475,0.4642857142857143,7.0,0.04317213992295573,0.016347559095566115,0.012765955353562179,0.14053483984061732,0.020841071330811402,0.03366203990360572,0.4603174603174603,4.0,2025-01-08,2025-04-10
GLD,0.026659462682590694,0.009479221755395022,0.006876448707811091,0.08120389771692982,0.015037004606722065,0.021978045786294108,0.43253968253968256,6.0,0.015912244677711712,0.010430139572190963,0.006472242378831153,0.050145794084508144,0.014703429420087021,0.01874745029938968,0.3492063492063492,3.0,2025-01-08,2025-04-10
GOOGL,0.038047037389424054,0.017652501127112356,0.012631818522385143,0.22137634165601938,0.025868569570185566,0.040360822282137956,0.4007936507936508,4.0,0.08198262770372852,0.024832286550107843,0.016562147010854247,0.29805875907743007,0.041784851294111816,0.052123109115633975,0.5555555555555556,6.0,2025-01-08,2025-04-10
HD,0.039061679781627265,0.012825681704367405,0.00826702217600577,0.17737852142195254,0.019893840309963887,0.028036193075491014,0.49206349206349204,7.0,0.048280991341230504,0.018070538420513885,0.010102083325365689,0.2059513579997302,0.023514974839472257,0.0352376419169273,0.5396825396825397,6.0,2025-01-08,2025-04-10
HYG,0.006815746338534775,0.0027684278391430115,0.0019008057517826066,0.02353616002682901,0.0040445686368014485,0.006093515195947645,0.44047619047619047,5.0,0.014723421293754348,0.005461798046199529,0.004024921164959301,0.045607052896726064,0.008295689191425048,0.012902368626706351,0.5079365079365079,4.0,2025-01-08,2025-04-10
IEF,0.011825785596136647,0.004204940434171337,0.002762633723110517,0.06209614004538977,0.007423462661785873,0.009727178032638135,0.48412698412698413,6.0,0.009668876544547442,0.004438298843190279,0.002609061924719151,0.026097635063871305,0.0061900280231845465,0.008079442739739873,0.4603174603174603,5.0,2025-01-08,2025-04-10
INTC,0.11771682132338332,0.032113800988721845,0.02931195750084246,0.6136631805149999,0.052125564378803536,0.08456166696919457,0.5,5.0,0.1605104798818626,0.05276060566223773,0.02631319342325616,0.3380796069817176,0.06870050042096576,0.0836720727673762,0.5873015873015873,7.0,2025-01-08,2025-04-10
IWM,0.031419902660072316,0.01295644278002671,0.008291363201963527,0.10071259519135756,0.01811247136684005,0.02810824824541926,0.4722222222222222,5.0,0.06605131217565192,0.01967515297098977,0.013629635845769443,0.23751122335423092,0.028660039747935306,0.044907161414755065,0.5873015873015873,5.0,2025-01-08,2025-04-10
JNJ,0.0332592916863961,0.009645939451470032,0.006033431598439203,0.1431980454478231,0.015606963088007724,0.019659758342310246,0.49206349206349204,9.0,0.04174585659645841,0.01605002390715452,0.01615167070696307,0.11335715249874379,0.01814530228440797,0.03866877112810149,0.38095238095238093,3.0,2025-01-08,2025-04-10
JPM,0.042433503464040026,0.01480932120660315,0.011098228719851737,0.1013049110156643,0.01795232776779789,0.03420751510372598,0.4246031746031746,6.0,0.07941762575768321,0.02288231396569458,0.019481957256574527,0.24423926616996194,0.04134899265857754,0.05765742369195659,0.4603174603174603,6.0,2025-01-08,2025-04-10
KO,0.019131982893835782,0.008108779316138548,0.005073461050794509,0.15502983991917985,0.013617679480570532,0.017388300029980118,0.4603174603174603,5.0,0.027166980770712713,0.014550296658802742,0.009972006830519548,0.06572826095929019,0.02162552345245189,0.029953354545006416,0.4126984126984127,3.0,2025-01-08,2025-04-10
LQD,0.01126364146098947,0.004404952082705968,0.002939316795596854,0.055986241261967384,0.007395853139754072,0.010242744354654665,0.47619047619047616,5.0,0.01552698641336096,0.005688578938169516,0.004518435199655306,0.035463273458821054,0.006454685667936344,0.013919180916765445,0.47619047619047616,4.0,2025-01-08,2025-04-10
MA,0.034509378930660035,0.010052100036881565,0.0074264689090706125,0.11830334519057706,0.014102822757419952,0.022998767872985236,0.44047619047619047,8.0,0.06835986130533642,0.019275852036206492,0.01578294056111663,0.16725375972556578,0.03071363832666344,0.04333834234800557,0.49206349206349204,6.0,2025-01-08,2025-04-10
META,0.05460420330626851,0.02312851858110509,0.014466850676760382,0.1842642603313256,0.02812236990070256,0.045219099952316225,0.46825396825396826,5.0,0.08029815642251614,0.03146993919161479,0.020856664005848347,0.31423964936904847,0.046432992653169844,0.06356015812962587,0.42857142857142855,6.0,2025-01-08,2025-04-10
MRK,0.04924491112317735,0.013067000402875187,0.010879897060897566,0.27080074933434284,0.02072057340066167,0.03067665485248565,0.5119047619047619,6.0,0.0917423272257539,0.021208467169803073,0.019195725032805647,0.22539165662316318,0.046230034055688575,0.062242331837872145,0.5396825396825397,6.0,2025-01-08,2025-04-10
MSFT,0.03671050183023399,0.012554240284490516,0.009978846727662811,0.15486780739774808,0.021890723499929574,0.03176601322277576,0.45634920634920634,5.0,0.05387643093701201,0.021278437659225092,0.012400130929947208,0.20556584584344684,0.029507318044305054,0.04024233550646977,0.5396825396825397,5.0,2025-01-08,2025-04-10
NFLX,0.04824872777393942,0.018524437819855917,0.011446184966291314,0.1344588143353902,0.023856842215139677,0.034663204807610884,0.47619047619047616,6.0,0.06613491830715465,0.02857584372690385,0.019245611147584683,0.19151711655301817,0.0415847579513944,0.05964787306361971,0.47619047619047616,4.0,2025-01-08,2025-04-10
NVDA,0.07382814988484684,0.03321661961871599,0.020507819412457457,0.2704676511335946,0.04902278881736216,0.06811903669745542,0.4444444444444444,5.0,0.13997883747503093,0.04885251913922251,0.03443923779147586,0.35933521111538924,0.07761643144822272,0.10486584721382355,0.5079365079365079,5.0,2025-01-08,2025-04-10
PEP,0.04360713289448676,0.010325824353156455,0.006979448518826584,0.18671998601011996,0.015299497529261002,0.024493632915089856,0.5198412698412699,10.0,0.039537561451607285,0.016148009438972735,0.011854295320587722,0.10207993218343081,0.02811085558073745,0.034038691045546826,0.4603174603174603,4.0,2025-01-08,2025-04-10
PFE,0.0448574932718261,0.014521617078420354,0.008419406429481205,0.19766781916673992,0.02091454025597143,0.028058333296609415,0.5079365079365079,8.0,0.04816514227638329,0.01597286079710348,0.011892627722563776,0.1976960172961859,0.030853399683062863,0.04021031519455684,0.5555555555555556,4.0,2025-01-08,2025-04-10
PG,0.0288384454078551,0.009555490124312574,0.007178400913210684,0.10628829063367795,0.013379310449569365,0.021981390841143957,0.4523809523809524,6.0,0.03874426626533492,0.014860224715722691,0.012983087461046976,0.10138440025814088,0.021804284017622265,0.03673329171342332,0.3968253968253968,4.0,2025-01-08,2025-04-10
QQQ,0.028553019253686734,0.011313612197286054,0.008441269580951039,0.13557744666287974,0.0191847007877079,0.026730533486850786,0.4087301587301587,5.0,0.05752105384101747,0.023515229011699418,0.015724450344546222,0.22768301939488944,0.03779225123977845,0.04923273583968682,0.5079365079365079,4.0,2025-01-08,2025-04-10
SPY,0.0226477994400618,0.007917174816161143,0.006086800354562063,0.08405627477614819,0.013242515051032487,0.018856708430274205,0.4087301587301587,6.0,0.04968936558293991,0.020042531243924654,0.014021690464321668,0.1875522908467665,0.025985887551736853,0.04456964910714731,0.49206349206349204,4.0,2025-01-08,2025-04-10
T,0.04026302399523909,0.012692893435268455,0.00782253037621788,0.0934838225578386,0.018576360938105402,0.02595842889590629,0.4523809523809524,9.0,0.04537453078882435,0.017822046947470565,0.018753586313929416,0.0772727522213349,0.015967052944610427,0.04639948737381311,0.3333333333333333,3.0,2025-01-08,2025-04-10
TLT,0.029791546700378056,0.008872547742702202,0.005751968869518288,0.14017409377533174,0.015657378638066117,0.01959584278548152,0.49603174603174605,8.0,0.02822068315567251,0.009738875304588149,0.0071671576268374625,0.06925164117632843,0.013444630450222228,0.02254334978203565,0.49206349206349204,5.0,2025-01-08,2025-04-10
UNH,0.06855694922747373,0.017175575739767,0.014021109884739742,0.22050020554779404,0.027230773314309512,0.044748001196064084,0.46825396825396826,8.0,0.05755564615758627,0.02132779295868764,0.01725654293966431,0.1580866471814376,0.02790022061850277,0.05101436350071653,0.4603174603174603,4.0,2025-01-08,2025-04-10
V,0.028151491078556617,0.010621049915475472,0.008378419963856135,0.12453203405413793,0.014155083432477645,0.02455067084306142,0.40476190476190477,5.0,0.06208405957701332,0.018630492978487078,0.01522985588469302,0.15009222811640655,0.024094527587905736,0.03884714966433195,0.4603174603174603,6.0,2025-01-08,2025-04-10
VNQ,0.03662771477115224,0.01006403799662082,0.007267403724434968,0.10902619592592788,0.016051165227927617,0.023166172895686846,0.48412698412698413,8.0,0.038119068368982725,0.015553479238009591,0.011092850583566401,0.14554120559280892,0.02618891815938764,0.032651471044463226,0.47619047619047616,4.0,2025-01-08,2025-04-10
WMT,0.02209631415832169,0.011125326861175743,0.0058822132945912506,0.0580037127728712,0.014057414565105397,0.01904806994867555,0.4126984126984127,6.0,0.06095552846837464,0.022837477855475203,0.015392810219286523,0.21928022052702378,0.031168489566146308,0.046413692233794296,0.4444444444444444,6.0,2025-01-08,2025-04-10
XLB,0.04158929194830792,0.008577891321285384,0.005734944468661409,0.1434614669898483,0.01354824142528543,0.01872900317806518,0.4722222222222222,14.0,0.053646174539265144,0.018659833862837556,0.013719039344256518,0.17986550649700284,0.029801354990858484,0.042625375097947865,0.5396825396825397,4.0,2025-01-08,2025-04-10
XLE,0.032514161396427176,0.011167576904401177,0.008151999340013306,0.1434153832842695,0.020742130620228175,0.026101611166142173,0.44841269841269843,6.0,0.07015474370070718,0.023726856316025113,0.02350864427360558,0.1879314708399662,0.03424556063795288,0.06769386718711431,0.3968253968253968,4.0,2025-01-08,2025-04-10
XLF,0.021705201779272088,0.008904534967837663,0.005603888459375703,0.07226324926688543,0.013390119837561915,0.017353409124201316,0.42857142857142855,6.0,0.058250980767903034,0.018605664689556274,0.015923989451543157,0.15540274739618531,0.027566539137423872,0.04638696998348282,0.5079365079365079,4.0,2025-01-08,2025-04-10
XLI,0.023743804463954844,0.008554749306798308,0.005242241025408358,0.08354258511903356,0.012115254147190464,0.017388510622469162,0.46825396825396826,7.0,0.051187397374767275,0.018659024516619396,0.0135416395171342,0.17570683542788068,0.021777549627445637,0.04116771495443122,0.5238095238095238,4.0,2025-01-08,2025-04-10
XLK,0.032038889152584855,0.013886615184175579,0.01035342588817483,0.1697239878969643,0.02454397591097482,0.0319051020201248,0.4166666666666667,4.0,0.062207852413277545,0.02720559930919239,0.018102814194340025,0.25656311006519317,0.046147334829968224,0.057422137032778764,0.47619047619047616,4.0,2025-01-08,2025-04-10
XLP,0.014104777485420647,0.006155794607466453,0.003666122719424811,0.07144963126085846,0.009892055404938654,0.012329243529652948,0.4801587301587302,5.0,0.028640100542719198,0.012046714790116257,0.009238742110554579,0.08188478263258492,0.016863853322085676,0.02531759969800787,0.4126984126984127,4.0,2025-01-08,2025-04-10
XLU,0.02337445979690897,0.00976039674170288,0.006477259943721763,0.09694903843419145,0.016734975516972134,0.021405769215506076,0.44047619047619047,5.0,0.03787655879279435,0.013823351330225199,0.011022279013776132,0.08298535621811876,0.021528157977201423,0.03064137227907185,0.47619047619047616,4.0,2025-01-08,2025-04-10
XLV,0.025629581041799777,0.006816215657905237,0.00496788277214373,0.13006680611992238,0.012160887944561882,0.01599740115552306,0.49603174603174605,8.0,0.042550007433011426,0.012656058649952414,0.009793255679026438,0.10813406274647386,0.01260643958961436,0.02844939658043949,0.5396825396825397,5.0,2025-01-08,2025-04-10
XLY,0.032631403384382834,0.011764491535621344,0.008063676521754055,0.1266048947553181,0.01667252577593284,0.025697916237948003,0.45634920634920634,6.0,0.09386967942588356,0.02230460699215179,0.013835667035561069,0.2417436990010886,0.03522710696990857,0.044573625178910975,0.5873015873015873,9.0,2025-01-08,2025-04-10
XOM,0.04670935211134118,0.012025465388454035,0.007784892018556864,0.15149557654416057,0.019763125037638246,0.025854952711621373,0.49603174603174605,10.0,0.06669434305473419,0.020248460360529213,0.01799688622111875,0.16053425838162672,0.031868831747733584,0.05302186939773634,0.4603174603174603,5.0,2025-01-08,2025-04-10
AAPL,0.04203909162549458,0.014896480044081934,0.009909613231773291,0.14045225638661263,0.024640307722103,0.03180210802566436,0.43253968253968256,7.0,0.07614388540831088,0.03273157752700557,0.022829736365807495,0.30222591558221656,0.04787095118753369,0.06591029946848301,0.4603174603174603,4.0,2025-02-10,2025-05-12
ABBV,0.06856946115613896,0.015526555212739384,0.013500397571950436,0.19070973451116913,0.019421475743305883,0.035585655130733564,0.4880952380952381,8.0,0.07967776985541851,0.020199260392972925,0.017916958829922152,0.2073637837055129,0.036826472320584135,0.05351324859407447,0.4603174603174603,7.0,2025-02-10,2025-05-12
AMD,0.11273298813179092,0.029579025438188272,0.02152107177150723,0.4911533963762369,0.050125241284926354,0.07293657302096973,0.5396825396825397,7.0,0.08333599288181384,0.04504242459949108,0.026455870756131376,0.31878755554752214,0.07260607670327249,0.08304924488382445,0.42857142857142855,4.0,2025-02-10,2025-05-12
AMZN,0.05528186406326474,0.01726868093685152,0.01220532523309132,0.19489997863769526,0.02490797641323586,0.03834141504645413,0.46825396825396826,7.0,0.09018372023505973,0.03028888913862956,0.017568257188648,0.2811479151357994,0.041056540576393706,0.056483446017898425,0.5714285714285714,6.0,2025-02-10,2025-05-12
BA,0.08923042968585274,0.01976393551994895,0.013388990565461532,0.34008504188932254,0.029543393150160295,0.04470851049305351,0.5198412698412699,11.0,0.0728335133481823,0.03535058309165729,0.026734523748836756,0.26663089214555324,0.038494724206874,0.07608388497440066,0.4126984126984127,3.0,2025-02-10,2025-05-12
BAC,0.03812216814035244,0.014196128269653913,0.008259803097076362,0.16949909753243675,0.01929733869560414,0.02771143047827612,0.47619047619047616,7.0,0.09811506855416391,0.02638655977320933,0.0251761539545142,0.2630531402973332,0.03762979343367049,0.07200576770189326,0.42857142857142855,6.0,2025-02-10,2025-05-12
COST,0.03720051207874968,0.012185119072837997,0.009192767234467363,0.10273788589292687,0.016977390711588568,0.025659733672532166,0.45634920634920634,6.0,0.06552133173588529,0.018854796099646864,0.01607305396118398,0.17294722928056838,0.03634057983635021,0.04731948503654537,0.4603174603174603,6.0,2025-02-10,2025-05-12
CRM,0.10241245406943902,0.022934638293058692,0.020319931362983934,0.31111226158760263,0.028146180853104153,0.051004269896692475,0.48412698412698413,8.0,0.0662719344304469,0.025160099138592264,0.01630499974082424,0.28260969646031353,0.04408331201382341,0.05159135772012882,0.5079365079365079,5.0,2025-02-10,2025-05-12
CVX,0.043474074324576895,0.012270187103740926,0.009422036865216605,0.15330353185858503,0.02223502361058487,0.029850561847281794,0.4365079365079365,8.0,0.07466742154789612,0.022667267302958455,0.021926147597398065,0.20639725100157658,0.034379694999709796,0.06373758089399303,0.4126984126984127,5.0,2025-02-10,2025-05-12
DIS,0.053809622304934655,0.015972925815621767,0.011612302290241542,0.2998297098080407,0.021002805686241032,0.03424276521189372,0.4801587301587302,7.0,0.07866276839362116,0.030850832400521666,0.022197606601374577,0.28189802424153665,0.048776543533598844,0.06757348181028458,0.49206349206349204,4.0,2025-02-10,2025-05-12
EEM,0.023002464642630904,0.009742870225816153,0.006440690099936653,0.12375486302745042,0.016584631710840535,0.02105255198840017,0.4365079365079365,5.0,0.041638547435862865,0.01688508126727342,0.012117037613610885,0.15041905147460732,0.021013129901980364,0.03446959714081366,0.47619047619047616,4.0,2025-02-10,2025-05-12
EFA,0.024600594643743815,0.00816769112374934,0.005516197594146037,0.10138713293191082,0.014359562268372233,0.018105576843299113,0.45634920634920634,7.0,0.04228437981925905,0.016505835125301713,0.01305073451211699,0.1405348398406172,0.020841071330811402,0.03366203990360572,0.4444444444444444,4.0,2025-02-10,2025-05-12
GLD,0.026137251272659017,0.009587428860398118,0.006930331776841405,0.08120389771692971,0.015037004606722065,0.021978045786294108,0.4166666666666667,6.0,0.02211338844840359,0.01447128384539296,0.00789763873157271,0.05744797076331065,0.021414454427992658,0.024261817035914318,0.42857142857142855,3.0,2025-02-10,2025-05-12
GOOGL,0.043339622647276185,0.018162177896172207,0.012691084719421514,0.22137634165601916,0.02879043754860539,0.041635838141959265,0.4126984126984127,5.0,0.08048243572753498,0.025048331317458736,0.015678396570299024,0.22173291038936505,0.03993116680096618,0.051613503785931325,0.5714285714285714,6.0,2025-02-10,2025-05-12
HD,0.03861317272410088,0.012958056250213235,0.008363633642290369,0.17737852142195254,0.020167671801886045,0.028036193075491014,0.4801587301587302,7.0,0.05273876906592369,0.018325255931923353,0.010273786181673447,0.18972165370603267,0.023598761108490695,0.0352376419169273,0.5714285714285714,6.0,2025-02-10,2025-05-12
HYG,0.006631998987599458,0.002702672399447396,0.0018495614706452673,0.023536160026829123,0.003937402213525942,0.005899823496857035,0.44047619047619047,5.0,0.014119556247816323,0.005773663943607779,0.004233376652784435,0.04560705289672573,0.008329989087240808,0.012902368626706351,0.4603174603174603,4.0,2025-02-10,2025-05-12
IEF,0.010856169814248676,0.004058623531081712,0.002575440502836973,0.06893843931741905,0.006490870755073497,0.008992581051285514,0.47619047619047616,6.0,0.0094770118789457,0.004659243331370249,0.002632503299707139,0.03158662717259708,0.006677611815997397,0.008325304918718385,0.4444444444444444,5.0,2025-02-10,2025-05-12
INTC,0.11574487346473503,0.03210430813050879,0.027778769631536412,0.5864129569615245,0.048822609702160485,0.07936805667457471,0.5158730158730159,5.0,0.15508458125571356,0.053046719532842734,0.027098112316186508,0.3380796069817179,0.06920076694720623,0.0836720727673762,0.5714285714285714,7.0,2025-02-10,2025-05-12
IWM,0.03089434324132558,0.01292568644290077,0.008336568811151347,0.1028309552952319,0.01811247136684005,0.027922187501050775,0.4603174603174603,5.0,0.06071978204602789,0.020762957672457637,0.013975187931228641,0.2288530575616431,0.028660039747935306,0.044907161414755065,0.5396825396825397,5.0,2025-02-10,2025-05-12
JNJ,0.032682407663379,0.010194666700130915,0.006114055855394031,0.1444625111422616,0.016057061670769857,0.01994606539224891,0.47619047619047616,9.0,0.04278473146150574,0.015452630548819844,0.015280261236252049,0.1133571524987439,0.018020232465324172,0.03833954203157333,0.42857142857142855,3.0,2025-02-10,2025-05-12
JPM,0.042304675794112734,0.014969225822185163,0.011293456020073384,0.1013049110156643,0.01795232776779789,0.03420751510372598,0.4126984126984127,6.0,0.07909631973321753,0.02380838092118019,0.019136206387068755,0.2442392661699616,0.04134899265857754,0.05765742369195659,0.4603174603174603,6.0,2025-02-10,2025-05-12
KO,0.019758720041125645,0.008482887959801429,0.005298205172317966,0.15502983991918062,0.013617679480570532,0.017998764447072328,0.45634920634920634,5.0,0.030802997631566048,0.014280485302622246,0.009507098034433965,0.06572826095928996,0.017329845021879307,0.028384815806663466,0.4444444444444444,4.0,2025-02-10,2025-05-12
LQD,0.010659098104655202,0.004330838223930698,0.0028027907366822446,0.06258641798051512,0.0064307941254901965,0.009589956220090725,0.4722222222222222,5.0,0.016701999032300026,0.005779308674345685,0.004713086146680783,0.03564652837937676,0.010348593291443553,0.014979209684296252,0.49206349206349204,4.0,2025-02-10,2025-05-12
MA,0.03500012453644216,0.010521595699714168,0.007585497075968845,0.11830334519057728,0.016498241366112432,0.023743320795932117,0.4365079365079365,8.0,0.06545536636277796,0.01912103231539346,0.016056871979325038,0.16725375972556555,0.03071363832666344,0.04333834234800557,0.4603174603174603,6.0,2025-02-10,2025-05-12
META,0.0528313753984929,0.01913201839902764,0.014523366145402429,0.18426426033132515,0.026121337186121706,0.04477095546349189,0.44841269841269843,5.0,0.10019894168195602,0.03475811393928124,0.019880742397213495,0.34150807540118644,0.046432992653169844,0.06356015812962587,0.5238095238095238,7.0,2025-02-10,2025-05-12
MRK,0.06150073099139857,0.014312787404644818,0.012808011705923278,0.3405965076283859,0.02108019158458126,0.036564150846700255,0.5396825396825397,6.0,0.07133238517336726,0.021116746311244168,0.015954573884375073,0.19854419984864846,0.04422543021223789,0.05103757792645086,0.5079365079365079,6.0,2025-02-10,2025-05-12
MSFT,0.04100526755707131,0.013376134776832978,0.01082083449422715,0.1548678073977484,0.021890723499929574,0.03444776282239061,0.4722222222222222,5.0,0.04025375643147456,0.02251092902597355,0.010542650493957622,0.1479585953928957,0.029507318044305054,0.03394156511879237,0.47619047619047616,5.0,2025-02-10,2025-05-12
NFLX,0.04899345362824427,0.018433563188505264,0.011800306650772344,0.13445881433538975,0.02464215237864518,0.03605159592031118,0.46825396825396826,6.0,0.06040679883151519,0.02731055570984157,0.018644073713430614,0.1915171165530184,0.031620087161319435,0.057009687724471764,0.4444444444444444,4.0,2025-02-10,2025-05-12
NVDA,0.0897665626168314,0.03571833405031643,0.024222723245811647,0.2704676511335947,0.05313739613652724,0.0772312339409234,0.4603174603174603,5.0,0.11168224866766364,0.04310177706050272,0.027477378640456927,0.3268240705597586,0.0730897434901088,0.08083934386212518,0.5079365079365079,5.0,2025-02-10,2025-05-12
PEP,0.0504571532466002,0.011156761687061744,0.008075814210104,0.20215778528205353,0.019184901778631136,0.028076050220384362,0.5198412698412699,10.0,0.037496861913949915,0.015905078065122938,0.010911785213054208,0.16518385348235243,0.027242653554365247,0.03474985741194811,0.47619047619047616,4.0,2025-02-10,2025-05-12
PFE,0.045322140043962435,0.014636015506095567,0.008472726149806032,0.1976678191667406,0.022583179880342058,0.02830998157589199,0.5119047619047619,8.0,0.04649397540682549,0.017817160132465395,0.013119993060127122,0.19259537680887096,0.03457556431566518,0.04268639696206228,0.49206349206349204,4.0,2025-02-10,2025-05-12
PG,0.030208076697980746,0.00960685540918301,0.007355862832300506,0.11764071205087079,0.013706325594150665,0.023149013795175415,0.4642857142857143,6.0,0.03883296135524869,0.015686500725639735,0.013012808919748238,0.10138440025814033,0.02694827132415578,0.040626223593932365,0.3968253968253968,4.0,2025-02-10,2025-05-12
QQQ,0.029407849741420924,0.011531383604386122,0.008518940599697331,0.13557744666287952,0.01968107323046324,0.027463507941511978,0.42063492063492064,5.0,0.05639390559053465,0.024717882953335837,0.01641092490729844,0.22768301939488933,0.03789612274800309,0.04923273583968682,0.47619047619047616,4.0,2025-02-10,2025-05-12
SPY,0.02253921768672422,0.008018297842033433,0.0060576180290799215,0.08405627477614808,0.013786491114700788,0.018804611674451296,0.4087301587301587,6.0,0.04852023794532152,0.021290809291431376,0.014547514022406805,0.1875522908467665,0.026352318938633035,0.04456964910714731,0.4603174603174603,4.0,2025-02-10,2025-05-12
T,0.03529202981955669,0.012664489548925566,0.0070867529758145975,0.0856926918430323,0.01798250741208814,0.023593271211360543,0.43253968253968256,9.0,0.04764637555049127,0.01812912798944982,0.01890729188511558,0.0772727522213349,0.030163718438659427,0.04985023665689528,0.36507936507936506,3.0,2025-02-10,2025-05-12
TLT,0.02822586489583096,0.008591766279254993,0.0054929280443924795,0.14647858473582231,0.015059888671380051,0.01852725026615674,0.49206349206349204,8.0,0.025353830290543427,0.009939160860867213,0.007042730636262063,0.07377489236476642,0.01708875228733936,0.023520742675138345,0.4444444444444444,5.0,2025-02-10,2025-05-12
UNH,0.07077844954520963,0.017465687656264044,0.014259394597020256,0.2205002055477937,0.024176104826354752,0.04583617122864007,0.47619047619047616,8.0,0.16037631566528834,0.035145042103627816,0.04073049286737482,0.368191948691422,0.04201014639448309,0.10058507840703096,0.49206349206349204,5.0,2025-02-10,2025-05-12
V,0.028563251877857042,0.010734824144849232,0.00833094846437497,0.1245320340541376,0.013976086694656331,0.024436246962291828,0.4166666666666667,5.0,0.06083153915365389,0.019308831538194453,0.015361499786276232,0.15009222811640632,0.026270249385657064,0.04002074789344445,0.4444444444444444,6.0,2025-02-10,2025-05-12
VNQ,0.03662179871417743,0.010124584804301472,0.00748980620833299,0.1239581350871718,0.016051165227927617,0.023362240499600135,0.46825396825396826,8.0,0.035719762964277674,0.01511433744649049,0.01133960729024688,0.14554120559280903,0.02618891815938764,0.032651471044463226,0.42857142857142855,4.0,2025-02-10,2025-05-12
WMT,0.022392876995023115,0.011365759016922307,0.006001712776645093,0.05800371277287064,0.01523869349397231,0.019312176011341095,0.4087301587301587,6.0,0.06081190418527871,0.023209643429621115,0.014917783133473852,0.21928022052702367,0.031168489566146308,0.046413692233794296,0.4603174603174603,6.0,2025-02-10,2025-05-12
XLB,0.03938135787033554,0.008424028844804374,0.005471936040930833,0.1434614669898473,0.013303807692953945,0.01780800618586542,0.46825396825396826,14.0,0.05268374236059079,0.019602166469977145,0.013472914713025861,0.17986550649700284,0.029801354990858484,0.042625375097947865,0.5396825396825397,4.0,2025-02-10,2025-05-12
XLE,0.03247179218359653,0.01139181695611233,0.008199947521110236,0.1434153832842694,0.020742130620228175,0.02641882209950661,0.4444444444444444,6.0,0.07084073976399498,0.024250538796573087,0.02436321737915171,0.1879314708399663,0.03414604942701053,0.06769386718711431,0.38095238095238093,4.0,2025-02-10,2025-05-12
XLF,0.022801533447041167,0.009187512410384223,0.005804026695610478,0.0743708265355928,0.013567592779459714,0.01817102480266486,0.4365079365079365,6.0,0.055402135427436015,0.01920652614195712,0.016382351873704196,0.1554027473961851,0.027393072189053947,0.04638696998348282,0.4603174603174603,4.0,2025-02-10,2025-05-12
XLI,0.023554321435251085,0.008673994091322816,0.005239507092170726,0.08354258511903367,0.012165726532181809,0.017486227381868755,0.4642857142857143,7.0,0.047855487324936184,0.01954861632822152,0.014348206076259525,0.15848095181434785,0.02237419712106996,0.04129767304637255,0.4603174603174603,4.0,2025-02-10,2025-05-12
XLK,0.03431910460391909,0.014415162356607163,0.010786438365994931,0.1697239878969643,0.024684748637505353,0.0337851272334747,0.43253968253968256,4.0,0.05999027105660114,0.02803340496371421,0.018515515758210227,0.2565631100651934,0.04189916156613974,0.05579497045637988,0.4444444444444444,4.0,2025-02-10,2025-05-12
XLP,0.014248518120131072,0.006363130488394252,0.003844838222892511,0.08359146833952624,0.009967169053719277,0.012855498254260885,0.4603174603174603,5.0,0.031206212844741794,0.012090139718414133,0.00866839245687272,0.08188478263258536,0.01684894830620779,0.02531759969800787,0.49206349206349204,4.0,2025-02-10,2025-05-12
XLU,0.02251969526836616,0.009864579687313916,0.00642127857049798,0.096949038434191,0.015611088375637404,0.021343675973298202,0.4246031746031746,5.0,0.036982688162889035,0.013158979139498466,0.011088283928908527,0.0829853562181182,0.020325425746536997,0.030560702927692057,0.4603174603174603,4.0,2025-02-10,2025-05-12
XLV,0.025264856071473992,0.007164681307239689,0.004897186692730765,0.1300668061199226,0.012160887944561882,0.01599740115552306,0.49603174603174605,8.0,0.04001829374023564,0.014101943453276469,0.010939745202357184,0.11088375004332207,0.026694281008092322,0.03439540247712938,0.5079365079365079,4.0,2025-02-10,2025-05-12
XLY,0.03211721643015178,0.011750285809332881,0.008052476702364893,0.12660489475531844,0.01667252577593284,0.025801706779568893,0.44841269841269843,6.0,0.08337405182217528,0.0241146438946927,0.014179260513975389,0.2213767125917282,0.03522710696990857,0.044573625178910975,0.5238095238095238,9.0,2025-02-10,2025-05-12
XOM,0.046075791752257816,0.012236211894094224,0.007863601792385334,0.1514955765441609,0.019763125037638246,0.026039232379468234,0.48412698412698413,10.0,0.06716934394438012,0.020698178698453543,0.018658151095661143,0.16053425838162683,0.031868831747733584,0.05302186939773634,0.4444444444444444,5.0,2025-02-10,2025-05-12
AAPL,0.0370861159275847,0.0154521168642404,0.01078600184348081,0.16138292500428641,0.025718972766336477,0.03377061171913068,0.4166666666666667,5.0,0.10963728440579965,0.031911000952007676,0.022088097590912015,0.22988972826665732,0.04204770369113555,0.06438885620064594,0.47619047619047616,8.0,2025-03-12,2025-06-11
ABBV,0.06754687266642813,0.0156938719476046,0.013711437827586905,0.19070973451116924,0.019421475743305883,0.035585655130733564,0.4722222222222222,8.0,0.08546409566545986,0.021118157917331508,0.019218116750169545,0.19926997166908245,0.04468799115688554,0.05819737955507029,0.4603174603174603,7.0,2025-03-12,2025-06-11
AMD,0.10948516697570779,0.028215462782764475,0.021628045933116246,0.5234267120175922,0.05096114563367749,0.07293657302096973,0.5238095238095238,7.0,0.09677595531690752,0.04523583495354221,0.026114146672816314,0.31878755554752203,0.07260607670327249,0.08304924488382445,0.4603174603174603,5.0,2025-03-12,2025-06-11
AMZN,0.057309299368986794,0.0175670721097403,0.012557814602766032,0.19631498286270077,0.027223566227507906,0.039952473445620015,0.4722222222222222,7.0,0.07160851986580377,0.029413640431446415,0.01818629075956921,0.18662193445478348,0.04044491785662624,0.056483446017898425,0.49206349206349204,5.0,2025-03-12,2025-06-11
BA,0.09346600676642673,0.020929035465432837,0.014256347758271932,0.2842116407186609,0.03240731682843449,0.04795689262548532,0.5119047619047619,11.0,0.06928774212207005,0.03251333192624489,0.02680775736865805,0.2519305598477313,0.031504735997459496,0.06623499107152558,0.38095238095238093,3.0,2025-03-12,2025-06-11
BAC,0.046004463515196437,0.015074594141911547,0.009622754249329912,0.16949909753243675,0.020239892592580976,0.03197175783272673,0.49206349206349204,7.0,0.06727411723793557,0.024285684760228278,0.026028676312296502,0.20540655611693692,0.03207762802332022,0.06347060573404223,0.38095238095238093,3.0,2025-03-12,2025-06-11
COST,0.03613442653467542,0.012365377248792176,0.008603434889208431,0.1390894798108686,0.01772896020983363,0.026779524418423385,0.47619047619047616,6.0,0.03922148508692981,0.017137991095988812,0.013618571210739516,0.06095668963606815,0.03526476532738552,0.04186359366554418,0.4444444444444444,3.0,2025-03-12,2025-06-11
CRM,0.10273691015877903,0.022830510546743968,0.02007070283932191,0.29307056647012786,0.028744244625246062,0.050738589005839344,0.49206349206349204,8.0,0.05788022652535813,0.024496121188417395,0.016843452163464005,0.18010030597372628,0.0436776524311836,0.05159135772012882,0.47619047619047616,4.0,2025-03-12,2025-06-11
CVX,0.04366793341519411,0.01240511090293565,0.009530699753316175,0.15330353185858592,0.02223502361058487,0.03055403809670009,0.43253968253968256,8.0,0.07655288200647323,0.02223632229028034,0.021872252001849495,0.2063972510015767,0.029351488657812196,0.06252888449009364,0.42857142857142855,5.0,2025-03-12,2025-06-11
DIS,0.05844946657313112,0.014888518853350918,0.012322513703166754,0.29982970980804147,0.023629100422041877,0.03802811214131634,0.49206349206349204,7.0,0.07283782292395578,0.029411463773425767,0.0218385007003042,0.19574841065691007,0.026084231378275702,0.061597893480085875,0.4603174603174603,4.0,2025-03-12,2025-06-11
EEM,0.023722134103767584,0.01004018435787221,0.006594753280847389,0.12375486302745053,0.017200079045725496,0.021633146279031176,0.44047619047619047,5.0,0.04080603148875669,0.01570983093786033,0.012234612615676608,0.15041905147460777,0.01847259350962477,0.033156254266994284,0.4603174603174603,4.0,2025-03-12,2025-06-11
EFA,0.02553034483987938,0.008422405397426775,0.005681954256532728,0.10138713293190982,0.014359562268372233,0.018735675833415563,0.4603174603174603,7.0,0.04188952554908258,0.015866249556736305,0.012928865910210674,0.1405348398406172,0.019046072506426936,0.03270017614083845,0.4444444444444444,4.0,2025-03-12,2025-06-11
GLD,0.026128069843524837,0.0097019867748864,0.0068807687538864105,0.08120389771692993,0.015353934502077149,0.021978045786294108,0.42063492063492064,6.0,0.022459196558347987,0.015407579123118747,0.007798332138315272,0.07107320553901986,0.02144100847368787,0.024261817035914318,0.4444444444444444,3.0,2025-03-12,2025-06-11
GOOGL,0.048516381628388144,0.01820047068890983,0.01265186337285022,0.22137634165601938,0.02879043754860539,0.041672037981292535,0.4246031746031746,6.0,0.06249825296527556,0.02502877991311596,0.015872572181657284,0.15161825714952126,0.03679759200341044,0.049676976627169106,0.49206349206349204,5.0,2025-03-12,2025-06-11
HD,0.04115248457138757,0.013453169610336635,0.008301261768699213,0.17737852142195265,0.020630507652790713,0.028329873092497314,0.5158730158730159,7.0,0.04699400052448723,0.017203219597413128,0.010611548505529374,0.09612024815356224,0.022976934036315545,0.03506633834368808,0.5396825396825397,5.0,2025-03-12,2025-06-11
HYG,0.006351016609505618,0.0026503820864849205,0.0017585484237475717,0.02353616002682879,0.003821910737353129,0.005580249026201587,0.4444444444444444,5.0,0.014749289594624385,0.005803336946915669,0.004422185592744524,0.041931137341287505,0.008406486633022969,0.012902368626706351,0.4603174603174603,4.0,2025-03-12,2025-06-11
IEF,0.010730248272869452,0.004117047746097656,0.002506704141977833,0.06893843931741905,0.006490870755073497,0.008676810952317529,0.48412698412698413,6.0,0.010030226980566478,0.00451159772947742,0.0027861741612684662,0.03216156311536689,0.0069079545099596466,0.008645918472037967,0.4444444444444444,5.0,2025-03-12,2025-06-11
INTC,0.14221471519527853,0.034954523794804813,0.027857464131877268,0.5780936553870616,0.05277750921328981,0.08073001879974699,0.5277777777777778,7.0,0.12490449672192605,0.04604187507337898,0.027196946866870995,0.3005401578934396,0.06920076694720623,0.0836720727673762,0.5555555555555556,5.0,2025-03-12,2025-06-11
IWM,0.03158208894641801,0.012725806703841635,0.008146173736179247,0.16936455621704172,0.01916509719566948,0.0281346639265677,0.48412698412698413,5.0,0.0547709791171937,0.02035355532996469,0.01477947055543322,0.16298002552358537,0.027902274069162437,0.04472453978206556,0.4603174603174603,5.0,2025-03-12,2025-06-11
JNJ,0.032771209921882975,0.010502855863200473,0.006223557439813377,0.14446251114226194,0.01718556169965101,0.02016199445344339,0.46825396825396826,9.0,0.05676303428220916,0.015590039790229784,0.015767509522835878,0.11746244917232385,0.016897904504525052,0.04279109491067218,0.4444444444444444,5.0,2025-03-12,2025-06-11
JPM,0.047671918943700306,0.01588927299638155,0.012210339989187309,0.18592605854565192,0.02194530356896989,0.03932060043659015,0.4365079365079365,6.0,0.051075545567079085,0.021387708701901313,0.01905035469739845,0.15750719200345342,0.020862219852752252,0.04915394387613345,0.3968253968253968,3.0,2025-03-12,2025-06-11
KO,0.02104061795264535,0.009433860810907293,0.005811622297404058,0.15502983991918096,0.01423003575615287,0.019305950180513218,0.44047619047619047,5.0,0.028874174605415314,0.012389551671570626,0.008657159934604237,0.06684686614880553,0.016782133564719515,0.02526895544658564,0.4603174603174603,4.0,2025-03-12,2025-06-11
LQD,0.010318846246149578,0.004346271351004144,0.002692766649891623,0.06258641798051512,0.0064307941254901965,0.00924621236127935,0.47619047619047616,5.0,0.016535505064204398,0.005950581746990663,0.0051035509457420985,0.03378939536425496,0.011100556541005191,0.01507030739055995,0.4444444444444444,4.0,2025-03-12,2025-06-11
MA,0.03668964626393722,0.010507722011373294,0.007615677490682938,0.11830334519057739,0.017846394652268022,0.024015116770590334,0.4603174603174603,8.0,0.05182618566868388,0.01847717643004809,0.016864076289016185,0.13926503541526813,0.029366867043116984,0.04231109314111542,0.3492063492063492,5.0,2025-03-12,2025-06-11
META,0.060319311722922604,0.019564765017856596,0.014965131666136175,0.1882524832164879,0.030403356609606996,0.047170984052835596,0.4523809523809524,6.0,0.09808943551732245,0.033574171599766355,0.02140840854544736,0.22616592528528634,0.046298682356753884,0.06356015812962587,0.47619047619047616,7.0,2025-03-12,2025-06-11
MRK,0.06006682148293553,0.014780141381266747,0.012944497929136775,0.3664689530654751,0.02108019158458126,0.036525768410920575,0.5238095238095238,6.0,0.07947220977834785,0.02206753635857019,0.017201777008300397,0.22491820789623906,0.047108686899700866,0.05138127268880577,0.5238095238095238,6.0,2025-03-12,2025-06-11
MSFT,0.04062001134768051,0.013545381080589586,0.01088036018241442,0.18219543176203823,0.021826121312575213,0.03474484912727226,0.4642857142857143,5.0,0.035876080191513365,0.02116137788583938,0.010819770216488158,0.10274315594004546,0.02362182877823198,0.031490592779081505,0.3968253968253968,5.0,2025-03-12,2025-06-11
NFLX,0.05676409043376822,0.019352926536389828,0.013671901535116214,0.1812960630277638,0.024942483289218255,0.04083949346060199,0.46825396825396826,6.0,0.04010262107766421,0.023525610061142087,0.01551589505981056,0.14180569891186567,0.02668268655959658,0.042351618946030706,0.38095238095238093,3.0,2025-03-12,2025-06-11
NVDA,0.09439154747086934,0.03540471700173525,0.025283450215411427,0.28407961003784776,0.059532215120206004,0.08189065891611656,0.4642857142857143,5.0,0.08814621753706421,0.03815849762957534,0.02308591411685015,0.22487045661481597,0.058956434327793475,0.06987118647854129,0.47619047619047616,5.0,2025-03-12,2025-06-11
PEP,0.049839681418846794,0.01157272316940431,0.008306613569807799,0.20215778528205508,0.019529770773557636,0.028760355854832713,0.5,10.0,0.04175755953614019,0.014106790510564737,0.009942276080033379,0.1514169923871198,0.02301277443920722,0.0325678363028479,0.5714285714285714,4.0,2025-03-12,2025-06-11
PFE,0.044482556730948364,0.014366885592266357,0.00824760858787121,0.1976678191667398,0.021645770917848032,0.027974270797432303,0.5158730158730159,8.0,0.046072796447845746,0.018866560043148167,0.014036515046834725,0.17939947029778303,0.036940869944016894,0.04325067779868222,0.4444444444444444,4.0,2025-03-12,2025-06-11
PG,0.03397467463608583,0.010466221635558623,0.008640745172597587,0.11764071205087134,0.01576044919344741,0.02705974295884609,0.44047619047619047,6.0,0.03732852792674295,0.014175889492931073,0.010533623400844573,0.08121118724822751,0.02124465966537702,0.03289248517248136,0.49206349206349204,4.0,2025-03-12,2025-06-11
QQQ,0.0322961590613593,0.01197456490328659,0.009355633378885828,0.13557744666287952,0.023775861383893076,0.02959296569712946,0.42063492063492064,5.0,0.05135836366766514,0.023423265737640076,0.01675713805735106,0.15685151944501097,0.029770894818419803,0.047081995909400015,0.4126984126984127,4.0,2025-03-12,2025-06-11
SPY,0.024882116751341037,0.008411779419817819,0.006552649793823577,0.09301221676637483,0.015525718632734596,0.020618048596121596,0.42063492063492064,6.0,0.046877729014582994,0.020653472949187117,0.015708586442276486,0.1372466493057951,0.023645065213014505,0.04386137446584484,0.3968253968253968,4.0,2025-03-12,2025-06-11
T,0.04340680231610148,0.013303189586124184,0.008840742869888712,0.08569269184303263,0.01798250741208814,0.02721792692411725,0.4246031746031746,9.0,0.04045850653841229,0.01640189738795155,0.014850840693663242,0.077272752221335,0.02578001747700618,0.03867514632444524,0.4126984126984127,3.0,2025-03-12,2025-06-11
TLT,0.025709984322207627,0.008754023588568206,0.005420265619057717,0.14647858473582231,0.014631782172087127,0.01836251178892802,0.49206349206349204,7.0,0.026013290970688743,0.009565891216165915,0.007432368848768212,0.09231061363621373,0.017440745432925887,0.023520742675138345,0.42857142857142855,5.0,2025-03-12,2025-06-11
UNH,0.06326251760121317,0.018436305370237573,0.015404833831464243,0.259032097708667,0.027230773314309512,0.050423894501634876,0.4642857142857143,6.0,0.2686296789806871,0.04492517289707162,0.05083956073505067,0.5423457420094382,0.06282289454576379,0.14358253003058005,0.5079365079365079,8.0,2025-03-12,2025-06-11
V,0.03032480651916774,0.0110534993163489,0.008844735234757256,0.12453203405413749,0.015147004014201748,0.027064720953173693,0.4166666666666667,5.0,0.057100913097505604,0.018593097172380953,0.01606735649929811,0.12038454482256356,0.022955722738584004,0.03825758442503224,0.38095238095238093,6.0,2025-03-12,2025-06-11
VNQ,0.037034308178665765,0.010091807460901362,0.007461124358339256,0.12395813508717124,0.016051165227927617,0.02375064661982571,0.47619047619047616,8.0,0.037729122092737336,0.01521320202051228,0.011832609975320848,0.12443762785714652,0.02658066255645105,0.032744130212929934,0.42857142857142855,4.0,2025-03-12,2025-06-11
WMT,0.036250237455116845,0.013163596907644794,0.009387511691564123,0.18895768101295551,0.01897790884010822,0.027950246041811972,0.42857142857142855,6.0,0.044988181368061084,0.019077297446425653,0.01103606180746087,0.08879223785524293,0.027500336993107954,0.033820413846571945,0.4603174603174603,6.0,2025-03-12,2025-06-11
XLB,0.04374510623459768,0.008827174878049189,0.005709887550621171,0.1434614669898474,0.013889411721314393,0.019200965357171956,0.5,14.0,0.0473699200749025,0.0188965975988419,0.014202621539212387,0.14642000532601285,0.029552729471378325,0.042625375097947865,0.4603174603174603,4.0,2025-03-12,2025-06-11
XLE,0.03396053148110427,0.011691655501054209,0.008637148158073055,0.1434153832842695,0.022982897005066005,0.027574976070944654,0.44047619047619047,6.0,0.08148603140489663,0.023877677660529308,0.023928437793501393,0.18793147083996642,0.02687326657500396,0.06569643781664192,0.4126984126984127,5.0,2025-03-12,2025-06-11
XLF,0.026314168453130046,0.009721140898924568,0.006554620141961484,0.08775621809932721,0.013808519117478324,0.020834854522929564,0.44841269841269843,6.0,0.05340430415295853,0.018293125034306797,0.01627012850538163,0.12908984639633103,0.021337705621629198,0.042951994751970896,0.4444444444444444,4.0,2025-03-12,2025-06-11
XLI,0.026305196306214675,0.009035171225177049,0.005589417541825164,0.09184866484246768,0.014187869207728849,0.019167230771897695,0.4880952380952381,7.0,0.04792481242655526,0.018934873492416376,0.0152142261671604,0.13435952729806622,0.02224539875843442,0.04129767304637255,0.42857142857142855,4.0,2025-03-12,2025-06-11
XLK,0.03719020318275266,0.014924415328387083,0.011642435740632446,0.16972398789696452,0.02739041870881805,0.03656806112341425,0.4365079365079365,4.0,0.050222285695593165,0.026403145017202947,0.018933004528100594,0.17687217641919872,0.03385303989871495,0.053853970153181246,0.3968253968253968,3.0,2025-03-12,2025-06-11
XLP,0.01692008009444077,0.00687856248001771,0.004498592723521951,0.08359146833952613,0.010689404908923322,0.015254598677621663,0.46825396825396826,5.0,0.028610080182558475,0.011406211322649558,0.007690881769504967,0.06912934378851565,0.011620053788570183,0.020988024443104936,0.5079365079365079,4.0,2025-03-12,2025-06-11
XLU,0.023340044115650514,0.009891723639764961,0.006514590626657473,0.09694903843419145,0.01656751191236188,0.02185919718303055,0.4365079365079365,5.0,0.03462372732005686,0.013083275529124676,0.011296983340759294,0.07970299513855994,0.017327251555331304,0.028751031421354323,0.4126984126984127,4.0,2025-03-12,2025-06-11
XLV,0.025664789595813798,0.007301758821046416,0.004935536460733423,0.13006680611992216,0.012160887944561882,0.01599740115552306,0.5,8.0,0.04007739231316654,0.015201627502098383,0.012369565528755103,0.12490659334461462,0.02754914042122516,0.03509960276177135,0.4444444444444444,4.0,2025-03-12,2025-06-11
XLY,0.04610943726104447,0.012252725520255012,0.008560567291945613,0.1782059499598575,0.017996906027003122,0.028451118573866244,0.4801587301587302,9.0,0.04435692019791374,0.023499948604265894,0.014472716466691434,0.14364818811892266,0.030640055197875205,0.04342108651681559,0.4126984126984127,4.0,2025-03-12,2025-06-11
XOM,0.04943802390182829,0.01257862481439456,0.008403807515848634,0.15149557654416024,0.02114056496571174,0.027851090382077004,0.4880952380952381,10.0,0.06541889929400871,0.01974771547703321,0.01765271885711346,0.16053425838162683,0.027432303311505757,0.051925414501415024,0.4603174603174603,5.0,2025-03-12,2025-06-11
AAPL,0.05238806179176825,0.020284564711853425,0.015236368568920647,0.3336051571160449,0.028928612379805922,0.04531408062445703,0.4166666666666667,5.0,0.05066175029069961,0.0175414120294164,0.011134450613340573,0.08341424561362598,0.029525712771437906,0.03449940657303083,0.42857142857142855,8.0,2025-04-10,2025-07-14
ABBV,0.07759197314080651,0.016780562188885895,0.014921533296308945,0.19597529217782506,0.02159048930029679,0.04216605778321837,0.5,8.0,0.03617626197006406,0.0170034829476951,0.013637876536333672,0.10596056935302212,0.027767852814934414,0.03970294689869314,0.3968253968253968,3.0,2025-04-10,2025-07-14
AMD,0.11619762711191385,0.03335755751136664,0.022954046524431854,0.574853249455894,0.05662515171271177,0.07898785048644032,0.5238095238095238,7.0,0.04981016192515721,0.027589386602910868,0.015022112326634715,0.10210938465158648,0.023126679365738367,0.040456419362295576,0.3968253968253968,5.0,2025-04-10,2025-07-14
AMZN,0.07084983573346278,0.020813621486368714,0.014877528336887854,0.2949681674651795,0.03288510784665244,0.047973595991287955,0.49603174603174605,7.0,0.03078934259733018,0.019092734885072793,0.008063875442157904,0.0949315100151541,0.02014978863526521,0.026090835252533418,0.47619047619047616,5.0,2025-04-10,2025-07-14
BA,0.0764345450551202,0.02495044893098747,0.017785094358063684,0.2864382110309194,0.033489586198221975,0.05750884313621047,0.4880952380952381,6.0,0.031742017739446085,0.018522197894285202,0.01063665497441756,0.09116823287139308,0.021012137843375356,0.029094389692412903,0.3968253968253968,4.0,2025-04-10,2025-07-14
BAC,0.0712155174122656,0.018070779838017595,0.01453864311294579,0.2750937643888285,0.02420916513462844,0.04448436906196171,0.503968253968254,7.0,0.021036484944682382,0.01340830096903996,0.008556506773134699,0.04496214028870582,0.012976060228296827,0.023431135161143896,0.3492063492063492,3.0,2025-04-10,2025-07-14
COST,0.041003439526760214,0.013578998116586109,0.009984603780866933,0.17294722928056827,0.01838868293780015,0.031239371768156967,0.4642857142857143,6.0,0.03218023730426208,0.012326917993760499,0.008797066635203918,0.08201732842880072,0.015062169960424376,0.027000633053694018,0.5079365079365079,4.0,2025-04-10,2025-07-14
CRM,0.10743133779960944,0.024275930021702224,0.02082383989705494,0.3447829933778669,0.029465747842205604,0.05655362871873187,0.49603174603174605,8.0,0.03788924837782574,0.018412945825757594,0.01102597175016093,0.11248505637215822,0.031260474068690834,0.03642029434607191,0.47619047619047616,4.0,2025-04-10,2025-07-14
CVX,0.06471931160162646,0.015575281732934123,0.0139276906835002,0.19897925911783798,0.025902473405870985,0.041983170695381294,0.44047619047619047,8.0,0.02926534177809058,0.013412330867544613,0.008361526222311594,0.04252743060075692,0.022450541172084136,0.024847968158015654,0.42857142857142855,5.0,2025-04-10,2025-07-14
DIS,0.07652486374387121,0.018398362773546593,0.015498063374422789,0.3020228919047676,0.025530826623971714,0.04879169244842317,0.5119047619047619,7.0,0.01646533651798816,0.01828767548345308,0.005717130735412555,0.03338442067442016,0.012548834114621566,0.017462514217784803,0.4444444444444444,3.0,2025-04-10,2025-07-14
EEM,0.03153959983537723,0.012020712778194064,0.008389533556210343,0.17292431919723694,0.018766254690611127,0.026253540714601578,0.4642857142857143,5.0,0.013274402874126191,0.009093017582348095,0.005135929683441681,0.022794527587335023,0.01210169156576769,0.013826791882336043,0.38095238095238093,3.0,2025-04-10,2025-07-14
EFA,0.0369988645006887,0.010938130715936549,0.008110527526088053,0.1405348398406171,0.015792227892336357,0.02409053737418431,0.46825396825396826,7.0,0.01051991520553639,0.007861247775002727,0.00413585376024112,0.02837604936997573,0.010709613503103099,0.011866890980023748,0.36507936507936506,3.0,2025-04-10,2025-07-14
GLD,0.027297051267661125,0.010229857657484893,0.007139380291866636,0.08120389771693004,0.01556247044967885,0.02304648147604058,0.4246031746031746,6.0,0.021129249397584017,0.014240366214916384,0.007126929360296195,0.0710732055390193,0.020664486018296225,0.023494828661326184,0.4603174603174603,3.0,2025-04-10,2025-07-14
GOOGL,0.05332468458656721,0.01972663162493392,0.013326342761583254,0.2980587590774303,0.03383855568305072,0.044236879896085865,0.44841269841269843,6.0,0.05086627480167602,0.019266364499903862,0.013725820184579242,0.07813171902217453,0.01889328931262988,0.03832274361031299,0.4603174603174603,5.0,2025-04-10,2025-07-14
HD,0.040368840377165476,0.014442958173134002,0.009029105712064427,0.21791628732717427,0.022234711608325585,0.030931956733347185,0.5079365079365079,6.0,0.02818875099886462,0.01208901784236408,0.006592530475540918,0.0829700831036021,0.019871438123173622,0.02239196787598688,0.5238095238095238,5.0,2025-04-10,2025-07-14
HYG,0.009891785192371272,0.003592974324175393,0.002719255690333138,0.04560705289672551,0.004138349776519168,0.008427115125881825,0.44841269841269843,5.0,0.005108997568881844,0.002954244738289687,0.001926010988268949,0.008305082059053781,0.003620021613399538,0.005389757880393503,0.3968253968253968,3.0,2025-04-10,2025-07-14
IEF,0.00986655639353076,0.004206720407127543,0.0025747388198257564,0.06893843931742027,0.006267730675051775,0.008793316475979593,0.47619047619047616,5.0,0.008252776568501916,0.003946118396970813,0.0022269397089608343,0.027225153196585472,0.006677611815997397,0.007346758885585142,0.4603174603174603,5.0,2025-04-10,2025-07-14
INTC,0.1528985183143796,0.039364640266116475,0.029305549343589424,0.5131779362230151,0.055335371057420236,0.0876937836893011,0.5357142857142857,7.0,0.06640246444816834,0.02931454346091676,0.0163371142689938,0.1334219991195421,0.0416625306113426,0.054740945687723586,0.5079365079365079,5.0,2025-04-10,2025-07-14
IWM,0.04137035000486964,0.015073738255595251,0.01026050347342997,0.27503085062358756,0.0234241097360041,0.03536799345109468,0.503968253968254,5.0,0.01692574323725734,0.011869943145263859,0.006884478896106655,0.034739164688229573,0.014894348596168283,0.020357480528339633,0.3492063492063492,3.0,2025-04-10,2025-07-14
JNJ,0.037119213072605454,0.011959294667217993,0.009373538654698347,0.1444625111422616,0.01746869066606684,0.026141398065535035,0.4444444444444444,6.0,0.02633717850005073,0.010482431010234898,0.007315882916680758,0.07220277842285217,0.01380790331471896,0.021078041572859446,0.4444444444444444,5.0,2025-04-10,2025-07-14
JPM,0.05810179111188536,0.01819840112677694,0.014776970683217596,0.24423926616996172,0.028349326521311995,0.047210955026399264,0.44047619047619047,6.0,0.017626946471771567,0.012505065623439665,0.007107639706359502,0.04466224298264132,0.013564040412717516,0.019413595795229527,0.3492063492063492,3.0,2025-04-10,2025-07-14
KO,0.02525418131559387,0.01029910367236079,0.006975449274670082,0.15502983991918085,0.015340323273178308,0.02215609185515406,0.44047619047619047,5.0,0.01738950600708518,0.009687484759069102,0.004278370525552703,0.06684686614880575,0.012652613397688561,0.015289327943233538,0.5079365079365079,5.0,2025-04-10,2025-07-14
LQD,0.012781167357638627,0.004770435166500299,0.003335324549503307,0.06258641798051545,0.006494511233852929,0.01122566602281617,0.47619047619047616,5.0,0.009201153969143122,0.0043833126214563615,0.0029210012600454356,0.022173321767828158,0.00603781361872181,0.008505450431929268,0.42857142857142855,4.0,2025-04-10,2025-07-14
MA,0.051106947638611795,0.012941397652189608,0.010452275615955403,0.16725375972556555,0.020493349877270767,0.03114264586292172,0.46825396825396826,8.0,0.029229090073979943,0.014720930428915625,0.013255823162802697,0.09779269662289702,0.0194675558934548,0.03594318181739928,0.36507936507936506,2.0,2025-04-10,2025-07-14
META,0.07211230708959991,0.023269130023151334,0.017760365382444018,0.31423964936904825,0.040410585291904576,0.05589755745491724,0.45634920634920634,6.0,0.03938332177432621,0.020708606541294746,0.009661132325592289,0.10837608251349606,0.023353685511334342,0.02985471586743768,0.4603174603174603,6.0,2025-04-10,2025-07-14
MRK,0.0685005799045109,0.015902784638122367,0.014389835691639376,0.403026504187565,0.023525114771080113,0.04461979989833161,0.5357142857142857,6.0,0.04375401783264037,0.018851788228964966,0.013890164391314404,0.1376760585560789,0.03225457432616802,0.04186434918781093,0.42857142857142855,4.0,2025-04-10,2025-07-14
MSFT,0.04157718560656928,0.015307750352879885,0.011136746144616771,0.2372664724001844,0.024487442546397075,0.0361995904155589,0.4642857142857143,5.0,0.026173346841230925,0.014620267864315561,0.008308998997216167,0.07550520465716659,0.01072886096957859,0.020787743756527338,0.36507936507936506,5.0,2025-04-10,2025-07-14
NFLX,0.061703693402645685,0.021039928335042465,0.014973370003539517,0.19151711655301817,0.02695384400698871,0.04595110317626508,0.4642857142857143,6.0,0.02434921726458613,0.01654722603173166,0.009420828108322014,0.0702097122168539,0.019581318820854697,0.027340363455471473,0.38095238095238093,3.0,2025-04-10,2025-07-14
NVDA,0.09916170171323532,0.03810550143018537,0.026167671285437098,0.3688103480190249,0.06369965781666834,0.08388246730100507,0.4722222222222222,5.0,0.04087355925929405,0.023102342680459863,0.016219666372735732,0.1362744177748837,0.02912289318462492,0.0431745417443139,0.36507936507936506,3.0,2025-04-10,2025-07-14
PEP,0.052522407570813036,0.012048683961400675,0.008545312342870376,0.20830789954432205,0.02252056886689255,0.02971276477344655,0.5119047619047619,10.0,0.031698300684878535,0.012985740509527402,0.009586179642604397,0.12470201029290473,0.018940353758724625,0.029467845541148924,0.5079365079365079,3.0,2025-04-10,2025-07-14
PFE,0.05254785498963051,0.015215518667377205,0.009743013260412643,0.28997067464189386,0.02398643616728838,0.03327722903901088,0.5158730158730159,8.0,0.03181085794133739,0.015399653830858754,0.01026156707785077,0.08070128051576031,0.019518860958108432,0.029678383483879106,0.4126984126984127,4.0,2025-04-10,2025-07-14
PG,0.03641277488889087,0.011276536928200812,0.009326504390733232,0.11764071205087123,0.017604210044175773,0.02911016998812921,0.4365079365079365,6.0,0.0348683348680107,0.011822724175373207,0.008025251675970716,0.09494377833459566,0.018860709732662816,0.024971388729701893,0.5396825396825397,5.0,2025-04-10,2025-07-14
QQQ,0.04127922883184725,0.015619971474705339,0.011794065380527786,0.227683019394889,0.026534541289885038,0.036122543155772485,0.42857142857142855,5.0,0.019379730331813373,0.011610125230454437,0.007690369179291021,0.05432430983441883,0.012274519352849012,0.02033793993681965,0.36507936507936506,3.0,2025-04-10,2025-07-14
SPY,0.03726002033563338,0.012306646939831885,0.00981234301768123,0.18755229084676606,0.017291242320055984,0.028775249168208377,0.42063492063492064,6.0,0.016622070542485268,0.009800222217797592,0.006760961232558492,0.046817075327976077,0.010916778498927592,0.01851543827962529,0.3492063492063492,3.0,2025-04-10,2025-07-14
T,0.040336100625788844,0.014110874711731036,0.010750402868501591,0.08569269184303252,0.018419200768918627,0.03107966257505314,0.4087301587301587,6.0,0.03561839576698083,0.01415335548051102,0.009328627462780693,0.06107952357732327,0.023422432524662463,0.027425731259616726,0.47619047619047616,5.0,2025-04-10,2025-07-14
TLT,0.027450939275963773,0.009117540225023582,0.005969576768179373,0.1464785847358221,0.015059888671380051,0.020486503483976275,0.47619047619047616,7.0,0.013728881739964829,0.008014922612254182,0.00435837515554439,0.06564332852784827,0.012566572845346468,0.0152720691137406,0.42857142857142855,4.0,2025-04-10,2025-07-14
UNH,0.06068781803440882,0.018773049674693832,0.014887343529364355,0.25903209770866675,0.02713542314560121,0.04765690107976309,0.4603174603174603,6.0,0.28950951547141324,0.044194187883332146,0.04772134870407911,0.5423457420094384,0.06282289454576379,0.14358253003058005,0.5714285714285714,8.0,2025-04-10,2025-07-14
V,0.04268965150383753,0.013397057132425515,0.011088221169827928,0.15009222811640643,0.016341927103760888,0.032414949987890025,0.42857142857142855,6.0,0.0388932836021463,0.014565760524459806,0.0140619455704409,0.09305948068440395,0.023185737077306433,0.037717757703195215,0.3492063492063492,4.0,2025-04-10,2025-07-14
VNQ,0.044045717489074605,0.011597204241028936,0.008873679347615763,0.1745481198393195,0.019655543155468254,0.02902464837070714,0.47619047619047616,8.0,0.019110261639117818,0.009097470613821778,0.007705750660934604,0.0367580653651689,0.012434348244693583,0.02106210553776261,0.3492063492063492,3.0,2025-04-10,2025-07-14
WMT,0.04001804278476474,0.015363167657280213,0.01050817856535836,0.21928022052702378,0.021425825242303232,0.03190004606559639,0.42063492063492064,6.0,0.04177212322845341,0.011675825618333767,0.006851512275566433,0.05731157661637598,0.015473303376078296,0.02202322708715812,0.5079365079365079,10.0,2025-04-10,2025-07-14
XLB,0.06949920004598498,0.011916264686607479,0.00870568926891812,0.23165824497112375,0.017908883486574524,0.027576340666119845,0.5198412698412699,14.0,0.012511058085714453,0.010429262398584842,0.003971764471655382,0.028115260208245507,0.011475170310154614,0.013461181148579332,0.42857142857142855,4.0,2025-04-10,2025-07-14
XLE,0.05611952113939477,0.015482560760815112,0.01396914487236017,0.20137287372824286,0.025282110083252724,0.040092338183001175,0.4523809523809524,6.0,0.027916539828851193,0.013085124140205913,0.007976154236814626,0.04943454042287854,0.019394435599005444,0.024470258677150664,0.42857142857142855,5.0,2025-04-10,2025-07-14
XLF,0.037176295926620896,0.012429737092635975,0.009963247308334401,0.15540274739618543,0.015112710279693886,0.029456349523301457,0.4603174603174603,5.0,0.018961958657572747,0.009940163271970797,0.006389731059473512,0.034271239972456735,0.015132839435320821,0.019483753992122377,0.38095238095238093,4.0,2025-04-10,2025-07-14
XLI,0.0418713878710404,0.012120683839346296,0.008757959614460641,0.18490713203871934,0.016321897229831517,0.027034590822352156,0.49603174603174605,7.0,0.016008399221018304,0.009235251639258332,0.005646701665262188,0.035359927472088604,0.00881780659753668,0.015461591542779957,0.36507936507936506,4.0,2025-04-10,2025-07-14
XLK,0.04488506252930751,0.01866371372621173,0.013952367320618076,0.2565631100651935,0.031173596807683144,0.04382898382155019,0.44047619047619047,4.0,0.02154592764299479,0.01335514179566043,0.008336222004730127,0.06476167782194697,0.013718172498428582,0.023342754996692833,0.38095238095238093,3.0,2025-04-10,2025-07-14
XLP,0.021893124042909023,0.008044697217583666,0.005756757716462134,0.08359146833952524,0.011656467690120553,0.01809343923428047,0.4722222222222222,5.0,0.015627207121163892,0.008148780995122935,0.004134181778085686,0.03319545777898536,0.011533899319592932,0.012669318598558299,0.5238095238095238,4.0,2025-04-10,2025-07-14
XLU,0.029019847617385512,0.010789497814489641,0.007925098947719738,0.10504523514443986,0.017028488582788215,0.024834878442204087,0.44841269841269843,5.0,0.015554969256236981,0.009539754012408396,0.006172606847713088,0.03225796221009947,0.014243563347300658,0.018413363253979298,0.36507936507936506,3.0,2025-04-10,2025-07-14
XLV,0.035228348577396054,0.008775248973428771,0.006882217060297152,0.14398958616412838,0.012517772564259688,0.020556565068689414,0.49206349206349204,8.0,0.03205735538055288,0.011773422806934743,0.00915924439444368,0.0832919012041029,0.02347342262664224,0.027109212457864795,0.42857142857142855,5.0,2025-04-10,2025-07-14
XLY,0.058023381942497815,0.015560152032280622,0.01077248162481181,0.2600741310001057,0.024725255443410754,0.03556096769004462,0.4801587301587302,9.0,0.018711379447469898,0.013557494363145094,0.0074251505743928164,0.05161074518433917,0.019971625007518277,0.024216868512193762,0.36507936507936506,3.0,2025-04-10,2025-07-14
XOM,0.06980494321568381,0.01464998181039377,0.01135715345969459,0.18918137518504607,0.023771223400431148,0.03646993029204199,0.5119047619047619,10.0,0.028823414412990436,0.01423230333577769,0.008464018518100367,0.06216621027224967,0.024264248806557143,0.02727731093122554,0.4126984126984127,5.0,2025-04-10,2025-07-14
AAPL,0.05340070564429439,0.020709966425507337,0.015850010241035585,0.33360515711604544,0.03166422073824428,0.046695916392186405,0.40476190476190477,5.0,0.037537029186904665,0.014398543683332142,0.00779156893989474,0.08293791665286532,0.018960044818368715,0.02437513389726112,0.4603174603174603,8.0,2025-05-12,2025-08-12
ABBV,0.07642915368130254,0.017359013196377143,0.01516451461930606,0.20736378370551234,0.022189317396782992,0.04265619880798542,0.48412698412698413,8.0,0.03225356755377421,0.014366872473820371,0.011704923709030963,0.056170245162906585,0.02280897163205817,0.03291094309974085,0.4126984126984127,3.0,2025-05-12,2025-08-12
AMD,0.11124269166029534,0.033207622153930826,0.022529230382729134,0.574853249455894,0.053786434606930195,0.07762809446177107,0.5119047619047619,7.0,0.04372750932233138,0.02796069442259647,0.013187661541655496,0.09130410501474473,0.02425361898541456,0.038879545596457926,0.3968253968253968,5.0,2025-05-12,2025-08-12
AMZN,0.07141122355577052,0.021678318881025067,0.014877338240785526,0.3087663843187599,0.03163564479865255,0.04796654936443038,0.5,7.0,0.049191145930600415,0.016791684486520183,0.015182452447716177,0.0959378354419348,0.01830356898709844,0.036378813611363525,0.4444444444444444,4.0,2025-05-12,2025-08-12
BA,0.07489334573893025,0.025087449598225942,0.01810192700039079,0.2864382110309198,0.033489586198221975,0.05750884313621047,0.46825396825396826,6.0,0.03900353507674483,0.01723013314951662,0.011694181592674817,0.0911682328713933,0.021099871310833074,0.03411666181901049,0.4603174603174603,4.0,2025-05-12,2025-08-12
BAC,0.06183165300275327,0.01818328059958405,0.014673448138659957,0.2750937643888287,0.022704868422377653,0.04320370457618471,0.4722222222222222,6.0,0.02635465174870437,0.012562040195480424,0.009412375624537273,0.08195384454018728,0.019029540683106572,0.029214573601777538,0.42857142857142855,3.0,2025-05-12,2025-08-12
COST,0.041594320610335286,0.013779074712971545,0.010353564654087787,0.17294722928056827,0.01931196522756058,0.03264866719878423,0.4523809523809524,6.0,0.030615340729962026,0.011383166511046003,0.007046387945784911,0.12238258101309174,0.015164286669806315,0.02198100565807043,0.5396825396825397,5.0,2025-05-12,2025-08-12
CRM,0.10339272402686071,0.02457310548461119,0.02051442937040887,0.3560191905339132,0.029465747842205604,0.05437746134597982,0.48412698412698413,8.0,0.0408367713521724,0.01494762919500578,0.010803378664595872,0.203066084561631,0.0324886119613136,0.033784114038440116,0.5238095238095238,4.0,2025-05-12,2025-08-12
CVX,0.06499833969567052,0.0158486974590827,0.013987737938170854,0.2063972510015768,0.025902473405870985,0.04195292573785879,0.44047619047619047,8.0,0.025569396067289803,0.012061262330311285,0.006696746589052091,0.04252743060075692,0.017750717794805426,0.021547268373956374,0.47619047619047616,5.0,2025-05-12,2025-08-12
DIS,0.065975447894659,0.019110548102273136,0.013909166471815563,0.3020228919047675,0.024418484471583502,0.04332281426699,0.49206349206349204,7.0,0.031027488536380245,0.011346214391229523,0.0059510394679565285,0.09337954994291098,0.016609151654734165,0.021143304804300128,0.5396825396825397,7.0,2025-05-12,2025-08-12
EEM,0.03153511380133445,0.0121606380236456,0.008388340271154962,0.17292431919723705,0.018454352418870425,0.025923326823761042,0.4642857142857143,5.0,0.011832061632153648,0.007058673204136305,0.0044604994248198275,0.03464845101331193,0.011678874655703464,0.013826791882336043,0.3968253968253968,3.0,2025-05-12,2025-08-12
EFA,0.03633119163245174,0.011055640616385308,0.008146552340609996,0.1405348398406172,0.01575169581533794,0.024060576478299674,0.45634920634920634,7.0,0.019898129444519838,0.007884192590937388,0.004680339587084639,0.04642777532879794,0.011462011337849775,0.013180026684901425,0.42857142857142855,7.0,2025-05-12,2025-08-12
GLD,0.02815770975951712,0.01116340989547705,0.007415269886164319,0.08120389771693004,0.018134092356906318,0.024155222253254983,0.42063492063492064,6.0,0.020137846456118987,0.01054425210985923,0.006037802288430737,0.048468230660742906,0.016826175163259315,0.018346051706307237,0.4603174603174603,4.0,2025-05-12,2025-08-12
GOOGL,0.05731003742021643,0.019494486109846713,0.01421853518031447,0.2980587590774303,0.03484879551914892,0.0472081585184152,0.4523809523809524,6.0,0.027994576440252224,0.015015600654674803,0.008442808767695115,0.07508399608125438,0.015738880725102454,0.02368520523716891,0.3968253968253968,5.0,2025-05-12,2025-08-12
HD,0.03931356373648439,0.014681332504737883,0.009076724672204188,0.21791628732717316,0.02260875833696913,0.03043343446500809,0.49206349206349204,6.0,0.029072040619576224,0.011315413519114869,0.007268010154894056,0.08297008310360199,0.016216879517308058,0.02277894851101439,0.49206349206349204,5.0,2025-05-12,2025-08-12
HYG,0.008587699087957635,0.0035987624101586355,0.0026800920128420237,0.04560705289672573,0.004025103994998091,0.00791930589378163,0.4365079365079365,4.0,0.0040620571731790015,0.0020406508889467094,0.0015150818085445871,0.008305082059054003,0.0030131146136669227,0.00417579725437528,0.3968253968253968,3.0,2025-05-12,2025-08-12
IEF,0.009443471934035766,0.0041854440557736045,0.002483144014527333,0.06893843931741961,0.0063161332978418135,0.008400812350463313,0.4722222222222222,5.0,0.007470749130227847,0.003616694476322409,0.0018380414526751052,0.01630902598471662,0.003905558952842658,0.005863539200184648,0.5079365079365079,5.0,2025-05-12,2025-08-12
INTC,0.149077148831553,0.03955443655751475,0.029070044022152842,0.4767706042050617,0.055335371057420236,0.08577158427135684,0.5277777777777778,7.0,0.09171576489907551,0.029158064760590397,0.01880415814729723,0.1893367038901267,0.04186687175106788,0.05931019969473192,0.5079365079365079,7.0,2025-05-12,2025-08-12
IWM,0.040066026430469616,0.015279487382583945,0.010254994860179724,0.27503085062358834,0.021713653767889595,0.03502978310367848,0.4880952380952381,5.0,0.02539427013586268,0.011301287670647793,0.007053963926628522,0.05187925252001635,0.017955175716279505,0.02157788941699984,0.4444444444444444,5.0,2025-05-12,2025-08-12
JNJ,0.03713788820451312,0.01172965839458715,0.009378254597099272,0.14446251114226283,0.017213631913178172,0.025839901417097775,0.4444444444444444,6.0,0.02286687313403672,0.012897559630778106,0.007460972715690993,0.04653095999562218,0.013847111941393143,0.021088680908259216,0.4126984126984127,4.0,2025-05-12,2025-08-12
JPM,0.05420836757547293,0.018093313832206973,0.013939855479386372,0.2442392661699614,0.024901320739514354,0.044258911148179994,0.43253968253968256,6.0,0.020377992834887476,0.010650397852581829,0.00768217983854885,0.04466224298264121,0.014984166956730716,0.021816853592586255,0.3968253968253968,3.0,2025-05-12,2025-08-12
KO,0.026037933865564983,0.010501808911516891,0.006901621024607586,0.15502983991918007,0.016101036666028017,0.02239637047324173,0.4642857142857143,5.0,0.016928914784749116,0.009353254981825236,0.0041650504629144654,0.054973112786553036,0.011584286333376626,0.013137950535216047,0.5079365079365079,5.0,2025-05-12,2025-08-12
LQD,0.012450168004146661,0.004706669469666647,0.003224147092707303,0.06258641798051479,0.0064307941254901965,0.010609189653288113,0.4801587301587302,5.0,0.007393098986713793,0.003932649120305671,0.0024774053041898073,0.015365044744978462,0.005990729769743785,0.0073108278979368835,0.3968253968253968,4.0,2025-05-12,2025-08-12
MA,0.04968210642101823,0.013227104357895512,0.010615834705345776,0.16725375972556544,0.020128766288783895,0.03114264586292172,0.4444444444444444,8.0,0.02971113917427504,0.01381155202510133,0.012463856569707218,0.09779269662289691,0.019323600875890024,0.03594318181739928,0.4126984126984127,2.0,2025-05-12,2025-08-12
META,0.06937625243684882,0.0232545574885086,0.015662633352276627,0.3415080754011868,0.03702725009299683,0.05053810943638264,0.45634920634920634,7.0,0.024789525501680745,0.020838619469079236,0.007869690635454205,0.058096085158094835,0.023058293656047623,0.025975876541763893,0.49206349206349204,3.0,2025-05-12,2025-08-12
MRK,0.07025594022813264,0.01697288520497355,0.014758582155855461,0.41518925131928885,0.024830340246723166,0.04630655571804688,0.5357142857142857,6.0,0.0395564179595608,0.017052296944938195,0.012906415030897263,0.07779467818732388,0.03236214862522526,0.04149740407922051,0.4126984126984127,4.0,2025-05-12,2025-08-12
MSFT,0.04160441633720138,0.016179599646183748,0.011391685425662282,0.23726647240018361,0.024013122071655124,0.0365436572834371,0.4523809523809524,5.0,0.01266023891484859,0.009518927051676252,0.004772709114724667,0.027630530406989373,0.010727114644321934,0.013832320659732583,0.3968253968253968,3.0,2025-05-12,2025-08-12
NFLX,0.05235324173982163,0.020408983533192523,0.013083570011038362,0.19151711655301795,0.026287674648797783,0.040036039931953184,0.44841269841269843,6.0,0.03693547675284551,0.01589827714886656,0.012458394936475667,0.1428240172595595,0.028424726460652614,0.03730877308533753,0.4603174603174603,3.0,2025-05-12,2025-08-12
NVDA,0.09825485812940643,0.037511170350704975,0.025928365339704475,0.36881034801902446,0.06369965781666834,0.0814725156213424,0.4722222222222222,5.0,0.021940669591150375,0.018107762878288847,0.008706614917123164,0.034508777725041795,0.02308805304759467,0.026892002641115048,0.36507936507936506,3.0,2025-05-12,2025-08-12
PEP,0.0560571988303881,0.01236194807317988,0.00912041727002346,0.26394634420189167,0.022919523099491707,0.03149868847975455,0.5119047619047619,10.0,0.027248606306590494,0.015397978855292623,0.007324894168438305,0.05560110237451432,0.01507794155935489,0.022239886558927918,0.5079365079365079,4.0,2025-05-12,2025-08-12
PFE,0.05231513038149695,0.015164642797333908,0.009780027438772031,0.2899706746418944,0.02398643616728838,0.033510143805178014,0.5119047619047619,8.0,0.043740318796328066,0.015833363969964293,0.010272347596107347,0.08099792624226498,0.021696366360615615,0.030332153347609553,0.4603174603174603,6.0,2025-05-12,2025-08-12
PG,0.038363080199092056,0.011933715651841932,0.009618449039815648,0.11764071205087123,0.02092221825030084,0.030778458462903877,0.44841269841269843,6.0,0.028805129851749246,0.009864906470238811,0.006629752108735937,0.1082522705145007,0.017620684425092202,0.020379823587415552,0.5396825396825397,5.0,2025-05-12,2025-08-12
QQQ,0.042003644339029485,0.016006745189335588,0.012167722368052192,0.227683019394889,0.02711218634346798,0.036381485842277815,0.42063492063492064,5.0,0.01191341374839014,0.007932687345867469,0.004845733766706306,0.025099452720975024,0.009702315950249073,0.013975490258008677,0.3492063492063492,3.0,2025-05-12,2025-08-12
SPY,0.030478029392197573,0.012752828380976322,0.010145904846168062,0.1875522908467665,0.018141443531693634,0.0296028831509302,0.4007936507936508,4.0,0.01565148169265013,0.006706103786198997,0.0045960700208575785,0.026460522213468285,0.008435963798715407,0.013241757415837302,0.4126984126984127,5.0,2025-05-12,2025-08-12
T,0.04258344095469907,0.01461514674596473,0.011349365424216985,0.08569269184303241,0.020584174561316813,0.03351137507057684,0.4087301587301587,6.0,0.02420605563193895,0.011388159649499333,0.006531792789570828,0.059806903347186524,0.01919171292415467,0.021365744781108142,0.4603174603174603,5.0,2025-05-12,2025-08-12
TLT,0.026665998278061886,0.009092000766579957,0.005887413298443279,0.14647858473582276,0.014631782172087127,0.020115273901458893,0.46825396825396826,7.0,0.01336687139083221,0.007495573995736529,0.004007703944341226,0.03551133722769895,0.010033633867167236,0.013421596680495224,0.4603174603174603,4.0,2025-05-12,2025-08-12
UNH,0.10434990391428998,0.023565604099678273,0.024468772562874636,0.38932021786530235,0.030766720991085912,0.06534981414793185,0.48412698412698413,6.0,0.1356251584659049,0.03783073977236762,0.037075660603554245,0.2709573041076486,0.06153499749494572,0.10592899095208869,0.5079365079365079,4.0,2025-05-12,2025-08-12
V,0.04305559715483957,0.013758050016573063,0.011338595210329323,0.15009222811640655,0.017726945386351757,0.033329837036875386,0.42063492063492064,6.0,0.04575783156882388,0.013576407760708212,0.012710508769117746,0.11041763040755659,0.02249926012528336,0.03613394796376418,0.4444444444444444,5.0,2025-05-12,2025-08-12
VNQ,0.04144090605783301,0.011339919427503188,0.008475398980081842,0.17454811983931995,0.019655543155468254,0.027442572066008062,0.46825396825396826,8.0,0.01944051079597914,0.009120885076470438,0.007055024079185978,0.038787470228086485,0.014667371556265052,0.020357425039721072,0.4126984126984127,3.0,2025-05-12,2025-08-12
WMT,0.039845039846701714,0.015649078190289163,0.01067922111066978,0.21928022052702356,0.022043974381705984,0.03252341235486405,0.4087301587301587,6.0,0.037364805392449865,0.010281588949563677,0.005733224107836222,0.05731157661637587,0.014006573895908347,0.018129312438257383,0.5396825396825397,10.0,2025-05-12,2025-08-12
XLB,0.06777300035627856,0.012289890017028765,0.008632140045378638,0.23165824497112375,0.01648234968522693,0.027487324711854683,0.5119047619047619,14.0,0.01964624443933827,0.009681426067645072,0.005457290122038408,0.06116719682664418,0.013613715531722748,0.017220492995962317,0.4444444444444444,5.0,2025-05-12,2025-08-12
XLE,0.055448851299416714,0.01588195817302296,0.014202267107714958,0.20137287372824175,0.025925504879331023,0.039902123713288724,0.4365079365079365,6.0,0.023529562642534068,0.011169784296777103,0.0057890193803060005,0.05475150952489716,0.01802155460633642,0.02044745309059312,0.5079365079365079,5.0,2025-05-12,2025-08-12
XLF,0.03684627936664039,0.012777678397529638,0.010169573105192746,0.15540274739618487,0.015875490793643275,0.02992616552953835,0.4444444444444444,5.0,0.022345734653733754,0.008377365230936457,0.00594684873849366,0.03873501454397177,0.01653036334759702,0.01912311758658583,0.4603174603174603,5.0,2025-05-12,2025-08-12
XLI,0.041195534429920085,0.012549127682090802,0.008991088863673034,0.18490713203872,0.01708851755003602,0.027461961792680047,0.47619047619047616,7.0,0.013817155702277553,0.007200688886153892,0.004142709822552352,0.03387327615013469,0.008782567487739446,0.01301302456169659,0.4603174603174603,4.0,2025-05-12,2025-08-12
XLK,0.04523892956088879,0.0191077441477412,0.014361564939964695,0.2565631100651936,0.032167579988306445,0.04403263545798046,0.42857142857142855,4.0,0.013910482466884339,0.009262848177239014,0.005520032724954103,0.03439902796474292,0.010854892337891765,0.016353954215609895,0.36507936507936506,3.0,2025-05-12,2025-08-12
XLP,0.02230321968177731,0.008305760740351043,0.0057313054560742495,0.08359146833952513,0.011656467690120553,0.01809343923428047,0.48412698412698413,5.0,0.015025666735799581,0.007264471276301625,0.004372548520999878,0.030800187391856637,0.011490898203454503,0.012669318598558299,0.47619047619047616,4.0,2025-05-12,2025-08-12
XLU,0.029553438827134522,0.010821264508329577,0.00801147438084972,0.10504523514443975,0.018667782186782524,0.02533681526067749,0.4523809523809524,5.0,0.012747717169121767,0.008850884974869726,0.00505861792425467,0.03225796221009969,0.013898670009728897,0.015988182351273278,0.36507936507936506,3.0,2025-05-12,2025-08-12
XLV,0.037390690011064084,0.00953444635910965,0.007418787700607953,0.14662872828468398,0.01358807907762442,0.02326058038833576,0.48412698412698413,8.0,0.03127171185598226,0.010982288143685709,0.008190210247995353,0.05632373983932659,0.02264583880369836,0.026193235940233817,0.47619047619047616,5.0,2025-05-12,2025-08-12
XLY,0.05710950981054194,0.016057787035641986,0.011007501890920783,0.2600741310001059,0.025101550558951115,0.03569485472601897,0.4603174603174603,9.0,0.02003629866764755,0.010664223659823837,0.006890790547074554,0.04617084628740176,0.017172505075472643,0.021714225616562693,0.38095238095238093,4.0,2025-05-12,2025-08-12
XOM,0.06860847417734056,0.015096238719815,0.011525497646193454,0.18918137518504619,0.02443321885053668,0.03655726560862655,0.49603174603174605,10.0,0.038617710642440066,0.013030468575541547,0.00817306045342647,0.0831673123198311,0.020425169280115528,0.027944108303264215,0.49206349206349204,7.0,2025-05-12,2025-08-12
AAPL,0.0723170650604216,0.020875300929249798,0.01551392753364852,0.33360515711604555,0.03166422073824428,0.046695916392186405,0.44047619047619047,8.0,0.03184562705897317,0.014652464442375326,0.0078120585858952925,0.056063378299955,0.01665597015432274,0.023463858184408104,0.4603174603174603,6.0,2025-06-11,2025-09-11
ABBV,0.07812335561638055,0.017591111669700708,0.015858373469137075,0.20736378370551256,0.023704927068598586,0.045164399800039105,0.4722222222222222,8.0,0.02280282056143149,0.01287216109953955,0.007815482853716438,0.05254141795715772,0.017990298407919936,0.023463397991895674,0.4444444444444444,3.0,2025-06-11,2025-09-11
AMD,0.11188151013570544,0.03337066630753898,0.022287153413487137,0.5748532494558937,0.053786434606930195,0.07762809446177107,0.5198412698412699,7.0,0.07127669102474259,0.029675854508970458,0.01799916440018752,0.18045764618655646,0.04025248309753169,0.05631766687994044,0.4444444444444444,6.0,2025-06-11,2025-09-11
AMZN,0.06952632061224394,0.021830760345073186,0.01494448029033021,0.30876638431876036,0.03163564479865255,0.04796654936443038,0.48412698412698413,7.0,0.05024707495043696,0.01817929671712613,0.015508356466184247,0.0959378354419349,0.01830356898709844,0.03817749090319525,0.4444444444444444,4.0,2025-06-11,2025-09-11
BA,0.06639132251337714,0.024508409101871898,0.01725647470089763,0.28336835276013495,0.032640546351658015,0.05423382017794819,0.4801587301587302,5.0,0.03933114605488444,0.01781723611762421,0.012486078112661728,0.07325806315588101,0.03103477532560216,0.039142947246262244,0.49206349206349204,3.0,2025-06-11,2025-09-11
BAC,0.06291580816654276,0.018153693558821245,0.014815880345899993,0.2750937643888287,0.02363607136252579,0.043874743708224744,0.47619047619047616,6.0,0.02224778929068981,0.012231894809974086,0.008298066570116159,0.08195384454018695,0.01596390006373243,0.02519389937059377,0.3968253968253968,3.0,2025-06-11,2025-09-11
COST,0.04422334435980046,0.014132177931632855,0.010449599767557466,0.17294722928056838,0.02020371778524868,0.034087420663548834,0.4801587301587302,6.0,0.02691156366362507,0.010080772290351444,0.006407515158005969,0.07662672676471582,0.016704308753525753,0.0207551657115235,0.5238095238095238,5.0,2025-06-11,2025-09-11
CRM,0.06245482182658954,0.020741223942637804,0.012296507960363325,0.35601919053391373,0.031059292762831682,0.04225978827937982,0.4880952380952381,8.0,0.04382681552931871,0.01729086690430588,0.012753835206944598,0.15344434841869015,0.0324886119613136,0.037996149571918686,0.47619047619047616,4.0,2025-06-11,2025-09-11
CVX,0.06423101982444174,0.01580739895057924,0.014018674961683714,0.20639725100157646,0.024532144083889394,0.04163361057257272,0.43253968253968256,8.0,0.024857414458498463,0.012202872192093019,0.007891242685237608,0.05048502394248311,0.02249423184431053,0.02373911616074878,0.42857142857142855,4.0,2025-06-11,2025-09-11
DIS,0.06519980837424408,0.01912749624780058,0.01385387694539051,0.30202289190476717,0.023993480729509103,0.043312847140648196,0.4880952380952381,7.0,0.03307791316045971,0.01097354265036152,0.005688000940290689,0.09337954994291064,0.013858514891127627,0.020391485966759826,0.5873015873015873,7.0,2025-06-11,2025-09-11
EEM,0.03151542747558261,0.012029327489654745,0.008509165418407304,0.1729243191972366,0.018454352418870425,0.025923326823761042,0.45634920634920634,5.0,0.011805634906740303,0.007894668211436378,0.004216298180978679,0.03464845101331204,0.01186570827819987,0.013857884924352443,0.42857142857142855,3.0,2025-06-11,2025-09-11
EFA,0.03619130054059068,0.011019735612430326,0.008143042621632903,0.14053483984061732,0.01544582978321985,0.024054742899434264,0.45634920634920634,7.0,0.020494800402367376,0.008012940851959019,0.004682951704842009,0.04642777532879805,0.012123964728207471,0.01359545068909232,0.4444444444444444,7.0,2025-06-11,2025-09-11
GLD,0.026313320635937113,0.011115761511743734,0.006929554135726584,0.0812038977169296,0.016231720290269584,0.022764681360099032,0.42063492063492064,6.0,0.017683994849331315,0.008844077443644517,0.005458023101645467,0.04846823066074346,0.014363140632567727,0.016372826530543616,0.4444444444444444,4.0,2025-06-11,2025-09-11
GOOGL,0.058274784574442504,0.01991011378984323,0.014141291439651022,0.29805875907743007,0.03484879551914892,0.0472081585184152,0.4642857142857143,6.0,0.024202302935199736,0.017340209634465142,0.008323543337502555,0.06550885518411309,0.014896138526616708,0.02307742186790765,0.38095238095238093,4.0,2025-06-11,2025-09-11
HD,0.04003174454791061,0.01442931805642199,0.009061876255865312,0.21791628732717372,0.02260875833696913,0.03043343446500809,0.5,6.0,0.024147018714464882,0.01318125929057865,0.007239846880880123,0.044415801087178686,0.013897700904036669,0.02129595687953814,0.4603174603174603,4.0,2025-06-11,2025-09-11
HYG,0.008743317350667494,0.003580642116360552,0.002748010322697618,0.04560705289672573,0.004138349776519168,0.008123159269004917,0.43253968253968256,4.0,0.002692496667207454,0.0019927405157877396,0.0009073076200972295,0.006469934539642064,0.0025560923615420283,0.002994072162653849,0.38095238095238093,4.0,2025-06-11,2025-09-11
IEF,0.00932183818502334,0.004146659021200614,0.0024511606382929896,0.06893843931741983,0.006518417222467065,0.008246084685661835,0.4722222222222222,5.0,0.004734614817110731,0.003209214709245381,0.0012400181663861439,0.01630902598471662,0.0035678523586611275,0.003961117746595799,0.47619047619047616,5.0,2025-06-11,2025-09-11
INTC,0.1528402590939417,0.04008291973792951,0.029039649227848918,0.4767706042050607,0.05811220354455615,0.08635871688043717,0.5396825396825397,7.0,0.09497161304329073,0.03044406231879993,0.019471693150410137,0.18933670389012625,0.03664157779506379,0.058578371076730945,0.5079365079365079,7.0,2025-06-11,2025-09-11
IWM,0.0403271842425925,0.015339785008087031,0.010481867332896065,0.27503085062358823,0.0234241097360041,0.03549629591626898,0.4801587301587302,5.0,0.021653397073232244,0.01164176121326026,0.005842980162618225,0.05187925252001624,0.014896134051952647,0.018313286845499627,0.4603174603174603,5.0,2025-06-11,2025-09-11
JNJ,0.038039206626282455,0.011831731886458648,0.009468633684031346,0.14446251114226194,0.016700287078942215,0.026648245926845362,0.4523809523809524,6.0,0.014890536569160598,0.011469799216208864,0.004727154466400189,0.04653095999562207,0.011862543239386769,0.01442217432373366,0.42857142857142855,4.0,2025-06-11,2025-09-11
JPM,0.052528576426282086,0.017784402391354745,0.013698143798233647,0.24423926616996094,0.02319949921559682,0.042626844878576826,0.4246031746031746,6.0,0.023595002862936663,0.011543164384699134,0.008660864146117624,0.04466224298264121,0.014984166956730716,0.025218436735791355,0.4126984126984127,3.0,2025-06-11,2025-09-11
KO,0.025751736786537874,0.010697738907812497,0.006849961985219075,0.15502983991917973,0.016101036666028017,0.02239637047324173,0.4642857142857143,5.0,0.022177059572424402,0.008677363495490182,0.004576218641928844,0.059947111929325114,0.012736872317854253,0.014600565095618995,0.5873015873015873,5.0,2025-06-11,2025-09-11
LQD,0.012329800409223511,0.00473414062844808,0.0032666602677823247,0.06258641798051534,0.0064307941254901965,0.010774532483127252,0.46825396825396826,5.0,0.0051271841035236505,0.003561342373850844,0.0016728907568816143,0.01536504474497824,0.0038183313116366578,0.005462613012695294,0.4126984126984127,4.0,2025-06-11,2025-09-11
MA,0.04149375806209717,0.013368658319089434,0.010702755055699668,0.16725375972556566,0.020314790971684482,0.03114264586292172,0.43253968253968256,6.0,0.041122371741381475,0.013574362329165172,0.012329458899532363,0.09555742387190647,0.01865981832329485,0.03575879777501173,0.4603174603174603,4.0,2025-06-11,2025-09-11
META,0.06814356169215592,0.023313849406308474,0.01572369700400012,0.34150807540118666,0.03702725009299683,0.05053810943638264,0.4444444444444444,7.0,0.03152912545675795,0.020264208716413084,0.008063003864603003,0.0694810906574963,0.02254112533350988,0.025792802650027313,0.5396825396825397,4.0,2025-06-11,2025-09-11
MRK,0.07062630435641382,0.017522323842199206,0.01522008369868389,0.43443398495164987,0.025894351328533453,0.04916343635698902,0.5238095238095238,6.0,0.031983570783725865,0.015221258442635653,0.010153514534516149,0.0777946781873241,0.023133801114308284,0.031695135490029,0.42857142857142855,4.0,2025-06-11,2025-09-11
MSFT,0.04044180581214463,0.01604026394109114,0.01123383494781795,0.23726647240018528,0.023584243612164733,0.0357624372724331,0.4444444444444444,5.0,0.022663104107076462,0.010108269140234731,0.005935574885186692,0.07435272050425601,0.014674712766687869,0.018556740535976973,0.47619047619047616,5.0,2025-06-11,2025-09-11
NFLX,0.05157072814974432,0.02040508740858504,0.013261578046475356,0.19151711655301806,0.026287674648797783,0.040036039931953184,0.43253968253968256,6.0,0.04599037201009034,0.016309487177555395,0.012977882754170113,0.14282401725955962,0.03352528708042357,0.03885298683517152,0.49206349206349204,4.0,2025-06-11,2025-09-11
NVDA,0.09800868434804573,0.03678732185917605,0.025863402814067623,0.36881034801902524,0.06369965781666834,0.0814725156213424,0.4722222222222222,5.0,0.03792399310284626,0.017079768223813574,0.010835426600813217,0.08811964113871729,0.026865459579726737,0.031240047867760884,0.42857142857142855,5.0,2025-06-11,2025-09-11
PEP,0.05585076635566273,0.012288296183288252,0.009086831034056237,0.26657463548767624,0.02252056886689255,0.031243732069605887,0.5119047619047619,10.0,0.027682251883235545,0.015944471441086034,0.007937563264010192,0.05956711717359675,0.016032279806394302,0.026450594622022844,0.47619047619047616,4.0,2025-06-11,2025-09-11
PFE,0.0482283360479226,0.015132688977350154,0.009886808889824135,0.2899706746418942,0.023331001824093176,0.03387101856175793,0.503968253968254,7.0,0.04109307478892653,0.014666299819464807,0.009186231323903098,0.0809979262422651,0.02167201702705509,0.028188887402059465,0.49206349206349204,6.0,2025-06-11,2025-09-11
PG,0.038336001507270075,0.012057249576960262,0.009611659829564466,0.11764071205087112,0.02092221825030084,0.030778458462903877,0.44841269841269843,6.0,0.026448848349987536,0.009276298598150311,0.00671716783491747,0.07158329945275832,0.016223792148334838,0.019699839370717426,0.49206349206349204,5.0,2025-06-11,2025-09-11
QQQ,0.041213611439430926,0.016058179725725704,0.01210240970840432,0.22768301939488922,0.02711218634346798,0.036381485842277815,0.4126984126984127,5.0,0.01735090354332937,0.007544295329007548,0.0048822888758286095,0.029396689914287566,0.011393089616491436,0.014349188250237593,0.38095238095238093,6.0,2025-06-11,2025-09-11
SPY,0.030620460934492232,0.012833889453336753,0.0101258138010887,0.18755229084676683,0.018141443531693634,0.0296028831509302,0.40476190476190477,4.0,0.013167954683413514,0.006080130915704001,0.0037622727666895756,0.02414062850483245,0.007447882122216099,0.010892009973157285,0.42857142857142855,5.0,2025-06-11,2025-09-11
T,0.04275041081198464,0.014674476113705134,0.011393866335432197,0.08569269184303241,0.021402875612296157,0.03351925536629108,0.4087301587301587,6.0,0.022355804075561606,0.010667928180397752,0.006899939529494322,0.059806903347186635,0.01919171292415467,0.022336872204233638,0.4444444444444444,4.0,2025-06-11,2025-09-11
TLT,0.026370904706624173,0.009022833951210653,0.0058222614973124425,0.1478715132016254,0.01460387154058198,0.020018690204415046,0.46825396825396826,7.0,0.011036052660683351,0.007194257447803254,0.0032115497160718743,0.035511337227698836,0.009333311250611376,0.010762927931763117,0.47619047619047616,4.0,2025-06-11,2025-09-11
UNH,0.15091237911432598,0.0278993186934866,0.029942932363953567,0.5576501407605627,0.0375319095904837,0.08383896916590522,0.48412698412698413,8.0,0.05873034968171631,0.029973275291616492,0.019227197812466647,0.2709573041076484,0.047584416491741374,0.060287714885743554,0.47619047619047616,3.0,2025-06-11,2025-09-11
V,0.042974682808202325,0.013854479402728506,0.011627349244643485,0.1500922281164061,0.020037548468632975,0.03357931599397097,0.40476190476190477,6.0,0.05133136493271679,0.013588189722261581,0.012221753555408759,0.10584271676621937,0.022318690326647805,0.03589869829148626,0.5238095238095238,5.0,2025-06-11,2025-09-11
VNQ,0.04130976023660374,0.011326180651854612,0.008608837560800043,0.17454811983932061,0.019655543155468254,0.027833847231477218,0.45634920634920634,8.0,0.01678641159114462,0.008947911642634032,0.005995146996837364,0.038787470228086596,0.014667371556265052,0.017849783026354954,0.42857142857142855,3.0,2025-06-11,2025-09-11
WMT,0.04049076848142268,0.015138105114508374,0.010485657176464042,0.21928022052702367,0.022043974381705984,0.03252341235486405,0.42857142857142855,6.0,0.03295489588079653,0.01242739979738258,0.009880656613289964,0.07366162406316035,0.01996613887205929,0.028304140771236386,0.4603174603174603,4.0,2025-06-11,2025-09-11
XLB,0.06774261246283679,0.012313943476558922,0.008664917928775518,0.2316582449711242,0.01648234968522693,0.027487324711854683,0.5119047619047619,14.0,0.01788620303163453,0.010034844555249039,0.005277895976547895,0.061167196826643955,0.01431687616043128,0.017883080085555753,0.3968253968253968,5.0,2025-06-11,2025-09-11
XLE,0.05473132643395378,0.01588373727764419,0.014215928943884097,0.20137287372824253,0.025282110083252724,0.039871952396579605,0.42857142857142855,6.0,0.021099023783150938,0.010675259101415521,0.006428017998451002,0.054751509524897046,0.018159055554568315,0.021399664625901538,0.4444444444444444,4.0,2025-06-11,2025-09-11
XLF,0.03712972109592468,0.01277075698684547,0.010206975121987262,0.15540274739618498,0.016318582476090398,0.030257452125663213,0.44841269841269843,5.0,0.02055063919688004,0.008526334541532397,0.005966314605545817,0.03873501454397177,0.01653036334759702,0.01858841311556389,0.4126984126984127,5.0,2025-06-11,2025-09-11
XLI,0.04150068782977275,0.01252632551317462,0.009057689804117069,0.18490713203872,0.017107095672645494,0.027461961792680047,0.47619047619047616,7.0,0.011165789580390021,0.007285938786859757,0.0036554668269133993,0.0338732761501348,0.009504046660423527,0.011463463944925562,0.47619047619047616,3.0,2025-06-11,2025-09-11
XLK,0.04540499838207775,0.019111487361391684,0.014314185997877246,0.2565631100651933,0.032167579988306445,0.04403263545798046,0.43253968253968256,4.0,0.013745790381023233,0.008971156260373587,0.005454678722628267,0.03503398853098838,0.013624729968448246,0.01710129320812498,0.36507936507936506,3.0,2025-06-11,2025-09-11
XLP,0.022298625652014223,0.008376786509286747,0.005774544491557468,0.08359146833952547,0.01166983771859903,0.018218782915334502,0.4801587301587302,5.0,0.016453975352809975,0.0067953572918065175,0.004645475737132142,0.039413583285297316,0.010277448327377526,0.013251743515455772,0.47619047619047616,4.0,2025-06-11,2025-09-11
XLU,0.029117116909453067,0.010827122223013647,0.00815279273464686,0.10504523514443986,0.019383397826005493,0.02533681526067749,0.4365079365079365,5.0,0.014811136459229362,0.007713485132428046,0.003526461061721277,0.053824955400693986,0.010644251329250353,0.011482977081802959,0.42857142857142855,7.0,2025-06-11,2025-09-11
XLV,0.040190020436042154,0.009995141444335089,0.007912870323946029,0.17108998323496616,0.014742097280000836,0.025990808802639008,0.4880952380952381,8.0,0.023722918601568593,0.009606054267102681,0.0062131453480298695,0.056323739839326814,0.014942898381529068,0.019385233202945967,0.47619047619047616,5.0,2025-06-11,2025-09-11
XLY,0.05737816871206565,0.01629771284814722,0.011059284218878867,0.2600741310001068,0.02524799185400835,0.03569485472601897,0.4603174603174603,9.0,0.018266581409893668,0.010135530014986838,0.006121076662927331,0.046170846287401646,0.014147535521449862,0.018054520981827943,0.3968253968253968,4.0,2025-06-11,2025-09-11
XOM,0.06727291985153568,0.0149925598670957,0.011479109339746168,0.18918137518504474,0.024240595465072467,0.03655726560862655,0.4880952380952381,10.0,0.040536541279082,0.012939276843948437,0.009919656265383823,0.08316731231983121,0.025649786220861136,0.02981875427246325,0.4126984126984127,7.0,2025-06-11,2025-09-11
AAPL,0.07274789956751042,0.02013472938674651,0.015494879006870898,0.33360515711604555,0.03166422073824428,0.046695916392186405,0.4444444444444444,8.0,0.03847570100881872,0.01602493069784594,0.008883278732194796,0.056063378299955,0.019318871561969354,0.02787992748885068,0.49206349206349204,6.0,2025-07-14,2025-10-10
ABBV,0.07937307417020815,0.017661488780428374,0.01586976910301781,0.20736378370551223,0.02392557944674903,0.04534979856554484,0.4801587301587302,8.0,0.022292427621897096,0.014761723369522224,0.007640549789763118,0.05806530359050899,0.015761418481659274,0.022396019860763727,0.4444444444444444,3.0,2025-07-14,2025-10-10
AMD,0.10822023451438519,0.03374894403842028,0.022366946617556463,0.5701330216830127,0.053786434606930195,0.07762809446177107,0.503968253968254,7.0,0.08469543970522912,0.04270372042870019,0.020776659090748845,0.18045764618655635,0.05253025598346104,0.06542853076628793,0.4603174603174603,6.0,2025-07-14,2025-10-10
AMZN,0.07020216566579311,0.021735171150685437,0.014857601199109654,0.3087663843187597,0.03163564479865255,0.04796654936443038,0.49206349206349204,7.0,0.05514706510826225,0.018835647869258683,0.01702069910748835,0.0959378354419349,0.029202205133730397,0.04905589969122415,0.4444444444444444,4.0,2025-07-14,2025-10-10
BA,0.06689099917041368,0.024928663603947826,0.01765179144774805,0.28336835276013483,0.033489586198221975,0.05538313393170238,0.4722222222222222,5.0,0.06458448075213753,0.01591144280162539,0.011532942991453134,0.11226728708018074,0.03113480922348556,0.0375095045420879,0.5714285714285714,7.0,2025-07-14,2025-10-10
BAC,0.06265659529245826,0.01814831652315306,0.01492366178784006,0.2750937643888286,0.02420916513462844,0.04443067467645927,0.4722222222222222,6.0,0.02836053287408471,0.011676598737937008,0.0076712916790557,0.07285868393885697,0.017489132469088686,0.02353503661549572,0.4444444444444444,5.0,2025-07-14,2025-10-10
COST,0.04434648460582217,0.014093812714666261,0.010318716656116628,0.17294722928056827,0.02020371778524868,0.034087420663548834,0.4880952380952381,6.0,0.03162959204759228,0.01088181934417338,0.007397243301453032,0.0840866017074029,0.017609588208955695,0.023792548913135814,0.5238095238095238,5.0,2025-07-14,2025-10-10
CRM,0.06247162700606691,0.02051542645732675,0.012204469256374488,0.35601919053391384,0.03238750001743337,0.04225978827937982,0.49206349206349204,8.0,0.04159227451701107,0.017386388814296456,0.01283712176450959,0.142793893866499,0.03299855067793178,0.03811912287297056,0.4444444444444444,4.0,2025-07-14,2025-10-10
CVX,0.06438632179966097,0.016051301205647912,0.014150839955969443,0.2063972510015768,0.024532144083889394,0.04163361057257272,0.42857142857142855,8.0,0.027757838774790346,0.010908302971674408,0.007269910155302233,0.07989880062174082,0.02169485389695406,0.024074908380542104,0.47619047619047616,5.0,2025-07-14,2025-10-10
DIS,0.06279339397210741,0.01910548099397529,0.013759508639306407,0.3020228919047674,0.023329076378698844,0.0429670927049555,0.4722222222222222,7.0,0.038909407474821196,0.010619353023372009,0.005661421722526894,0.11184319001983756,0.015949619120395876,0.020970253284084334,0.6507936507936508,7.0,2025-07-14,2025-10-10
EEM,0.03172157169761596,0.01221966841328846,0.008467511170279959,0.17292431919723628,0.018454352418870425,0.025923326823761042,0.4642857142857143,5.0,0.019562659994061097,0.008258979205080138,0.006792590275715658,0.04679763381186486,0.008117145528923963,0.016904127709581718,0.4444444444444444,3.0,2025-07-14,2025-10-10
EFA,0.0363526698067591,0.011023005011486354,0.008151368397097925,0.1405348398406172,0.01544582978321985,0.024054742899434264,0.45634920634920634,7.0,0.021197395176548645,0.007733086552987592,0.004626415613929268,0.046427775328797716,0.010709900747372303,0.014607478099706389,0.47619047619047616,7.0,2025-07-14,2025-10-10
GLD,0.026891304823094174,0.011167996881642526,0.00698475449950498,0.08120389771693004,0.017394057032083774,0.02285503339482407,0.42857142857142855,6.0,0.014790154817043268,0.008985931955982896,0.005086561180464615,0.04789628078488395,0.012086062272805898,0.015625556895810022,0.38095238095238093,4.0,2025-07-14,2025-10-10
GOOGL,0.05924960820077487,0.020110876063996082,0.014055955585479007,0.29805875907743007,0.03633843637533872,0.04740960046410003,0.47619047619047616,6.0,0.01985876038166044,0.01710780840667216,0.006304368375130298,0.07125465066757541,0.01760815430947571,0.02017579107061576,0.42857142857142855,4.0,2025-07-14,2025-10-10
HD,0.03896807743838404,0.01415378018629214,0.008750528073813147,0.21791628732717383,0.022234711608325585,0.029400405122043536,0.503968253968254,6.0,0.03007005189675784,0.01289344747870931,0.006443582549305252,0.11258329142744472,0.015755097745006295,0.020973991696838862,0.5714285714285714,5.0,2025-07-14,2025-10-10
HYG,0.00870950807927145,0.0035786676165200314,0.002737384124073807,0.0456070528967254,0.004138349776519168,0.008123159269004917,0.43253968253968256,4.0,0.003915386159648604,0.0020245610405586444,0.0011767554031730776,0.012475175880200418,0.002811288240076826,0.003631691700402173,0.4444444444444444,4.0,2025-07-14,2025-10-10
IEF,0.00936212372908794,0.004065310430469555,0.002387155054428797,0.06893843931741928,0.0063161332978418135,0.008162641828632603,0.4880952380952381,5.0,0.003990624408361734,0.00302228089800471,0.0011261021258163622,0.010693120414150936,0.0032931957542972957,0.0035676578194385744,0.49206349206349204,4.0,2025-07-14,2025-10-10
INTC,0.15254935717205234,0.04063347358380099,0.028730128934069857,0.476770604205061,0.05811220354455615,0.08635871688043717,0.5436507936507936,7.0,0.0945079292204112,0.04339548372052978,0.019376625699952032,0.1779480777311564,0.03664157779506379,0.05742334059912779,0.5079365079365079,7.0,2025-07-14,2025-10-10
IWM,0.0395213168176387,0.015500140227894803,0.010507651693578543,0.275030850623588,0.0234241097360041,0.03549629591626898,0.46825396825396826,5.0,0.025603574467400938,0.011761363290309402,0.006502495102831984,0.05187925252001613,0.01371587874508411,0.020926402867589622,0.49206349206349204,5.0,2025-07-14,2025-10-10
JNJ,0.03817766540525602,0.011900397343964284,0.009503098531611347,0.14446251114226172,0.01706933139107144,0.02674441884794839,0.4523809523809524,6.0,0.014200799870288824,0.011496655600118762,0.004633417947096001,0.028426537379657613,0.011206486046347964,0.01395477430402503,0.4126984126984127,4.0,2025-07-14,2025-10-10
JPM,0.0522580849157641,0.017862319019382202,0.013816878662987248,0.2442392661699615,0.02319949921559682,0.04302488748965119,0.4166666666666667,6.0,0.023872031323539693,0.009924067227055538,0.007367910902327066,0.043368772031922576,0.015119035314479213,0.021146141475599567,0.4444444444444444,4.0,2025-07-14,2025-10-10
KO,0.025540911737372735,0.010800457907428394,0.006742800698666402,0.15502983991918096,0.016101036666028017,0.02239637047324173,0.46825396825396826,5.0,0.019118221708302963,0.008384331484133674,0.004551957549595944,0.06468356808265918,0.0123881237201108,0.014537316276317297,0.5714285714285714,4.0,2025-07-14,2025-10-10
LQD,0.012415904314390741,0.0046928613257127385,0.0032647397798796374,0.06258641798051456,0.006264364398617356,0.010774532483127252,0.4722222222222222,5.0,0.003976858785792488,0.0031933101301331594,0.0010731206247376554,0.011570002125405598,0.003627654785142076,0.003807259029808524,0.4603174603174603,5.0,2025-07-14,2025-10-10
MA,0.04601483922993163,0.014264982267242066,0.011951906293488733,0.16725375972556555,0.02088888612906247,0.03551919346849442,0.42857142857142855,6.0,0.022075583123523344,0.0097062325650179,0.006618781536153383,0.06802461746816457,0.01866864589575352,0.02109080668933394,0.4603174603174603,4.0,2025-07-14,2025-10-10
META,0.07044947345982515,0.023141850659636722,0.015554083615798051,0.34150807540118666,0.03702725009299683,0.05053810943638264,0.46825396825396826,7.0,0.04118790980825789,0.02042154623353838,0.009152868846279532,0.10661254684795896,0.023157444322733832,0.029130566824150134,0.5555555555555556,5.0,2025-07-14,2025-10-10
MRK,0.06924231992091688,0.01750925549471564,0.015172619902989752,0.41693675939581853,0.025894351328533453,0.04814273801358036,0.5158730158730159,6.0,0.03799815682125816,0.019241820233997228,0.009348752868722245,0.10304997146492534,0.02548435114867421,0.03089073982869814,0.5079365079365079,5.0,2025-07-14,2025-10-10
MSFT,0.04138469610396293,0.015948693093238167,0.011167298948688408,0.21825694170864773,0.023584243612164733,0.0357624372724331,0.4603174603174603,5.0,0.023179187965240315,0.01083654539971672,0.006254701514429926,0.07435272050425701,0.016199736936099628,0.02034893415988362,0.4603174603174603,5.0,2025-07-14,2025-10-10
NFLX,0.05322775314948498,0.020595222454329303,0.01334534214967246,0.19151711655301817,0.02695384400698871,0.040809076887439205,0.44841269841269843,6.0,0.0478364475150995,0.0158564712122707,0.011769284706095909,0.09912332947383773,0.024701765706123813,0.036565482246616654,0.5079365079365079,5.0,2025-07-14,2025-10-10
NVDA,0.09607156774108898,0.036030037851185505,0.025924073834897025,0.3688103480190249,0.06280337705625716,0.0812215390274664,0.4603174603174603,5.0,0.04818083819267881,0.018566519504165616,0.012618790955225402,0.0881196411387174,0.02809386385560777,0.03633045944717367,0.47619047619047616,5.0,2025-07-14,2025-10-10
PEP,0.05420666262840769,0.012481769380429886,0.009070437571287341,0.26657463548767635,0.02252056886689255,0.030710603047563304,0.49603174603174605,10.0,0.029394887088309594,0.01690606371597288,0.007776425155637458,0.07861347685492992,0.016035431953468793,0.02568559028153944,0.5238095238095238,4.0,2025-07-14,2025-10-10
PFE,0.04780598502506078,0.014990212451499601,0.00991990061110989,0.2899706746418944,0.023331001824093176,0.03387101856175793,0.5,7.0,0.05052437128188853,0.019972524247326883,0.011294568840958688,0.0946291449479677,0.029131526862661385,0.034122396957117995,0.49206349206349204,6.0,2025-07-14,2025-10-10
PG,0.03998451131903052,0.012207501034462926,0.009592243877040147,0.1337681391457014,0.021195083234440453,0.030778458462903877,0.4722222222222222,6.0,0.027372230666731816,0.009134240046206535,0.006319706936041978,0.06636298637847382,0.0158701277708151,0.019376554193800216,0.49206349206349204,6.0,2025-07-14,2025-10-10
QQQ,0.041958045205544026,0.016071200037988956,0.011988012915869721,0.2276830193948891,0.02711218634346798,0.036381485842277815,0.42857142857142855,5.0,0.0269639331883835,0.008205692356072736,0.007392708954968057,0.03588241641948264,0.011255969811518617,0.01988902553011862,0.3968253968253968,6.0,2025-07-14,2025-10-10
SPY,0.031078141641396204,0.012901480787953643,0.010003105554770384,0.18755229084676617,0.018141443531693634,0.0296028831509302,0.42063492063492064,4.0,0.02002888780395209,0.006460406576340574,0.005404620518526754,0.029846504164236287,0.005911756510119548,0.014198024361517847,0.4603174603174603,5.0,2025-07-14,2025-10-10
T,0.043215086166250284,0.014808331978656459,0.01131449528716371,0.0856926918430323,0.021703743532633078,0.033678839437988765,0.42063492063492064,6.0,0.039072544056196916,0.011505440436979516,0.00958489536732103,0.1266035549194322,0.022442424354904577,0.028621612276281044,0.4603174603174603,6.0,2025-07-14,2025-10-10
TLT,0.02613744765609149,0.00885983412986795,0.0056613849916468005,0.14787151320162562,0.01367106332852061,0.019405477125231656,0.4801587301587302,7.0,0.009364282554192485,0.006542898379231764,0.0026011895983868013,0.026881294599215177,0.007385205625878144,0.008279635261243895,0.49206349206349204,4.0,2025-07-14,2025-10-10
UNH,0.1519839510511644,0.02817498837387647,0.029923580106227424,0.5576501407605622,0.042807856472556666,0.08497275676262869,0.4880952380952381,8.0,0.05520854235649789,0.02875105474550028,0.01916963276267288,0.18713889054456834,0.04610607661183774,0.05785613237318127,0.4444444444444444,3.0,2025-07-14,2025-10-10
V,0.047237548136960586,0.01455971638814176,0.01286592671118515,0.1500922281164062,0.022762287667206175,0.03766230416357979,0.4007936507936508,6.0,0.03116585311432225,0.010361620862943986,0.007173093177105914,0.06988001492110374,0.017649973368101757,0.02138385654981484,0.5396825396825397,5.0,2025-07-14,2025-10-10
VNQ,0.041370637336390396,0.011415664496372898,0.0087483112969995,0.17454811983931906,0.02023540009059218,0.028166637780621246,0.44841269841269843,8.0,0.019124762245152933,0.008507675260130543,0.004553514820274508,0.045777172437437175,0.014162303577547242,0.015377405877066708,0.5238095238095238,5.0,2025-07-14,2025-10-10
WMT,0.055977455441323494,0.015195905216525325,0.010407495035571434,0.21928022052702367,0.022739706258339865,0.032524552958412944,0.44047619047619047,10.0,0.03068968765795672,0.011251489341999387,0.009472125820357011,0.07366162406316079,0.012186311951725527,0.02524097660838326,0.4444444444444444,4.0,2025-07-14,2025-10-10
XLB,0.06644912819711103,0.012479701770351617,0.008569136892686785,0.23165824497112408,0.01648234968522693,0.027487324711854683,0.5079365079365079,14.0,0.022376772706210194,0.009723216020519437,0.005967139388322718,0.06116719682664418,0.016118235892827328,0.01938771337336781,0.4444444444444444,5.0,2025-07-14,2025-10-10
XLE,0.05487309077704537,0.01602714635464979,0.014252750851180615,0.20137287372824253,0.02551326285430271,0.039871952396579605,0.42857142857142855,6.0,0.02423304399113492,0.010513064908690813,0.007062453622188683,0.07359491109237093,0.018555462621175335,0.022313224511431834,0.4603174603174603,4.0,2025-07-14,2025-10-10
XLF,0.03674129822386443,0.012901433959425617,0.010361046099129769,0.1554027473961852,0.01779045264565848,0.030554495184871463,0.43253968253968256,5.0,0.023185880670451537,0.007860923727350139,0.005704462704634902,0.03873501454397177,0.01653036334759702,0.018929228879193294,0.5079365079365079,5.0,2025-07-14,2025-10-10
XLI,0.041455910120009445,0.012540676091498183,0.00911646171620578,0.1849071320387201,0.017107095672645494,0.027461961792680047,0.4722222222222222,7.0,0.015016447278835535,0.007718614487930253,0.004767126120265249,0.03657064195394699,0.011250892597668182,0.015805415934784628,0.49206349206349204,3.0,2025-07-14,2025-10-10
XLK,0.04570776813629699,0.019017558821704052,0.014107335844536108,0.2565631100651936,0.032167579988306445,0.04403263545798046,0.4444444444444444,4.0,0.022441375310718714,0.010214763537525135,0.008682674971409026,0.04231305321745782,0.014820028567553822,0.023771136951911798,0.38095238095238093,3.0,2025-07-14,2025-10-10
XLP,0.02241576430756097,0.008449912643856177,0.005849532120100572,0.08359146833952635,0.012741461452129715,0.01834759060742595,0.47619047619047616,5.0,0.01299165423661315,0.006457170816953,0.004259558766102672,0.06282704289960672,0.010277448327377526,0.012501865886338531,0.4603174603174603,3.0,2025-07-14,2025-10-10
XLU,0.028995380158136814,0.010829438438391292,0.008234687964910855,0.10504523514444086,0.019383397826005493,0.02533681526067749,0.42857142857142855,5.0,0.016483124922804477,0.00782997902013356,0.004142584305995834,0.05382495540069332,0.010601713145618818,0.012693911789819767,0.3968253968253968,7.0,2025-07-14,2025-10-10
XLV,0.03938099964114201,0.010137240071329375,0.0079339010266037,0.17108998323496583,0.01608059995733177,0.02605028062740569,0.47619047619047616,8.0,0.02255829802211537,0.010704744665336361,0.0064683291819685644,0.05473332696150446,0.014959653636444303,0.019401308588412658,0.47619047619047616,4.0,2025-07-14,2025-10-10
XLY,0.05737868583289868,0.016352841695453525,0.010978064891498471,0.2600741310001061,0.02524799185400835,0.03569485472601897,0.4642857142857143,9.0,0.023057875073429226,0.010382859767251153,0.0069132958773950055,0.053788677411623964,0.016328218900002644,0.021420493190157847,0.4603174603174603,4.0,2025-07-14,2025-10-10
XOM,0.06764379866924225,0.015283824113437905,0.011810821989867692,0.18918137518504674,0.02546954017094255,0.03702139276830941,0.47619047619047616,10.0,0.03875753403168118,0.011930027842602864,0.008971651396222496,0.06270487428786342,0.02388574537451411,0.028218189364549312,0.4444444444444444,7.0,2025-07-14,2025-10-10
AAPL,0.07135695449745687,0.020169850673229472,0.015198615806231237,0.33360515711604477,0.030790623813954247,0.0454106316921119,0.4444444444444444,8.0,0.034335711052854545,0.014161525920558301,0.008670634104256197,0.05417469214482962,0.016353917939888017,0.025739075689671043,0.4444444444444444,6.0,2025-08-12,2025-11-10
ABBV,0.07996632614052045,0.017379943977067228,0.01568447708548363,0.20736378370551245,0.02356051914151504,0.045183097693228695,0.4880952380952381,8.0,0.04416472595979626,0.015025676483024684,0.010196762126359886,0.12640955656270814,0.015761418481659274,0.03007750135040918,0.49206349206349204,6.0,2025-08-12,2025-11-10
AMD,0.0866248238914486,0.032931775965235915,0.020937457434080285,0.547395846624801,0.048651765627743086,0.07153621539198597,0.46825396825396826,6.0,0.09230606389546424,0.04477023608163813,0.021311645343830128,0.18045764618655624,0.0526980576476598,0.06754946188931177,0.49206349206349204,6.0,2025-08-12,2025-11-10
AMZN,0.06676601179880078,0.021302736265731956,0.014571947019579534,0.30876638431876,0.030629402590254828,0.046775738570034045,0.47619047619047616,7.0,0.03616334425355203,0.02107874026961845,0.011480426747159374,0.10577573718094269,0.030221894085246215,0.036458281577799595,0.42857142857142855,4.0,2025-08-12,2025-11-10
BA,0.05785601288659215,0.024070459654271542,0.01734659998363433,0.2666308921455529,0.03232432851388496,0.052559663159357735,0.4603174603174603,4.0,0.08130884054714586,0.017732643653825472,0.014519435811990335,0.18017526073257562,0.03297471950928967,0.04533123592464419,0.5714285714285714,7.0,2025-08-12,2025-11-10
BAC,0.0601872771132538,0.017611399097989488,0.014773240745980477,0.2750937643888286,0.021506573159093764,0.04323906723244493,0.45634920634920634,6.0,0.028970765254944294,0.01267544807074241,0.00807381982514841,0.07191894393563747,0.017489132469088686,0.024022266309179585,0.42857142857142855,5.0,2025-08-12,2025-11-10
COST,0.04144322695993361,0.013551948829060334,0.009792681695078107,0.17294722928056794,0.017903602525498878,0.031373007780802833,0.4801587301587302,6.0,0.03698883605216925,0.011237289003436384,0.008054020753294918,0.08408660170740279,0.02287129079706771,0.027057764938244355,0.5555555555555556,5.0,2025-08-12,2025-11-10
CRM,0.06320144226126019,0.020250732260337502,0.012347046107205897,0.3675563286997984,0.032757291598006236,0.04205595599286461,0.49206349206349204,8.0,0.040831303094894196,0.02069900557855779,0.014177535796838262,0.09164419083743292,0.03579513850466489,0.04383241971113078,0.4444444444444444,3.0,2025-08-12,2025-11-10
CVX,0.06255155787946846,0.015511327240418997,0.013652125727661769,0.2063972510015768,0.02310317195242891,0.03922233691645452,0.43253968253968256,8.0,0.027529966318757575,0.011132566202566765,0.007428721070140933,0.07989880062174037,0.022773274374466333,0.024383594249362622,0.4603174603174603,5.0,2025-08-12,2025-11-10
DIS,0.059777861622536115,0.01862998342513387,0.013145594569770673,0.3020228919047677,0.021647748144910838,0.03958572870378943,0.4722222222222222,7.0,0.019593718935508937,0.009769364367360887,0.0044923870575240945,0.0813562132020842,0.01337842756637685,0.014899554433718182,0.5873015873015873,4.0,2025-08-12,2025-11-10
EEM,0.03043762496183579,0.011753798219728212,0.008306682509504986,0.17292431919723583,0.01823561426429917,0.02515114759676457,0.4523809523809524,5.0,0.021727682201283554,0.009876251795580744,0.007328781694877388,0.04679763381186486,0.011031787518153013,0.01965317593341115,0.4603174603174603,3.0,2025-08-12,2025-11-10
EFA,0.035281721275281556,0.010817353137764066,0.007911229335488167,0.1405348398406172,0.014111883658408052,0.022648518329003855,0.45634920634920634,7.0,0.013314227191474745,0.006411184310858288,0.004226738790944364,0.03210920338365153,0.009725303631659044,0.012925772461327062,0.42857142857142855,4.0,2025-08-12,2025-11-10
GLD,0.02661966065969586,0.011065998791154186,0.006962212834877164,0.08120389771693015,0.017095107678598447,0.022803930941236835,0.4246031746031746,6.0,0.038699637725994086,0.014404325310553764,0.013991932511161882,0.10127740838500265,0.018359282859990434,0.03234458172961932,0.3492063492063492,4.0,2025-08-12,2025-11-10
GOOGL,0.054537752097413524,0.019566032282389904,0.013629499799788237,0.29805875907743007,0.03325639177293067,0.045489842840193084,0.44841269841269843,6.0,0.02181048197667047,0.018970769238654095,0.007116294824839572,0.07125465066757519,0.02034688854736949,0.021711433816992642,0.4126984126984127,4.0,2025-08-12,2025-11-10
HD,0.03739897347397668,0.013768427617993457,0.008601357535666494,0.21791628732717372,0.020630507652790713,0.028587035633260698,0.49206349206349204,6.0,0.030805480621587347,0.012096253616260648,0.005867710594588066,0.1283594965660637,0.016752245452092973,0.020279554437377362,0.6190476190476191,5.0,2025-08-12,2025-11-10
HYG,0.008625038621738284,0.0035079503304657994,0.0027408456064634988,0.04560705289672595,0.004021547798061071,0.007957967497717027,0.4246031746031746,4.0,0.004200484933732955,0.002323950983595671,0.0012241850444394769,0.012475175880200529,0.0030561164918734506,0.0039055735782751455,0.4603174603174603,4.0,2025-08-12,2025-11-10
IEF,0.009454037613740213,0.0039295283826623825,0.002354093031309814,0.06893843931741916,0.006267730675051775,0.007961355868855833,0.5,5.0,0.004526159393613983,0.0027048259392708682,0.0013789374496673424,0.012865256240638723,0.003270800623631165,0.004447675580044774,0.4444444444444444,4.0,2025-08-12,2025-11-10
INTC,0.10744874452148391,0.03683090714005541,0.020773423940820223,0.3380796069817177,0.05415069596130781,0.07225814676237587,0.5317460317460317,7.0,0.06743237682268326,0.04315683295257632,0.01766086059641704,0.1083554089157186,0.037712120641387716,0.05325353030278987,0.47619047619047616,5.0,2025-08-12,2025-11-10
IWM,0.03814967013813294,0.014729837219492996,0.0099158864843163,0.275030850623588,0.020179846396542505,0.032624242504578405,0.4801587301587302,5.0,0.01916150844250253,0.012034967521413776,0.006463207212748868,0.039867312971922586,0.017025335040278044,0.02149176860032387,0.4603174603174603,3.0,2025-08-12,2025-11-10
JNJ,0.0376100543472314,0.012049360642737905,0.009429649268155059,0.1444625111422625,0.016057061670769857,0.026304882726532496,0.44841269841269843,6.0,0.017968716203736967,0.007764506052150133,0.004991310056593602,0.039851293102927454,0.01118962647630567,0.014980446356418459,0.4444444444444444,5.0,2025-08-12,2025-11-10
JPM,0.0510091866249254,0.01729420179791874,0.013394299276737019,0.2442392661699615,0.020567601956894287,0.0407362911488985,0.42063492063492064,6.0,0.022895370472282447,0.010667928547611547,0.007874069210044228,0.064924839919691,0.01720521551308648,0.022753834068061335,0.38095238095238093,4.0,2025-08-12,2025-11-10
KO,0.0260364045731751,0.010700355539862526,0.006665319570732826,0.1550298399191804,0.015674718376689205,0.022243143937107697,0.48412698412698413,5.0,0.022369904447719545,0.01009196488001597,0.005412073656706342,0.06402213142689195,0.012852271426737106,0.01733054724200736,0.5555555555555556,4.0,2025-08-12,2025-11-10
LQD,0.012321831224709154,0.0045978169345390245,0.0032645489101321068,0.06258641798051456,0.006054757493418089,0.010739376266617669,0.46825396825396826,5.0,0.004803937312262173,0.003142563943449407,0.0012784671879407395,0.01921481483054388,0.004008192342172678,0.004767285302849922,0.4603174603174603,5.0,2025-08-12,2025-11-10
MA,0.04384522401134616,0.013735285041965063,0.011467455774973292,0.16725375972556566,0.019724212831358657,0.033703943341877395,0.4246031746031746,6.0,0.038156991742630236,0.010185783836245731,0.007570831694966317,0.09044297682245661,0.019983229998070652,0.022221588931683856,0.5238095238095238,7.0,2025-08-12,2025-11-10
META,0.06569181325585356,0.023029296455967966,0.014503670589356782,0.3415080754011868,0.03274709297680756,0.0468688737325567,0.46825396825396826,7.0,0.0797622915113801,0.01960329618259494,0.02025708990765209,0.21124035242769268,0.02639308618479529,0.051435508349279985,0.49206349206349204,5.0,2025-08-12,2025-11-10
MRK,0.060832683362346915,0.016775903284754666,0.013440035078243975,0.3703817352711566,0.026229453533664397,0.04401539759245788,0.5119047619047619,6.0,0.03760632609207675,0.01787684524137225,0.008953887164780178,0.103049971464925,0.022945862525321745,0.02940798708842332,0.5238095238095238,5.0,2025-08-12,2025-11-10
MSFT,0.038787027869233374,0.01565067704944427,0.010851132796749813,0.21825694170864718,0.021401370723573686,0.03368034174401021,0.44047619047619047,5.0,0.038843497971654505,0.010484135217270027,0.007588473352215776,0.08347630590730915,0.019488601840059495,0.024106218501281224,0.49206349206349204,8.0,2025-08-12,2025-11-10
NFLX,0.05437631245538498,0.02078741668512499,0.014025636149206443,0.19151711655301817,0.02733038711039844,0.04249936928949073,0.43253968253968256,6.0,0.07648917015669023,0.018688287900357675,0.017604650274158862,0.1379378257931222,0.02291790323824747,0.04608358631070017,0.5396825396825397,5.0,2025-08-12,2025-11-10
NVDA,0.0893654681378199,0.03315795783394221,0.025001053586175805,0.36881034801902535,0.048773918585349685,0.07750886195308342,0.44047619047619047,5.0,0.0579995138547051,0.02211422735515675,0.014730035264687009,0.09157644895030659,0.036372036616373296,0.04224978061506576,0.49206349206349204,5.0,2025-08-12,2025-11-10
PEP,0.05592983080414064,0.013500735698125732,0.009210224461770835,0.2665746354876761,0.02282668514946089,0.0316331554081019,0.503968253968254,10.0,0.03383681999852075,0.012934462572337735,0.007250747142540162,0.0789150460699376,0.016984270113524234,0.02388186916564075,0.5714285714285714,5.0,2025-08-12,2025-11-10
PFE,0.04581979624431988,0.015387236895057093,0.010204481821480513,0.26174829516509146,0.02398643616728838,0.034762958019802274,0.503968253968254,6.0,0.05391229272381228,0.017121039986599657,0.009937749810840975,0.11472424883678045,0.022247234816948624,0.031304921327441365,0.47619047619047616,9.0,2025-08-12,2025-11-10
PG,0.03818239047801095,0.01162528982041887,0.009091045351907367,0.14650573452397586,0.021195083234440453,0.028885020137132626,0.47619047619047616,6.0,0.02514458055396555,0.008982594970874747,0.005623968233570938,0.08615063485417152,0.015856546036940478,0.01771640297629054,0.5079365079365079,6.0,2025-08-12,2025-11-10
QQQ,0.03959297293050235,0.015263034007024941,0.011705065410009624,0.22768301939488977,0.024969897844523144,0.03509811267488662,0.4087301587301587,5.0,0.02928452111471523,0.009642633685069686,0.007817657151835956,0.040942473298428594,0.015116370671889178,0.02223202039870109,0.4126984126984127,6.0,2025-08-12,2025-11-10
SPY,0.033687814320711815,0.012468971119003762,0.009892453411637596,0.18755229084676617,0.016964914588433043,0.02821601175312964,0.4126984126984127,5.0,0.018960612449972755,0.006934363857350826,0.005567798894039619,0.029846504164236176,0.010397410897105707,0.0151522193300547,0.4126984126984127,5.0,2025-08-12,2025-11-10
T,0.04206631597332102,0.014204603254796343,0.011166694785645217,0.08569269184303219,0.021013769332855335,0.03285236572719056,0.4126984126984127,6.0,0.04662435831613474,0.013014588499777326,0.010596445071848804,0.1659985770828073,0.023262627557134753,0.032031852515531256,0.49206349206349204,6.0,2025-08-12,2025-11-10
TLT,0.025603743009091736,0.008467157115890467,0.005503450051557417,0.14787151320162495,0.013104806602533846,0.018728685544083766,0.48412698412698413,7.0,0.011462280924374483,0.006149249275804533,0.0030812583130038936,0.03018283868324778,0.00789325737694011,0.009816454458716206,0.5079365079365079,4.0,2025-08-12,2025-11-10
UNH,0.15563511392571786,0.028886851414879088,0.030642444591601956,0.6139086487241958,0.051324817728371754,0.08823058575386235,0.4880952380952381,8.0,0.04428083548936814,0.02356580490748293,0.009664468063155745,0.13073102182881813,0.02325555584872585,0.03074199395820648,0.47619047619047616,7.0,2025-08-12,2025-11-10
V,0.04580248865644058,0.0141716956251221,0.012144599264965304,0.15009222811640643,0.02107375939413256,0.03510163063490649,0.4166666666666667,6.0,0.029187099779431118,0.01070444033089235,0.007464073135833355,0.04985521288179906,0.0170016175570476,0.023033610235486363,0.5396825396825397,4.0,2025-08-12,2025-11-10
VNQ,0.04053277150743157,0.011160515700164311,0.008509024971679628,0.17454811983931984,0.019655543155468254,0.027485242243067733,0.4523809523809524,8.0,0.022608331126829907,0.008508214973551852,0.0057417983814171195,0.045777172437437286,0.012476793842208988,0.018685955696823353,0.49206349206349204,5.0,2025-08-12,2025-11-10
WMT,0.05546696610462586,0.015212352411854459,0.010680889887344953,0.21928022052702367,0.022739706258339865,0.032524552958412944,0.42063492063492064,10.0,0.04380027895963785,0.012790929863040328,0.009269900308918064,0.07199849443914164,0.01814233937687827,0.028046246393842067,0.49206349206349204,7.0,2025-08-12,2025-11-10
XLB,0.06599457126688803,0.012432299933834353,0.008579709411925053,0.23165824497112342,0.01648234968522693,0.027452951723632584,0.503968253968254,14.0,0.023059818962499593,0.009112570784004,0.005380624424583239,0.08085480822887225,0.01365329789148012,0.017536928745997882,0.5079365079365079,5.0,2025-08-12,2025-11-10
XLE,0.055396422737825704,0.015774548506273862,0.013889074243430324,0.20137287372824275,0.024459073860062224,0.03970805125633186,0.44841269841269843,6.0,0.020374080114157547,0.01033828576056827,0.007515029550304014,0.0735949110923706,0.01789439837518478,0.022262140203496344,0.3968253968253968,3.0,2025-08-12,2025-11-10
XLF,0.03634120073818315,0.012596475994722928,0.010030171403738549,0.15540274739618554,0.016798773965159934,0.029174490284469272,0.4444444444444444,5.0,0.022163572478536432,0.008152841042136209,0.006752342869805006,0.04378359534330689,0.01632344866737324,0.021212854153381228,0.4444444444444444,4.0,2025-08-12,2025-11-10
XLI,0.040579772315349726,0.012092138693940827,0.008856696338667598,0.18490713203872,0.01512584625749116,0.026336460389064394,0.47619047619047616,7.0,0.01329201124290955,0.007688842927909084,0.004615281681565816,0.03657064195394688,0.011432970822045752,0.015367123732660332,0.4444444444444444,3.0,2025-08-12,2025-11-10
XLK,0.041973491401778536,0.017821447822335013,0.013602520361687487,0.25656311006519383,0.02645652788240646,0.04145359936576521,0.4166666666666667,4.0,0.024031820925675032,0.01167945304059666,0.009298025953386172,0.052510490297609236,0.017251601697873466,0.026163423861412655,0.38095238095238093,3.0,2025-08-12,2025-11-10
XLP,0.02200286435372259,0.008385037580604009,0.005785613734444984,0.08359146833952513,0.01194062321218664,0.01777212435419345,0.4722222222222222,5.0,0.022238377022714972,0.007147415699707409,0.004921608029617247,0.08533079997488735,0.011031602862886191,0.015822203941676605,0.5396825396825397,5.0,2025-08-12,2025-11-10
XLU,0.028104956580243628,0.010617302961249554,0.007813177929307729,0.10504523514443997,0.01680767666144838,0.024185539591681262,0.44047619047619047,5.0,0.02105070867101126,0.007563340749309875,0.004594400702006425,0.047793351542754436,0.010803063733710993,0.014206622433824784,0.47619047619047616,7.0,2025-08-12,2025-11-10
XLV,0.039808654484566504,0.010259806007227892,0.007777026517131428,0.17108998323496494,0.01608059995733177,0.025787558570581185,0.49206349206349204,8.0,0.013171022133062232,0.008282675354203859,0.005045351220326258,0.035618307380554826,0.011381470096103342,0.014194104902702148,0.38095238095238093,3.0,2025-08-12,2025-11-10
XLY,0.052414657499882375,0.01570182258176044,0.010474017442578537,0.2600741310001061,0.024364871411792215,0.03330185582112976,0.44047619047619047,9.0,0.02124798052973465,0.011403996622639372,0.007166977559632719,0.05378867741162385,0.01741639872393972,0.02267489312454704,0.4603174603174603,3.0,2025-08-12,2025-11-10
XOM,0.06980889859613681,0.015175840594694323,0.011819496058605175,0.1891813751850463,0.026146225938313332,0.03771611773305221,0.49206349206349204,10.0,0.021970493531808456,0.01126218838287731,0.007749733168186405,0.056133658328480496,0.018888117036564088,0.02433557933822661,0.36507936507936506,4.0,2025-08-12,2025-11-10
AAPL,0.07329595660186261,0.02037486450912829,0.015050043188246385,0.33360515711604555,0.03166422073824428,0.04547225276363,0.4642857142857143,8.0,0.024697875173691645,0.012911622261154023,0.007252550646242785,0.04956220120880861,0.015234235140614016,0.0211778080239948,0.4126984126984127,5.0,2025-09-11,2025-12-10
ABBV,0.07957374066492878,0.017577656415602612,0.015729409356076942,0.20736378370551234,0.02356051914151504,0.045183097693228695,0.48412698412698413,8.0,0.049918948396551366,0.016518145259974398,0.010084636039707346,0.12640955656270836,0.026882295636036946,0.033264714016501634,0.5555555555555556,6.0,2025-09-11,2025-12-10
AMD,0.08821070766149544,0.032752969933862654,0.020684328997103908,0.5473958466248008,0.05096114563367749,0.07093011470979353,0.48412698412698413,6.0,0.10098992298332254,0.0467484494728772,0.022041451444772778,0.22906968890725876,0.042501474499318334,0.06771896256846346,0.47619047619047616,7.0,2025-09-11,2025-12-10
AMZN,0.06601211979515152,0.02118658214162661,0.01451655412161897,0.30876638431876036,0.030629402590254828,0.0465189995928135,0.4722222222222222,7.0,0.044254279008644655,0.020975790106387435,0.012292855280179071,0.14511811263917962,0.030221894085246215,0.039236959185407316,0.4444444444444444,5.0,2025-09-11,2025-12-10
BA,0.05465137659059655,0.023357071193313348,0.016385774286422246,0.266630892145553,0.03206041341765574,0.04872790867206415,0.4603174603174603,4.0,0.07422346857347961,0.02184093970717545,0.014459117254573951,0.20504176595624224,0.03380771762818134,0.045565575784793005,0.5714285714285714,6.0,2025-09-11,2025-12-10
BAC,0.06005601125458497,0.017576907163207967,0.014580959285979921,0.2750937643888284,0.0190504718376678,0.042191673544890756,0.4603174603174603,6.0,0.032078866038334125,0.012765564859857283,0.009054518639852373,0.07191894393563769,0.02136677538649494,0.025621616571269407,0.42857142857142855,5.0,2025-09-11,2025-12-10
COST,0.04260777550782445,0.013502949602826667,0.009837293046539556,0.17294722928056838,0.01838868293780015,0.03193662331561941,0.49206349206349204,6.0,0.037056807340503914,0.011151267685316784,0.00806882095317424,0.0953125528230313,0.018847589159560262,0.026892778486734603,0.5555555555555556,5.0,2025-09-11,2025-12-10
CRM,0.04965273343328168,0.020799980923081295,0.013004287327764248,0.3675563286997986,0.03419003785111499,0.043585516393184205,0.47619047619047616,5.0,0.03944527174945961,0.020742655551577716,0.012174466589339385,0.14441364841711923,0.0271293198389884,0.03735731020213651,0.4444444444444444,4.0,2025-09-11,2025-12-10
CVX,0.06281988169206221,0.015561538300427887,0.013806567404848836,0.2063972510015767,0.023417380902996488,0.039399031689371526,0.42857142857142855,8.0,0.027766704052906436,0.01098926261229347,0.00661112001259677,0.07354411527870786,0.01803869445522873,0.02136009461228877,0.5238095238095238,5.0,2025-09-11,2025-12-10
DIS,0.060779552038369655,0.018614639101094222,0.013064387838935277,0.30202289190476794,0.021647748144910838,0.03958572870378943,0.48412698412698413,7.0,0.053021916192580794,0.01495942356158061,0.013091831158661924,0.12610367789455368,0.018034893178421864,0.03423180704787837,0.5555555555555556,4.0,2025-09-11,2025-12-10
EEM,0.03034432415319925,0.01165344858563717,0.008160326216497807,0.17292431919723672,0.01709884282080536,0.024938948464200954,0.4603174603174603,5.0,0.02833011504955933,0.009508580443646025,0.007644634219722358,0.051954977126080215,0.011813525715694084,0.020199277854458353,0.4603174603174603,5.0,2025-09-11,2025-12-10
EFA,0.0351449310885014,0.010649948415879008,0.007821746711463665,0.14053483984061688,0.013064554489295981,0.02206562850182567,0.4603174603174603,7.0,0.01779087189268582,0.007024630854930877,0.004565106424076273,0.055095259166465516,0.012744980345612134,0.01455952166974922,0.42857142857142855,6.0,2025-09-11,2025-12-10
GLD,0.02668193062068544,0.01104253736776354,0.007026626750757709,0.08120389771692982,0.017095107678598447,0.022803930941236835,0.42063492063492064,6.0,0.03970575890888028,0.014557759983700555,0.013655419730567291,0.10127740838500277,0.01841235439460891,0.03234458172961932,0.38095238095238093,4.0,2025-09-11,2025-12-10
GOOGL,0.05303733568153827,0.02005878198809143,0.013542673544181266,0.29805875907743007,0.029113400316408872,0.044557483504629666,0.4365079365079365,6.0,0.02522786018665695,0.01882217021387756,0.008008844503700619,0.07125465066757497,0.02168284220643434,0.024193152360924897,0.42857142857142855,4.0,2025-09-11,2025-12-10
HD,0.03787763393012985,0.014190376321383183,0.008574256141373108,0.21791628732717383,0.020630507652790713,0.028587035633260698,0.5,6.0,0.06297360448137936,0.01401475757143884,0.009995810235139582,0.21369253496812757,0.019951456286398783,0.031115259393930533,0.6190476190476191,7.0,2025-09-11,2025-12-10
HYG,0.008692096377008648,0.0035098781261241074,0.00271506803387151,0.04560705289672595,0.004021547798061071,0.007957967497717027,0.43253968253968256,4.0,0.0041547437346914915,0.0021975837781483872,0.0012865326683015547,0.012475175880200529,0.0031068560530878365,0.004160313411471356,0.42857142857142855,4.0,2025-09-11,2025-12-10
IEF,0.009356096074897877,0.0038933520487665885,0.002311067556349276,0.06893843931741928,0.006255482233105142,0.007961355868855833,0.503968253968254,5.0,0.004961954982169681,0.0025218792206356203,0.0014672447527921098,0.012865256240639056,0.0032968052667140314,0.004971476284901549,0.4603174603174603,4.0,2025-09-11,2025-12-10
INTC,0.10592051486368449,0.03621258375779268,0.020477966206979004,0.338079606981718,0.05277750921328981,0.07022337378411439,0.5317460317460317,7.0,0.0616081209373238,0.04532485767074463,0.0176023202678068,0.19046472621991373,0.04269088378619339,0.05800109764161804,0.42857142857142855,5.0,2025-09-11,2025-12-10
IWM,0.03738797146011693,0.014570273937062594,0.009792087763363957,0.2750308506235881,0.01979395123209322,0.03181470388911583,0.47619047619047616,5.0,0.02243922502434936,0.01271833606300026,0.008014008937267628,0.08476805354080341,0.019738491065798492,0.024746523683307486,0.42857142857142855,3.0,2025-09-11,2025-12-10
JNJ,0.03832173502401794,0.012038221049638772,0.009331591320783589,0.14446251114226216,0.016057061670769857,0.026304882726532496,0.4642857142857143,6.0,0.018479339611811224,0.009537128616108852,0.005426472743150915,0.039851293102927454,0.013560755524459499,0.015640992414423405,0.4126984126984127,5.0,2025-09-11,2025-12-10
JPM,0.05206855785763458,0.01735364515898354,0.013295303618121108,0.2442392661699616,0.020469053630154777,0.041298990786158854,0.4365079365079365,6.0,0.03434015384440222,0.013482442663843729,0.01090163614108007,0.06994159885334428,0.019109452944580486,0.030815665385979712,0.42857142857142855,4.0,2025-09-11,2025-12-10
KO,0.026994238568170976,0.010735085670163595,0.006532605733497377,0.15019116496493579,0.015674718376689205,0.022085789242091744,0.5119047619047619,5.0,0.01720049754437455,0.01019514492608638,0.0053751554826170465,0.04563314515273209,0.012075761504071903,0.01734303671321838,0.49206349206349204,3.0,2025-09-11,2025-12-10
LQD,0.012239617724512415,0.00462091150556576,0.0032427672457373533,0.06258641798051467,0.006054757493418089,0.010739376266617669,0.46825396825396826,5.0,0.005570713813992324,0.002716065302001341,0.001437603564901245,0.020103404550041004,0.004858372634593888,0.0053296989919092985,0.47619047619047616,5.0,2025-09-11,2025-12-10
MA,0.04431555257298503,0.01368750513946691,0.011430598877952489,0.16725375972556555,0.019724212831358657,0.033703943341877395,0.43253968253968256,6.0,0.039671416163504114,0.011333124326364043,0.007608935639825524,0.11752414587388715,0.020566832185899397,0.022363652599154765,0.5396825396825397,7.0,2025-09-11,2025-12-10
META,0.06572896207509643,0.022982432194079836,0.014402760614064956,0.3415080754011869,0.03240565253836743,0.0468688737325567,0.4722222222222222,7.0,0.08091352187562932,0.02115531116129277,0.01990729506463896,0.24441182971213948,0.027144014926152447,0.05195265568936805,0.5079365079365079,5.0,2025-09-11,2025-12-10
MRK,0.061225558641719406,0.01698605848963526,0.013415959064918595,0.37038173527115714,0.026229453533664397,0.04401539759245788,0.5158730158730159,6.0,0.04191871071339275,0.02072353889537904,0.009315269047420612,0.08476643276309082,0.025446087262742945,0.03066792088536041,0.5555555555555556,5.0,2025-09-11,2025-12-10
MSFT,0.03911132884046971,0.015601819892513575,0.010786656168304145,0.21825694170864685,0.021826121312575213,0.033997407982726886,0.44841269841269843,5.0,0.04200302125052828,0.012372586948733926,0.008718575839547995,0.12741231806969333,0.024726596100492614,0.027137476330070076,0.4603174603174603,8.0,2025-09-11,2025-12-10
NFLX,0.05485031841937192,0.02077226350681454,0.013851090509942404,0.19151711655301829,0.02733038711039844,0.04237004272712964,0.4444444444444444,6.0,0.10365553500142548,0.022173296697483597,0.019444761255678657,0.2531518307565732,0.039071270085727486,0.05767410050683058,0.5873015873015873,6.0,2025-09-11,2025-12-10
NVDA,0.08694122136949524,0.03159674215259067,0.023805334422599887,0.3688103480190251,0.04590727141129193,0.07250764674611315,0.4523809523809524,5.0,0.04420360405350179,0.022994918027415098,0.014032890175714852,0.14509279747615011,0.03645323480458372,0.04224978061506576,0.49206349206349204,3.0,2025-09-11,2025-12-10
PEP,0.05809986158890386,0.013731846989767703,0.009258942085881091,0.2650071617027522,0.023213724567131916,0.03231381217428428,0.5198412698412699,10.0,0.026908275280145676,0.012542954887327299,0.006193174469239878,0.07891504606993738,0.016406400187857707,0.02000077213436008,0.5396825396825397,5.0,2025-09-11,2025-12-10
PFE,0.045821561689530395,0.015430990344789277,0.010204875002049486,0.2617482951650917,0.02398643616728838,0.035079822399125556,0.503968253968254,6.0,0.05577616782337426,0.01886607398136869,0.01028132125776484,0.11472424883678056,0.02245288439945049,0.031232941922399532,0.47619047619047616,9.0,2025-09-11,2025-12-10
PG,0.03724338213679896,0.011634423086790453,0.009001827572747222,0.14650573452397597,0.02067593335407067,0.028814026396668045,0.46825396825396826,6.0,0.04069726345395914,0.010681241500167903,0.00775754288711831,0.13112083537682018,0.018613945170235357,0.024883975539218423,0.5714285714285714,6.0,2025-09-11,2025-12-10
QQQ,0.04275660243248322,0.014860622891446053,0.011414100216463774,0.227683019394889,0.02275703471770202,0.03443845567404444,0.4126984126984127,6.0,0.02395381997739507,0.010651722903048522,0.008792572809162872,0.07880201880023596,0.02013101352712162,0.024775029998323123,0.4126984126984127,3.0,2025-09-11,2025-12-10
SPY,0.03342971986812403,0.01227662033779434,0.009750334961536175,0.1875522908467665,0.016597700408447335,0.027929254685404928,0.4166666666666667,5.0,0.01931761764900531,0.007641079067589283,0.0064732757553986045,0.05071364258742994,0.011768016498227252,0.01767943426206764,0.3968253968253968,4.0,2025-09-11,2025-12-10
T,0.042499853252625605,0.014200668608602068,0.011005938093309419,0.08569269184303219,0.021402875612296157,0.032637844192755255,0.42857142857142855,6.0,0.046676571250645116,0.012524606398634204,0.00958170084324093,0.16770483699466054,0.021570921259943775,0.03164964392105296,0.5396825396825397,6.0,2025-09-11,2025-12-10
TLT,0.025617494578376285,0.008474958067664037,0.005421691974259531,0.1478715132016254,0.013104806602533846,0.018728685544083766,0.49206349206349204,7.0,0.0120528040577475,0.005224752186887885,0.0033480011271520833,0.038535635948081626,0.009916947530107845,0.010942773927361205,0.49206349206349204,4.0,2025-09-11,2025-12-10
UNH,0.15687448518021235,0.03062882585840272,0.03040760014940013,0.6139086487241956,0.051324817728371754,0.08823058575386235,0.49603174603174605,8.0,0.04914907333701496,0.016777063420965847,0.010076860274123437,0.16444095202023434,0.028956739285044584,0.03292857751040518,0.5079365079365079,7.0,2025-09-11,2025-12-10
V,0.04713843843557792,0.014222023423645933,0.0119886721129446,0.15009222811640655,0.022228024639586293,0.03510163063490649,0.44047619047619047,6.0,0.029695947513251608,0.010705509112718356,0.007070463693631336,0.08683910190525468,0.016412622300968516,0.021850061332182813,0.5714285714285714,4.0,2025-09-11,2025-12-10
VNQ,0.04003723243577437,0.011313851215898275,0.008404996695833724,0.17454811983931917,0.019655543155468254,0.027485242243067733,0.4523809523809524,8.0,0.022316404957425064,0.007759408634616747,0.005490544076826802,0.049088458967519566,0.01218704277173498,0.017605140011875492,0.5079365079365079,5.0,2025-09-11,2025-12-10
WMT,0.05920070001873225,0.015243866130862194,0.01108539004334827,0.21928022052702356,0.02433208719640023,0.0343129057573287,0.4365079365079365,10.0,0.027172271628375957,0.014230570435635284,0.0058434992749195605,0.07722653617343544,0.01592608382212537,0.018135700511730024,0.47619047619047616,7.0,2025-09-11,2025-12-10
XLB,0.0643632784309381,0.012447779005268117,0.008536603244524422,0.2316582449711243,0.016161454613514335,0.026960559414324677,0.49206349206349204,14.0,0.026004885456952103,0.009587082660445402,0.005452637273231893,0.07438026026179045,0.01481941303230062,0.017577512472593537,0.5714285714285714,5.0,2025-09-11,2025-12-10
XLE,0.05509356040741393,0.01569916359998819,0.014067714627753284,0.2013728737282432,0.0235724623411204,0.03947866063527007,0.4365079365079365,6.0,0.01874104433368102,0.010691770522574535,0.006423341807914865,0.07359491109237104,0.013946089068575373,0.019888929593712162,0.4444444444444444,3.0,2025-09-11,2025-12-10
XLF,0.03656586296131876,0.012606588077895301,0.01001904645140134,0.15540274739618554,0.017660467413935375,0.029265757637854987,0.44841269841269843,5.0,0.023528333462337875,0.008403537212800054,0.00674647554475638,0.05579162422322281,0.016571541834819382,0.021401033144953202,0.47619047619047616,4.0,2025-09-11,2025-12-10
XLI,0.04024477663626924,0.012017958200987536,0.008650497623536708,0.18490713203871956,0.014546502607938721,0.025782394814859205,0.48412698412698413,7.0,0.01439078589675871,0.008364780870297591,0.005425097857905069,0.0510942635861652,0.014768149724891922,0.017284682140754265,0.3968253968253968,3.0,2025-09-11,2025-12-10
XLK,0.04039753755887444,0.017234698425517777,0.013180854406334694,0.25656311006519417,0.02526831655410901,0.03990672111590606,0.4126984126984127,4.0,0.026104393567270064,0.012874638646961442,0.010876830653029192,0.10515239928366249,0.024454374175895754,0.030856088493840916,0.3333333333333333,3.0,2025-09-11,2025-12-10
XLP,0.022965457460608102,0.008469567370205267,0.005810537429792411,0.08359146833952558,0.012741461452129715,0.018148774250441726,0.4880952380952381,5.0,0.019742742552878948,0.007410000350864594,0.004617254306721689,0.05230610285033355,0.011031602862886191,0.014436225397210567,0.5238095238095238,5.0,2025-09-11,2025-12-10
XLU,0.03380520645231361,0.01069177905837724,0.007631985520442646,0.10504523514443997,0.01680767666144838,0.024185539591681262,0.45634920634920634,7.0,0.024614602572947446,0.008290794554779822,0.005860619660225582,0.08030136514905473,0.013750500438269364,0.01796556423858925,0.47619047619047616,6.0,2025-09-11,2025-12-10
XLV,0.04019842226280323,0.010430251216788812,0.007730465819769851,0.1710899832349655,0.01608059995733177,0.025787558570581185,0.5,8.0,0.01639477967522938,0.009428538637694979,0.004847918721169978,0.05548900810864832,0.01189878195683961,0.014476472054818612,0.4603174603174603,4.0,2025-09-11,2025-12-10
XLY,0.052864715093143666,0.015463043894097583,0.010414109124074504,0.2600741310001059,0.023914842580331407,0.03321257526590864,0.44841269841269843,9.0,0.027861747753695675,0.011921055264653528,0.0077393743760265764,0.0867949570871408,0.02216700539443215,0.024539154883397196,0.4444444444444444,5.0,2025-09-11,2025-12-10
XOM,0.06812965333803661,0.015058801810505456,0.012075890935577916,0.18918137518504563,0.026146225938313332,0.037322107554345126,0.46825396825396826,10.0,0.017361826161895366,0.01124493968527206,0.005358588321572644,0.056133658328480496,0.014088577905277178,0.018532048274283786,0.4444444444444444,4.0,2025-09-11,2025-12-10
AAPL,0.07315796195245945,0.020411433354156447,0.015021708399677546,0.33360515711604577,0.0320704309699363,0.045672743500082054,0.4642857142857143,8.0,0.023475757447099423,0.010352264901240731,0.005278940166675797,0.09486692049766376,0.014870259088195826,0.016982703695808427,0.4603174603174603,7.0,2025-10-10,2026-01-12
ABBV,0.0788831632325789,0.018163781333708162,0.015834652748188533,0.20736378370551256,0.02360847787229996,0.045807850779125296,0.47619047619047616,8.0,0.04713950686093957,0.016362905219968474,0.012055076710469553,0.08661551462389971,0.028575618982952366,0.03819732708682663,0.5396825396825397,4.0,2025-10-10,2026-01-12
AMD,0.09179015104667214,0.03659510213510507,0.021192531266186927,0.5426850828522249,0.05322007448880272,0.07285543633342503,0.49206349206349204,6.0,0.10154498055086093,0.034069343525603805,0.020147813601361298,0.2505201427224759,0.04754008317084694,0.06301706132398821,0.5238095238095238,7.0,2025-10-10,2026-01-12
AMZN,0.06144244674894345,0.021263809858021735,0.014850807836144337,0.3087663843187607,0.03163564479865255,0.048001946766723265,0.46825396825396826,6.0,0.03565703543547818,0.020498540503640816,0.01047071675486264,0.1451181126391794,0.026890271856134008,0.033087066373211016,0.4126984126984127,5.0,2025-10-10,2026-01-12
BA,0.07434726368017316,0.02337916504212571,0.016472442680461646,0.26663089214555336,0.03206041341765574,0.049074185351839245,0.46825396825396826,7.0,0.05750516835768614,0.021715685452077034,0.014936407365632762,0.19795820691978183,0.03145969710652639,0.043168987210180976,0.42857142857142855,6.0,2025-10-10,2026-01-12
BAC,0.06030632645513479,0.017501706549026302,0.014700772394671786,0.27509376438882904,0.019581873526476334,0.04244942059771452,0.45634920634920634,6.0,0.028557403037990845,0.013239863920162145,0.009317671185235108,0.0574755563299737,0.02136677538649494,0.026928167678266585,0.4126984126984127,4.0,2025-10-10,2026-01-12
COST,0.04392157849085299,0.013573595358956457,0.009942407300537167,0.1729472292805685,0.01931196522756058,0.032735997455781665,0.5,6.0,0.03499246048445339,0.012362787924441556,0.008053820270231335,0.10867911283222764,0.018847589159560262,0.026399999359917214,0.5396825396825397,5.0,2025-10-10,2026-01-12
CRM,0.05083713598601768,0.020601128470793838,0.013011885996421193,0.36755632869979915,0.03419003785111499,0.043585516393184205,0.4880952380952381,5.0,0.04619776395157147,0.020644317691326613,0.013851181431688096,0.14441364841711912,0.02897664789132598,0.04024063722769991,0.4603174603174603,4.0,2025-10-10,2026-01-12
CVX,0.06384536184755105,0.015487744769337715,0.013544727253982898,0.20639725100157658,0.023417380902996488,0.03953352775684317,0.44841269841269843,8.0,0.03510235285046111,0.014231904823196775,0.009193473365596956,0.05916197914058363,0.018596650663350568,0.026749048671294712,0.47619047619047616,5.0,2025-10-10,2026-01-12
DIS,0.06258115314947608,0.018495920720658744,0.012520369595050604,0.3020228919047675,0.01947315889078956,0.038800053381946684,0.5198412698412699,7.0,0.046997812857178065,0.016011997960199868,0.014505497795425327,0.1261036778945539,0.01875598855458822,0.03629098634793432,0.4444444444444444,4.0,2025-10-10,2026-01-12
EEM,0.03148572499426486,0.011175063793305443,0.008404556074166316,0.15508408184008793,0.01709884282080536,0.025877048568102887,0.4642857142857143,5.0,0.01765123838859659,0.009203167954448265,0.004903121774610163,0.05195497712607988,0.011691486735499468,0.013898055835598305,0.4444444444444444,5.0,2025-10-10,2026-01-12
EFA,0.035189722948971186,0.010542150683494074,0.007949485605942285,0.1405348398406171,0.013479032472203722,0.022466933435244196,0.4523809523809524,7.0,0.01402682433762414,0.0066395280766214804,0.004010602266622737,0.05509525916646574,0.01062640256932591,0.012623695208283298,0.36507936507936506,6.0,2025-10-10,2026-01-12
GLD,0.02593766436864805,0.011158398189177014,0.0071113365512887865,0.08120389771692982,0.01765610155645672,0.02289465023327715,0.3968253968253968,6.0,0.04431671070886899,0.015719526098593756,0.015241196804637482,0.10127740838500288,0.018740141271420263,0.03861344519638141,0.38095238095238093,4.0,2025-10-10,2026-01-12
GOOGL,0.05466505249273377,0.020255207699633022,0.013212693062818045,0.2980587590774304,0.029113400316408872,0.044557483504629666,0.46825396825396826,6.0,0.03030188624842027,0.018334959312879175,0.009619646428069928,0.08201180778716088,0.023650361980857137,0.02713882926081934,0.36507936507936506,5.0,2025-10-10,2026-01-12
HD,0.04025612619930825,0.014109432425684878,0.008310754050563455,0.21791628732717339,0.020630507652790713,0.028587035633260698,0.5436507936507936,6.0,0.054049388239550966,0.016026587469918138,0.011081554467103703,0.1518754888141386,0.019951456286398783,0.03310979753842816,0.5079365079365079,7.0,2025-10-10,2026-01-12
HYG,0.008921830387472756,0.003518127213217792,0.0026872983094797455,0.045607052896726064,0.004021547798061071,0.008078983759636834,0.4523809523809524,4.0,0.002708819327026939,0.0019401954243314424,0.0011101718553389094,0.00961529080617518,0.003018590788572084,0.003468977645583654,0.3333333333333333,3.0,2025-10-10,2026-01-12
IEF,0.008885240556999166,0.003827148637407948,0.0022301599804420216,0.044571819608270724,0.006062643433941244,0.007698653282208013,0.49603174603174605,5.0,0.005003358459968574,0.0023479488838924864,0.0015243206777682036,0.012865256240638945,0.003312542515170813,0.004975847742806211,0.4444444444444444,4.0,2025-10-10,2026-01-12
INTC,0.10513714846921655,0.03957682987424228,0.020326515370715205,0.3380796069817176,0.05277750921328981,0.07022337378411439,0.5317460317460317,7.0,0.07242785439070122,0.03584668078582379,0.018969199959469368,0.19046472621991362,0.04299620280479368,0.058078106477621017,0.47619047619047616,5.0,2025-10-10,2026-01-12
IWM,0.038028956546982545,0.014612566399884959,0.00988451053106094,0.2750308506235887,0.020179846396542505,0.03257528196869212,0.4801587301587302,5.0,0.022590288614242355,0.01225027579293686,0.006972311300692085,0.08476805354080374,0.018425550258658597,0.021887339924238164,0.4444444444444444,4.0,2025-10-10,2026-01-12
JNJ,0.037663422060693126,0.012182358103990463,0.009510965166841698,0.13662187529437153,0.016700287078942215,0.026361716007162826,0.4444444444444444,6.0,0.021400062208954053,0.010317283762849476,0.005944461724709459,0.046038266032443986,0.013873974400535494,0.01724733003206605,0.4444444444444444,5.0,2025-10-10,2026-01-12
JPM,0.04932323749649929,0.016867825936463698,0.012772949949292645,0.24423926616996183,0.01853289202059126,0.03883358954865322,0.42857142857142855,6.0,0.03653994252842022,0.01468999557619586,0.010955538324217702,0.06994159885334428,0.022408048604327824,0.03172756348887146,0.4603174603174603,4.0,2025-10-10,2026-01-12
KO,0.02639649097616302,0.010717033966978365,0.006440743798183776,0.13176672603845363,0.015340323273178308,0.021994843945477578,0.5079365079365079,5.0,0.0278872713153327,0.011102595447437653,0.005929111936544341,0.06982505950479012,0.015450413768374515,0.01908190740204424,0.5238095238095238,6.0,2025-10-10,2026-01-12
LQD,0.012393625046722836,0.004561287118394996,0.0031967683652261284,0.049190998106959594,0.006015964140604074,0.010706636424120636,0.48412698412698413,5.0,0.005831303808279372,0.0027865529474771873,0.0017525776472970787,0.02010340455004067,0.0053045122062928,0.005603243846784206,0.4444444444444444,4.0,2025-10-10,2026-01-12
MA,0.045317834605716874,0.01388867508440479,0.011362155501794091,0.16725375972556522,0.02090171010555254,0.03409912561628291,0.44841269841269843,6.0,0.03463036008736016,0.012189498555646263,0.006871103191936539,0.08050261877263809,0.0176670442528693,0.02034115704089809,0.5238095238095238,7.0,2025-10-10,2026-01-12
META,0.0676724134098725,0.023065673042494718,0.014210311678329708,0.3415080754011869,0.03461119077277527,0.04724718937763253,0.49603174603174605,7.0,0.07537598927970839,0.020387798256910526,0.01974133052563791,0.21621189584778122,0.025878635345283594,0.0490248274628553,0.47619047619047616,5.0,2025-10-10,2026-01-12
MRK,0.06076621605422074,0.018201773845374095,0.013425350160476147,0.330243864858757,0.027146152855108786,0.04406152820941796,0.5119047619047619,6.0,0.0337432767044132,0.01645949161757291,0.009105328634524196,0.08300211847683114,0.019294757652359096,0.027419427830116527,0.4603174603174603,5.0,2025-10-10,2026-01-12
MSFT,0.03860462905512824,0.01554574596263925,0.010800104557089447,0.21825694170864673,0.02163065256752361,0.03396399452203431,0.44047619047619047,5.0,0.04688255186579488,0.011767861807792055,0.00915898449148618,0.12741231806969344,0.024745041746184047,0.027137476330070076,0.49206349206349204,8.0,2025-10-10,2026-01-12
NFLX,0.054488431113166626,0.020727325209302015,0.013661421220653247,0.19151711655301829,0.02733038711039844,0.04237004272712964,0.44841269841269843,6.0,0.10554522232311093,0.021475363127985397,0.019799248054840433,0.279735754433005,0.039071270085727486,0.05767410050683058,0.5873015873015873,6.0,2025-10-10,2026-01-12
NVDA,0.08833868451137954,0.031115297330111324,0.02383742280465797,0.3688103480190249,0.04702328289806066,0.07266187902205087,0.4603174603174603,5.0,0.05091773331309722,0.022214636743105472,0.013470299818279687,0.1743165557340408,0.03645323480458372,0.03957093984112475,0.5238095238095238,4.0,2025-10-10,2026-01-12
PEP,0.05742191294541571,0.014239031667320181,0.00930341750244451,0.2578700900431492,0.023213724567131916,0.03231381217428428,0.5119047619047619,10.0,0.031212202773483633,0.010352154849037882,0.006080299241587721,0.09992791226843512,0.016424674690058573,0.02069631604033212,0.5714285714285714,6.0,2025-10-10,2026-01-12
PFE,0.04722460755213557,0.016842223051202473,0.010689761475839377,0.2617482951650918,0.027078429035064387,0.03689290561518128,0.49603174603174605,6.0,0.029343355662721924,0.013235313637003253,0.008819041319397298,0.05864551618058167,0.019282692973524952,0.026011847138978056,0.4444444444444444,4.0,2025-10-10,2026-01-12
PG,0.037365397584141424,0.011600900560458368,0.009031319040899983,0.1509299696423554,0.01967214073983508,0.028712898491472235,0.46825396825396826,6.0,0.037921877543626394,0.0114179187583391,0.007645539827344031,0.09476033575733378,0.015614569485637286,0.023633329069742998,0.5079365079365079,7.0,2025-10-10,2026-01-12
QQQ,0.0440753694940924,0.014838257319858987,0.011607149974995474,0.2276830193948891,0.02424026925624635,0.03527601790905125,0.42063492063492064,6.0,0.026072117900215887,0.010436741052061169,0.0074491765429188245,0.0788020188002363,0.01906931277368319,0.02087608241004324,0.42857142857142855,5.0,2025-10-10,2026-01-12
SPY,0.03444785162244172,0.012308165243303798,0.009842243320697634,0.18755229084676683,0.016964914588433043,0.02871207928003571,0.42857142857142855,5.0,0.015087764750557111,0.007215570985534491,0.00505586473122725,0.05071364258743005,0.011003110934740245,0.013673401864248869,0.3968253968253968,4.0,2025-10-10,2026-01-12
T,0.04478044629446992,0.014453514565449811,0.011353246072484224,0.12660355491943198,0.02189157594281249,0.03455690314557257,0.44047619047619047,6.0,0.03034089859881928,0.011193292187055962,0.0073405399835853105,0.08997721130157954,0.01820830895678389,0.023920111732328192,0.5079365079365079,5.0,2025-10-10,2026-01-12
TLT,0.021166156761938337,0.008420114305588554,0.005481275655482039,0.09696731224490396,0.013104806602533846,0.018728685544083766,0.4801587301587302,5.0,0.01197636680163503,0.004846755257020149,0.003273962705914338,0.04444340960558224,0.009495687229976934,0.010772508904357936,0.5079365079365079,4.0,2025-10-10,2026-01-12
UNH,0.1543705129713605,0.030831559892860055,0.0306290700340001,0.6139086487241958,0.051324817728371754,0.08823058575386235,0.48412698412698413,8.0,0.04871260246024485,0.016454001445136666,0.00902085230745275,0.15971607613242522,0.02263888021612782,0.02964754716009474,0.5555555555555556,7.0,2025-10-10,2026-01-12
V,0.044170255563997764,0.013955179720428581,0.011233777118549216,0.15009222811640643,0.022228024639586293,0.032659425813339436,0.44047619047619047,6.0,0.03190985065144249,0.012645430337142192,0.006584572356646862,0.07624955166125114,0.01598356363734125,0.020695639560752765,0.5873015873015873,5.0,2025-10-10,2026-01-12
VNQ,0.040463337114957164,0.011272712141189774,0.008370442093961412,0.17454811983931884,0.019655543155468254,0.027485242243067733,0.4603174603174603,8.0,0.018179223282288614,0.007566043224844595,0.005931492605332264,0.04908845896751968,0.011319320890260064,0.0172864242511869,0.4126984126984127,4.0,2025-10-10,2026-01-12
WMT,0.05925677355345612,0.014933166462826926,0.010895094608373545,0.21928022052702345,0.02346203702974533,0.0343129057573287,0.44841269841269843,10.0,0.02594441550504817,0.01537433205482578,0.005753801825716327,0.07722653617343511,0.01594979262515267,0.018135700511730024,0.4603174603174603,7.0,2025-10-10,2026-01-12
XLB,0.06644836594041464,0.012458233268863196,0.008567639658349807,0.23165824497112353,0.01661815320722035,0.02728581408543575,0.503968253968254,14.0,0.02029699995812588,0.01010777855972911,0.005315880941413921,0.05504581973757816,0.01481941303230062,0.016761900544060265,0.47619047619047616,5.0,2025-10-10,2026-01-12
XLE,0.056045645878668233,0.015544017753486792,0.01385855970817978,0.2013728737282423,0.0235724623411204,0.03969782759216331,0.4523809523809524,6.0,0.02313814078695994,0.012296702133490312,0.00704925436161862,0.05132096522588081,0.014462242235725464,0.022492044786791704,0.4444444444444444,4.0,2025-10-10,2026-01-12
XLF,0.037596596685172914,0.012577959794554838,0.010000694718255996,0.15540274739618498,0.018407029724946927,0.029530556455358035,0.4642857142857143,5.0,0.020165748073015393,0.008887789587004973,0.006505080023553353,0.047698860467458526,0.01389199919072226,0.019463946447444924,0.4126984126984127,4.0,2025-10-10,2026-01-12
XLI,0.04118501525817475,0.01211679629143583,0.008648308428882595,0.18490713203871978,0.01512584625749116,0.026334850660764575,0.49603174603174605,7.0,0.01639819310332583,0.008929366103745784,0.005494985343266151,0.05109426358616487,0.015396149658362857,0.016819412720308374,0.3968253968253968,4.0,2025-10-10,2026-01-12
XLK,0.04154370616639446,0.017156081352256346,0.013371651455673702,0.2565631100651935,0.026392854206303395,0.041050899646647696,0.42063492063492064,4.0,0.02132458631902719,0.012831405751575094,0.009096797735299297,0.10515239928366205,0.024668439424699828,0.02791328062701323,0.31746031746031744,3.0,2025-10-10,2026-01-12
XLP,0.02265934688944778,0.008473064964107345,0.0058240891603399915,0.08188478263258536,0.012741461452129715,0.018148774250441726,0.4801587301587302,5.0,0.01824143682237494,0.007997784905293936,0.00441325084412297,0.051918827538600776,0.009803452098137,0.014021356896492587,0.5079365079365079,5.0,2025-10-10,2026-01-12
XLU,0.03302105700263403,0.010563585604559472,0.007619400603197429,0.10504523514443931,0.01680767666144838,0.023816661335489202,0.4444444444444444,7.0,0.02848331328569919,0.008487840323199302,0.006165219325908915,0.09184759733715742,0.013750500438269364,0.0194739886958534,0.5238095238095238,6.0,2025-10-10,2026-01-12
XLV,0.04017046079847376,0.01080467921068722,0.00781742035152646,0.16082805440207548,0.016534759198253583,0.025792504843032475,0.49206349206349204,8.0,0.013577474719228958,0.008200044374499602,0.004190578617045975,0.05548900810864843,0.010066673848420716,0.012505362600641112,0.4444444444444444,4.0,2025-10-10,2026-01-12
XLY,0.05355325959154677,0.015504420088043563,0.01039795431411835,0.26007413100010557,0.024364871411792215,0.03347335563670432,0.45634920634920634,9.0,0.024395940676877958,0.011460877946595567,0.007163887341622893,0.08679495708714058,0.018265343039441773,0.02227524213707527,0.4126984126984127,5.0,2025-10-10,2026-01-12
XOM,0.06705771813466097,0.014684188135123157,0.011708490467956675,0.18075175895526163,0.02537339957026557,0.03643028894090942,0.47619047619047616,10.0,0.022110924443556775,0.013037953324280432,0.0075783410391222815,0.05480217093964446,0.015013749920407993,0.02419947550449722,0.4444444444444444,3.0,2025-10-10,2026-01-12
AAPL,0.07164564753757291,0.020480841684481405,0.015260105742756104,0.3336051571160451,0.0320704309699363,0.045672743500082054,0.4444444444444444,8.0,0.03482962814116342,0.011757130264833564,0.006910640504199091,0.13798523953754416,0.014870259088195826,0.021511589336276338,0.5238095238095238,7.0,2025-11-10,2026-02-11
ABBV,0.074511107970096,0.018019610408537223,0.016203444794293784,0.20736378370551223,0.027540392190788503,0.047428562358780416,0.47619047619047616,7.0,0.041088354727042364,0.016319626457512185,0.011956928624271586,0.08683721741032036,0.028136087086916395,0.036538966225230785,0.47619047619047616,4.0,2025-11-10,2026-02-11
AMD,0.08573602297988157,0.036990255037018374,0.020258692298637238,0.47797359991298194,0.05196360857946092,0.07027961596948042,0.4801587301587302,6.0,0.15744316189236018,0.04011845914778359,0.03332130410420321,0.258702998192308,0.052397719949588514,0.09142556949827796,0.49206349206349204,7.0,2025-11-10,2026-02-11
AMZN,0.062247420367212966,0.021945793629768288,0.014708535476379686,0.30876638431876025,0.03139346079539598,0.04796054779180761,0.4801587301587302,6.0,0.06404417646147556,0.017930493075524384,0.013130750464985068,0.18073064299224684,0.03327293388132868,0.04450758269743221,0.5079365079365079,7.0,2025-11-10,2026-02-11
BA,0.07720593387508547,0.02332102179201781,0.017233467382831578,0.2666308921455529,0.03210788702038908,0.052185498753884195,0.4642857142857143,7.0,0.03689004635552825,0.019815575867302475,0.009581830222215128,0.08378519121643235,0.025556535936928026,0.029995349738662164,0.42857142857142855,6.0,2025-11-10,2026-02-11
BAC,0.060367627338486045,0.01685836131506491,0.015047649043317636,0.2750937643888285,0.021500501619837773,0.04364701307290741,0.4444444444444444,6.0,0.0313220415799533,0.013183052584469786,0.009667296783936205,0.09659390638878651,0.02277264460588857,0.02915300089658779,0.4444444444444444,4.0,2025-11-10,2026-02-11
COST,0.044807301017590125,0.013751160738426468,0.010061762633432043,0.17294722928056816,0.02020371778524868,0.033550406933821546,0.503968253968254,6.0,0.030732479450193962,0.012603158061601753,0.007805074146081006,0.08116058471120202,0.018847589159560262,0.02531736977055249,0.49206349206349204,5.0,2025-11-10,2026-02-11
CRM,0.05368797239312121,0.021479895457023657,0.013528516853028558,0.3675563286997986,0.036193204119055786,0.04495144449441265,0.49603174603174605,5.0,0.11137481706532916,0.02358661294326225,0.02039831814383318,0.30511219682896096,0.047102686248574034,0.061880687871017415,0.5238095238095238,8.0,2025-11-10,2026-02-11
CVX,0.06400026169565247,0.015428562746259412,0.013382228101807675,0.20639725100157646,0.023312372233804186,0.03927575752415993,0.45634920634920634,8.0,0.03207142912297829,0.014651957126537439,0.009417800615477753,0.05856499565513684,0.0176100250079713,0.0253569449324747,0.4126984126984127,5.0,2025-11-10,2026-02-11
DIS,0.062172995721427475,0.018465768715920462,0.012541510380314405,0.30202289190476805,0.01947315889078956,0.038800053381946684,0.5158730158730159,7.0,0.05352971218122835,0.02006514110616424,0.018055656886525436,0.1261036778945538,0.022165366756442716,0.05009193390106051,0.4603174603174603,3.0,2025-11-10,2026-02-11
EEM,0.031082276467322197,0.011398487102552333,0.008482613298850878,0.15041905147460743,0.01709884282080536,0.02565420380905229,0.4523809523809524,5.0,0.017421750121360328,0.009235866623174712,0.005254178608029305,0.04462032972004515,0.011813525715694084,0.015290521489061987,0.3968253968253968,5.0,2025-11-10,2026-02-11
EFA,0.03470966924296182,0.010430087296275705,0.007957203290304167,0.140534839840617,0.012889925494089027,0.02208969348157454,0.4444444444444444,7.0,0.01564742703779434,0.008002370436621388,0.004703405487900058,0.055095259166465516,0.013012983154425372,0.0140674102872487,0.3333333333333333,6.0,2025-11-10,2026-02-11
GLD,0.03293732211789991,0.012458460274128313,0.00891161312713742,0.10127740838500288,0.018616741524470633,0.02627635582807645,0.40476190476190477,6.0,0.05759851614921241,0.021406481002278297,0.022856554027465243,0.1386771322042547,0.025773327969460302,0.0532379803580359,0.36507936507936506,3.0,2025-11-10,2026-02-11
GOOGL,0.05439893890158106,0.02065505564395228,0.013344617046563895,0.29805875907743007,0.029113400316408872,0.044557483504629666,0.4603174603174603,6.0,0.03533223327900452,0.016929062159505213,0.009253680144501184,0.09523121938824919,0.02429122013846029,0.0275363865499699,0.47619047619047616,5.0,2025-11-10,2026-02-11
HD,0.039576842057255535,0.014050657754971685,0.00824218912818614,0.2179162873271736,0.020386842951460808,0.02817615613280727,0.5396825396825397,6.0,0.048493039870838715,0.01641960201093661,0.01058379838450845,0.11185333738519454,0.015917745490086767,0.03098162586269812,0.47619047619047616,7.0,2025-11-10,2026-02-11
HYG,0.008824421743227912,0.003538363590988071,0.0027082118701214695,0.04560705289672651,0.004021547798061071,0.008078983759636834,0.44047619047619047,4.0,0.0026083017917510687,0.0015431634709939589,0.0009670610456704174,0.007436083267051474,0.001970664454596516,0.0027868286080278415,0.38095238095238093,3.0,2025-11-10,2026-02-11
IEF,0.008133931209960935,0.0037245395647843124,0.002114822114589843,0.039880235566868816,0.00570442095532766,0.0072552557207437455,0.47619047619047616,5.0,0.004479681587242158,0.0022608719943539675,0.0012844965124708695,0.015623409442541147,0.0032944845036042337,0.0041224261193924805,0.47619047619047616,4.0,2025-11-10,2026-02-11
INTC,0.10627994631716564,0.03956624552451795,0.0207245895318473,0.33807960698171813,0.05415069596130781,0.0709701711765226,0.5277777777777778,7.0,0.12953368266864793,0.047490207727954405,0.032897443217434395,0.21778346986045027,0.056745470818972986,0.09098288240757735,0.49206349206349204,5.0,2025-11-10,2026-02-11
IWM,0.03792215225944829,0.01437016512348574,0.009856749892832788,0.2750308506235887,0.020350947926350976,0.03263072172645357,0.4801587301587302,5.0,0.022570914385906915,0.011951735269058805,0.006966331600588554,0.061947213733494544,0.018413255312218012,0.021239013709600046,0.4444444444444444,4.0,2025-11-10,2026-02-11
JNJ,0.03835621413153777,0.012123906594184419,0.00947835738820468,0.12725088844516508,0.016723253617282625,0.026412692258841283,0.45634920634920634,6.0,0.01797146651270262,0.010475407154920912,0.005562596777741287,0.04603826603244465,0.009574861538104685,0.015221052556568276,0.38095238095238093,5.0,2025-11-10,2026-02-11
JPM,0.04959455084718699,0.01524130511895636,0.012933023038744884,0.24423926616996205,0.020469053630154777,0.039106752607991464,0.4246031746031746,6.0,0.046773033710827416,0.016765559598068903,0.012373818442017834,0.11024765763484412,0.03036896989890466,0.03844199312308916,0.5238095238095238,4.0,2025-11-10,2026-02-11
KO,0.025931482827668998,0.010995439436929476,0.006405386196476007,0.09818484031254104,0.014434639346253442,0.021457131159427285,0.503968253968254,5.0,0.021964594815578536,0.01052240477757692,0.005229665432280603,0.06982505950479034,0.014733593974103032,0.016351722638092092,0.47619047619047616,6.0,2025-11-10,2026-02-11
LQD,0.01145344932553612,0.004436671380162565,0.0030801108743971637,0.04721765991403415,0.0057067256630078,0.009910377747536602,0.4603174603174603,5.0,0.005814600381589957,0.0026540872493756354,0.0016946012041063627,0.013134607049918978,0.004880172776546132,0.005602891964850282,0.4603174603174603,4.0,2025-11-10,2026-02-11
MA,0.04986668852443569,0.01385649315228295,0.011295860330435996,0.16725375972556566,0.02090171010555254,0.033754949076327555,0.45634920634920634,7.0,0.030123539775200218,0.014346183632113258,0.0077035507361623125,0.1019202099540032,0.0176670442528693,0.02509227399077324,0.5396825396825397,4.0,2025-11-10,2026-02-11
META,0.07608760124920305,0.024072682170635667,0.016606420907564156,0.3415080754011869,0.03461119077277527,0.052818095794650875,0.47619047619047616,7.0,0.036883628764405436,0.021702775850476325,0.008196361947645652,0.10408896175098925,0.025872210758361148,0.029298581564739773,0.5555555555555556,5.0,2025-11-10,2026-02-11
MRK,0.060259151068892035,0.01830957989883972,0.013749824401811654,0.2802977360316371,0.027474886413110113,0.045070826846316595,0.49603174603174605,6.0,0.02740912015415977,0.017424167608507696,0.008701307985447547,0.08300211847683125,0.019792108820598585,0.026047246257408008,0.42857142857142855,4.0,2025-11-10,2026-02-11
MSFT,0.047119622695355655,0.015249523365231832,0.00985254625956002,0.2182569417086473,0.02163065256752361,0.03155086506992307,0.45634920634920634,8.0,0.07617628224252265,0.01965099637783677,0.018741783726334938,0.22837815589662003,0.02732051089818207,0.051388131628702205,0.5079365079365079,5.0,2025-11-10,2026-02-11
NFLX,0.06474682635120538,0.02067752873195888,0.015883059855274044,0.19151711655301806,0.028243634870702188,0.04800584754216327,0.4603174603174603,6.0,0.07652507018139137,0.018119757505667394,0.013803223337191807,0.31213820521311386,0.03638072742173282,0.0416138770409572,0.6031746031746031,6.0,2025-11-10,2026-02-11
NVDA,0.08873655283084102,0.031313507301718856,0.023592654919310903,0.36881034801902446,0.04451889186118556,0.0725007268612008,0.46825396825396826,5.0,0.052727713248500445,0.021839649045744272,0.012554217440119152,0.11790755233407946,0.033958368282319226,0.03796969593507318,0.5238095238095238,5.0,2025-11-10,2026-02-11
PEP,0.03890205300016075,0.01437629360413627,0.009376789667369425,0.20866439406337867,0.024119491792370537,0.03254854807821542,0.5158730158730159,5.0,0.022938683645469533,0.012926220746549658,0.005958099648173904,0.0939691005654536,0.015755301390001485,0.019671125070588824,0.42857142857142855,6.0,2025-11-10,2026-02-11
PFE,0.05883233076152391,0.016537166475136665,0.010759945286165806,0.19769601729618602,0.02520857926051751,0.03674233624556009,0.4801587301587302,9.0,0.02829594578898867,0.015881043281694467,0.010268690004068468,0.05864551618058167,0.023975528772090214,0.029973033842743108,0.4126984126984127,3.0,2025-11-10,2026-02-11
PG,0.036109082523018796,0.011639046433067386,0.008857927891649632,0.16892529228578457,0.019005025427658796,0.027991288308726565,0.4603174603174603,6.0,0.034735289725683474,0.012016931095846154,0.007703390866583029,0.08534327172859513,0.013343166802821216,0.02264683964905631,0.4603174603174603,7.0,2025-11-10,2026-02-11
QQQ,0.04426082416607998,0.014908072797313196,0.011496317965215578,0.2276830193948891,0.02275703471770202,0.03516703531641271,0.42857142857142855,6.0,0.027164442946839878,0.010045077111699108,0.007330087779305998,0.05775697703809057,0.01906029513451444,0.021113326609303484,0.4603174603174603,5.0,2025-11-10,2026-02-11
SPY,0.033906348763812835,0.01227880887373572,0.009822077221263242,0.1875522908467665,0.016597700408447335,0.02850037601726543,0.42063492063492064,5.0,0.018769083967834277,0.00725881621888727,0.005461902741962355,0.04514329836626241,0.012340799078215748,0.01617062989153853,0.47619047619047616,4.0,2025-11-10,2026-02-11
T,0.0463985278287183,0.014374313000750764,0.011641812437023863,0.16599857708280719,0.022572187095353365,0.0356322207879461,0.4444444444444444,6.0,0.019778728917432615,0.014287608250411414,0.005337117326926261,0.10570135232536115,0.015178515311671836,0.017582596908703035,0.4603174603174603,5.0,2025-11-10,2026-02-11
TLT,0.019618804851703517,0.008038750453969946,0.005041485708903892,0.09437611178292382,0.011944195901054833,0.016797135195192922,0.48412698412698413,5.0,0.010325746381251099,0.005157010636931956,0.0032780147242066978,0.03687248727021064,0.008186833222199385,0.010849053139666776,0.49206349206349204,3.0,2025-11-10,2026-02-11
UNH,0.15523275042982512,0.03033740449365198,0.02961552778346786,0.6139086487241956,0.04900432882996203,0.08589008149586842,0.503968253968254,8.0,0.17397383317214188,0.030741888475017985,0.03221737651335961,0.24619662570261447,0.026382035345113485,0.07097188908484517,0.5555555555555556,7.0,2025-11-10,2026-02-11
V,0.04550858993095406,0.013667059787097768,0.01124580956085986,0.15009222811640655,0.02241904919119464,0.03323079873058831,0.45634920634920634,6.0,0.041701605041683465,0.014391984945022177,0.009267023342596326,0.09992736929241697,0.018088770978064172,0.027891440970598008,0.5555555555555556,5.0,2025-11-10,2026-02-11
VNQ,0.04126553073779694,0.011184791572262518,0.008536387756056677,0.17454811983931973,0.019681706256252863,0.027828924344434538,0.4603174603174603,8.0,0.013943240895251592,0.007503326479823756,0.004426425681032252,0.03411796329820249,0.010346101902030747,0.01317055507395154,0.42857142857142855,4.0,2025-11-10,2026-02-11
WMT,0.06022027946149655,0.015322682364261804,0.010833277786724247,0.21928022052702367,0.02386455981503863,0.0343129057573287,0.4603174603174603,10.0,0.02072305120486301,0.015733537113047563,0.00568212694326889,0.0504323407884264,0.016244379094074723,0.01687468465811212,0.4444444444444444,5.0,2025-11-10,2026-02-11
XLB,0.06843230953447738,0.012559814614613541,0.008534149783416118,0.2132032703920036,0.01758223220977586,0.0274883258289982,0.5198412698412699,14.0,0.019358886747381728,0.011184075773924426,0.006828531480557929,0.04186040405110236,0.014895884656802305,0.018547990055908764,0.36507936507936506,4.0,2025-11-10,2026-02-11
XLE,0.05484218450752945,0.015330063549375552,0.013760402658252843,0.20137287372824297,0.022743116957922915,0.03899787518146494,0.4444444444444444,6.0,0.022310818544738775,0.01395498129707745,0.007396955969133823,0.0513209652258807,0.017882770975265715,0.023760381889612714,0.3968253968253968,4.0,2025-11-10,2026-02-11
XLF,0.03825498738753733,0.012060475677500807,0.01021669341875997,0.1554027473961851,0.018885683440206524,0.030244150152333307,0.4603174603174603,5.0,0.021500830732545276,0.009485057371330175,0.006067253822234999,0.06489356967932258,0.015014093926583783,0.019035207022498002,0.49206349206349204,4.0,2025-11-10,2026-02-11
XLI,0.040291746432045215,0.011854953939157909,0.008727213595565348,0.18490713203871934,0.01512584625749116,0.026334850660764575,0.4801587301587302,7.0,0.01721203706968827,0.009716386322933463,0.006071265280313322,0.042489774832393024,0.01613846250094415,0.01799729446339776,0.36507936507936506,4.0,2025-11-10,2026-02-11
XLK,0.04059815592814417,0.017184060096053323,0.013246311898953565,0.2565631100651936,0.02608130780146323,0.040612487187915214,0.4126984126984127,4.0,0.023396852506676336,0.013910373784093906,0.009284465280427116,0.09113447015311904,0.025856068415118748,0.028536349980397946,0.36507936507936506,3.0,2025-11-10,2026-02-11
XLP,0.02349073587625375,0.008662845465178495,0.005896269045244415,0.08533079997488713,0.012741461452129715,0.01870781327670681,0.49206349206349204,5.0,0.00961067223422627,0.007835775916584116,0.0031002168497504087,0.030323789945745583,0.008221344154652765,0.010227716372273099,0.4126984126984127,4.0,2025-11-10,2026-02-11
XLU,0.03275447756677448,0.010258249764202325,0.007503515777249134,0.10504523514444075,0.01611244749274443,0.022978821058928404,0.44841269841269843,7.0,0.02442032335207127,0.008706722880764932,0.00608717737514973,0.06910109689104693,0.013750500438269364,0.018996235833695307,0.4444444444444444,6.0,2025-11-10,2026-02-11
XLV,0.03941624685878322,0.010729884658930508,0.008033038357674178,0.1363696082992628,0.016534759198253583,0.025792504843032475,0.46825396825396826,8.0,0.016030860989142245,0.009504328235607547,0.004099602898457893,0.05548900810864843,0.011767729655853588,0.014169133172048931,0.5396825396825397,4.0,2025-11-10,2026-02-11
XLY,0.052922867476519225,0.015547363911783803,0.010500568943753815,0.2600741310001057,0.024364871411792215,0.03347335563670432,0.4444444444444444,9.0,0.028354182380806357,0.010541672525663886,0.006976028998452358,0.07676895210064416,0.018183395109688215,0.022745414346562326,0.5079365079365079,5.0,2025-11-10,2026-02-11
XOM,0.06549376311083961,0.014589632236018685,0.011608682879434534,0.17310053420784977,0.025091019121438983,0.036055873854515315,0.46825396825396826,10.0,0.021671124802880734,0.01508911934567048,0.008301438936587377,0.05480217093964446,0.020444956823285232,0.025725164793548555,0.38095238095238093,3.0,2025-11-10,2026-02-11
AAPL,0.07277419520449374,0.020530776704159186,0.014994683077848984,0.33360515711604455,0.0320704309699363,0.045672743500082054,0.4642857142857143,8.0,0.05724784780391792,0.014726790815590023,0.010980076629058332,0.11348283458651387,0.022665233053542188,0.03485030751186027,0.5396825396825397,7.0,2025-12-10,2026-03-13
ABBV,0.056337597992522734,0.016340807581356438,0.012251370081375296,0.20736378370551234,0.02360847787229996,0.039675003377460855,0.47619047619047616,7.0,0.03989670487350364,0.01591449648223003,0.011610152211866138,0.07564865459152181,0.02507152535895766,0.03568769907857558,0.47619047619047616,4.0,2025-12-10,2026-03-13
AMD,0.09611699046941923,0.03804839580610801,0.02097791458657959,0.4023840299341379,0.05501166709622105,0.07212355044121657,0.47619047619047616,7.0,0.12821135434364977,0.03916200897418189,0.030526512938964228,0.26467189489392307,0.047148438654499004,0.08384556520075612,0.5238095238095238,5.0,2025-12-10,2026-03-13
AMZN,0.06274981391793102,0.021854542963314797,0.014714061705142556,0.30876638431876025,0.03139346079539598,0.048143167799690315,0.48412698412698413,6.0,0.06747633371428007,0.017831551273002025,0.012240604755424957,0.19641850851970644,0.026006982477126173,0.03997133162501071,0.49206349206349204,9.0,2025-12-10,2026-03-13
BA,0.07866788609823287,0.023871048466399314,0.01716957831509051,0.26663089214555336,0.03210788702038908,0.052048059720602974,0.47619047619047616,7.0,0.04371119000002501,0.017677142737405584,0.011038179292935608,0.18794368644364667,0.026403208364970555,0.033372816488048795,0.4444444444444444,6.0,2025-12-10,2026-03-13
BAC,0.06053799625241711,0.016936308211003667,0.015201073105903856,0.2750937643888285,0.022905231032359964,0.04364857606287069,0.44047619047619047,6.0,0.043885426880467746,0.015662004813240864,0.011996898000833334,0.17931673671440063,0.028595367526581407,0.03778766759194743,0.5079365079365079,4.0,2025-12-10,2026-03-13
COST,0.046306959869691536,0.013553002174463352,0.010146943397741172,0.18466396339563151,0.021235244654967206,0.03419477701546704,0.5158730158730159,6.0,0.027208927281506676,0.01286409339259158,0.006910203754033442,0.04242610722261897,0.015393572206979577,0.023311238793164546,0.49206349206349204,5.0,2025-12-10,2026-03-13
CRM,0.05303710106775964,0.020240543624138355,0.013364507610328322,0.3708133813015533,0.035667848821999415,0.04477637308772915,0.49603174603174605,5.0,0.12079034550444828,0.02478879440868735,0.019910496511722244,0.3308041765307663,0.047102686248574034,0.061880687871017415,0.5714285714285714,8.0,2025-12-10,2026-03-13
CVX,0.06336836312509457,0.015416405796384038,0.013250100348195905,0.20639725100157646,0.02327584384579833,0.0390931320802705,0.45634920634920634,8.0,0.028738562735573802,0.014979015833669366,0.00963020620768787,0.05279223416066414,0.01658756321051752,0.025001877247176063,0.3968253968253968,4.0,2025-12-10,2026-03-13
DIS,0.07003686262538708,0.018674538232092176,0.013780401211013663,0.28562136087452317,0.02173413313509114,0.04333048212599885,0.5277777777777778,7.0,0.06327935724324694,0.017852983091910715,0.01456429650836636,0.1431653261572945,0.019676751748666222,0.04330463955827768,0.5396825396825397,5.0,2025-12-10,2026-03-13
EEM,0.03043220899236128,0.011226771264701141,0.00833262865267035,0.15041905147460777,0.015972133924062465,0.024841462425167264,0.4523809523809524,5.0,0.03781219329279903,0.013205703662203085,0.01080348379794258,0.10282735509404617,0.021679491260761297,0.03206400151261915,0.42857142857142855,5.0,2025-12-10,2026-03-13
EFA,0.03474460508078879,0.010481101602753841,0.007880580789493425,0.140534839840617,0.01296670719995351,0.021664700882008232,0.44841269841269843,7.0,0.022764417261555227,0.009406384189717894,0.007628287971244256,0.08858607377450334,0.015606636778999016,0.02209133246110434,0.3968253968253968,4.0,2025-12-10,2026-03-13
GLD,0.026578280579424914,0.012209061283279275,0.008730519855234374,0.10127740838500277,0.018082029191536723,0.02501836844120054,0.4087301587301587,4.0,0.058701603365530035,0.023896563729718608,0.023294287049813504,0.1386771322042547,0.03951734216759636,0.05773310720541369,0.36507936507936506,3.0,2025-12-10,2026-03-13
GOOGL,0.0529444005508265,0.020973511362442094,0.013083302444919247,0.29805875907742985,0.027378261396446765,0.043091526536885895,0.45634920634920634,6.0,0.03765167812265706,0.013870336455827748,0.00836703958281268,0.13142658264301865,0.02421003764794628,0.026499243649840715,0.5555555555555556,5.0,2025-12-10,2026-03-13
HD,0.04958937509814725,0.014717579586768314,0.009137484455335899,0.2150111154056662,0.0212700569774639,0.031225046205658778,0.5555555555555556,7.0,0.023852097828252577,0.014229734172916795,0.007572094548651611,0.1274877129306854,0.02290506866547346,0.02620849322505367,0.49206349206349204,3.0,2025-12-10,2026-03-13
HYG,0.008697157424145133,0.0035372172238596327,0.0027081202552781663,0.04560705289672595,0.0040604222299053475,0.008084206916464361,0.43253968253968256,4.0,0.005315370494704068,0.0019000627521017417,0.0014272754106149815,0.017426207789036807,0.0025556664085519707,0.004456553063332758,0.49206349206349204,4.0,2025-12-10,2026-03-13
IEF,0.00787417607864941,0.003623489142659494,0.0020630341326061457,0.036543073022040184,0.005601798521634888,0.007205655881490554,0.4722222222222222,5.0,0.006616935679109599,0.0025312937390391953,0.0014644037978357308,0.02166687709197601,0.0037895960007575226,0.004593390098525718,0.5396825396825397,5.0,2025-12-10,2026-03-13
INTC,0.10502399511803241,0.04030250984791175,0.021004799023606486,0.338079606981718,0.05410489480240749,0.07200754799911536,0.5158730158730159,7.0,0.13383387957570736,0.04583209606479955,0.03186520942278746,0.21778346986045038,0.056714819237229666,0.0865832515391165,0.5238095238095238,5.0,2025-12-10,2026-03-13
IWM,0.0385997189950838,0.014614628771261868,0.010109450212998137,0.2609138752312409,0.020679593874186268,0.03322614467839287,0.47619047619047616,5.0,0.023904698804158672,0.011503018068332187,0.006956393831898025,0.08599284288384146,0.01903720688060474,0.02097421702196195,0.47619047619047616,4.0,2025-12-10,2026-03-13
JNJ,0.033894848642410214,0.012307846525472888,0.00968424246926006,0.12725088844516463,0.016723253617282625,0.026412692258841283,0.42857142857142855,5.0,0.018134400387362606,0.010272857084660712,0.006296666801167572,0.04603826603244443,0.014155497278348727,0.019603997418631308,0.4444444444444444,3.0,2025-12-10,2026-03-13
JPM,0.050936713918821194,0.015705790266390116,0.013098539254749382,0.2442392661699615,0.022117626918270954,0.0403590317110497,0.43253968253968256,6.0,0.050161571990006946,0.015635506584019958,0.011545123711985725,0.1545679228343192,0.02602945179812314,0.03538812293921467,0.5396825396825397,5.0,2025-12-10,2026-03-13
KO,0.02549305689642569,0.011019013557930108,0.0063478727331737275,0.0981848403125406,0.014434639346253442,0.021239184576047565,0.5,5.0,0.02380892602739631,0.0105899442163566,0.005668791911284834,0.05554184486328406,0.0155537548145531,0.01619941740324607,0.47619047619047616,6.0,2025-12-10,2026-03-13
LQD,0.011291286264404812,0.004277893172758455,0.003036501286244322,0.04480170819737572,0.005651874670621765,0.009651775844191976,0.4603174603174603,5.0,0.008535629680375814,0.0029468869767656555,0.0021766633064710635,0.028443999514818796,0.005980699620812391,0.006784914168395079,0.5238095238095238,4.0,2025-12-10,2026-03-13
MA,0.05010590124418204,0.01409985927671135,0.011267200015226119,0.16725375972556566,0.02090171010555254,0.033754949076327555,0.4603174603174603,7.0,0.04768892439850048,0.015904257384109447,0.011354505809166781,0.1439931294852338,0.020604758633804555,0.03514310508765603,0.5238095238095238,5.0,2025-12-10,2026-03-13
META,0.0768846817528714,0.02406694839444177,0.016271890318068024,0.3415080754011869,0.03175458874876,0.052322073627642504,0.49206349206349204,7.0,0.03859046614821273,0.02161058904794877,0.009800753307482599,0.16876376351901856,0.028218675061462594,0.032237569889638745,0.49206349206349204,5.0,2025-12-10,2026-03-13
MRK,0.06024615237514208,0.019018556886787392,0.01374685838331746,0.28029773603163755,0.027537591303125535,0.04515826896257457,0.49603174603174605,6.0,0.031065819107466208,0.015125511453683028,0.009862164796021018,0.06713470817778289,0.019810035442435824,0.028939135095022495,0.42857142857142855,4.0,2025-12-10,2026-03-13
MSFT,0.04864571309948341,0.015463358191776489,0.009948909577733174,0.21825694170864773,0.02346950359794518,0.03203046444873035,0.46825396825396826,8.0,0.0836168064800636,0.019539232578057973,0.018581512551125244,0.21038574631268425,0.028248446742054543,0.05257960439917611,0.5555555555555556,5.0,2025-12-10,2026-03-13
NFLX,0.07146538392039108,0.021555273151856756,0.016242132709179787,0.3076848179640177,0.03468887591554666,0.050999144951733424,0.5,6.0,0.05339174096475551,0.02442336079846953,0.011556653888475217,0.20306756313986984,0.03130853106559953,0.03662211017153927,0.5238095238095238,6.0,2025-12-10,2026-03-13
NVDA,0.08889618296165887,0.03120629521167985,0.023458714948215532,0.368810348019025,0.04451889186118556,0.0725007268612008,0.4722222222222222,5.0,0.0551691461484268,0.022414632314777784,0.014449062086492733,0.10716323550185014,0.037745141170735706,0.044543545587344635,0.47619047619047616,5.0,2025-12-10,2026-03-13
PEP,0.03719885401356815,0.014373586970416418,0.009040358943536482,0.18927878310665525,0.023213724567131916,0.03130141968843581,0.5119047619047619,5.0,0.02867497832255547,0.013473857608235199,0.0068273757910846345,0.09396910056545382,0.01930350953693607,0.022591443230072172,0.47619047619047616,6.0,2025-12-10,2026-03-13
PFE,0.05685596874631829,0.0166246775915974,0.010480362902547152,0.19769601729618624,0.02398643616728838,0.035174674770991565,0.47619047619047616,9.0,0.027667534661780853,0.01394572028959824,0.009354801678675901,0.05864551618058178,0.0236551491685159,0.029132870142422607,0.4444444444444444,3.0,2025-12-10,2026-03-13
PG,0.03874868184379818,0.011773579191528345,0.009052118721206022,0.199283107135235,0.01967214073983508,0.02944342166809881,0.48412698412698413,6.0,0.029902578372964946,0.012710718476191278,0.006921893141890034,0.09988033501748639,0.018277932959394394,0.022717035821329334,0.4444444444444444,7.0,2025-12-10,2026-03-13
QQQ,0.04444238038981223,0.015013368482964126,0.011463312402134107,0.22768301939488877,0.022687693834173267,0.03515518217392916,0.43253968253968256,6.0,0.02730066863143326,0.010043104196252055,0.006716831171225643,0.06237955127645922,0.01843032914822936,0.019810359786960635,0.5079365079365079,5.0,2025-12-10,2026-03-13
SPY,0.03440606114684448,0.01240589787249911,0.009762037190473733,0.18755229084676628,0.01670969803698604,0.02850037601726543,0.43253968253968256,5.0,0.020330611842944796,0.007270485504797581,0.005199186450135794,0.0477361179262088,0.013045313232296097,0.016024417353447062,0.5396825396825397,4.0,2025-12-10,2026-03-13
T,0.046389017646325324,0.014126520372408748,0.011470738908909532,0.1677048369946602,0.022572187095353365,0.0356322207879461,0.4523809523809524,6.0,0.026079732685582325,0.015891937717421166,0.009085152779813515,0.06321858282123205,0.01912429247492835,0.026422321089381445,0.42857142857142855,3.0,2025-12-10,2026-03-13
TLT,0.01955977195758138,0.007711963831738133,0.0049873522122916665,0.09231061363621362,0.011944195901054833,0.01660140449075872,0.4880952380952381,5.0,0.01445620531474686,0.005674954445304056,0.0034419536463683,0.043957501008294764,0.010001782895003952,0.01167502281995117,0.5238095238095238,5.0,2025-12-10,2026-03-13
UNH,0.15311649852902728,0.030264554406101016,0.0294454804863514,0.6005506790744599,0.04519202952119507,0.08528050612456406,0.5,8.0,0.1666539528804205,0.03038241921310233,0.03306626049214693,0.24619662570261447,0.028543241025753487,0.07089533726701536,0.5238095238095238,7.0,2025-12-10,2026-03-13
V,0.04617798610876624,0.013805516762209997,0.01116134584879992,0.1500922281164062,0.02241904919119464,0.03323079873058831,0.46825396825396826,6.0,0.05917683247905137,0.015810388560028626,0.011741435015684795,0.1410334819920237,0.028921864281677933,0.037700708908507075,0.5238095238095238,7.0,2025-12-10,2026-03-13
VNQ,0.0411536076775024,0.011135395935983776,0.008450173810581246,0.15113114275857986,0.019681706256252863,0.027828924344434538,0.4642857142857143,8.0,0.012648525782239956,0.0073445190437902465,0.0046428120430841106,0.04086303523479007,0.010360116355276883,0.012887657741398273,0.4126984126984127,3.0,2025-12-10,2026-03-13
WMT,0.06114602677504716,0.015902452604242823,0.01071882541076524,0.21928022052702378,0.02386455981503863,0.0343129057573287,0.4722222222222222,10.0,0.03373898597172199,0.015807346967354582,0.008836401087831949,0.0814101492919389,0.01722283133807877,0.02703502821745918,0.47619047619047616,5.0,2025-12-10,2026-03-13
XLB,0.049499935315356784,0.012733441343184668,0.008590780512275058,0.18366298096897793,0.01719002712212713,0.0274883258289982,0.5079365079365079,9.0,0.02854073075396239,0.011421240042768583,0.008055851422489385,0.08261843335159713,0.018901244131388096,0.022866346601976673,0.42857142857142855,5.0,2025-12-10,2026-03-13
XLE,0.05375510922254944,0.015403536829883258,0.013683118711194403,0.1879314708399663,0.0221742237083688,0.038867222567137975,0.4365079365079365,6.0,0.022804909097936414,0.01391124424538864,0.007560767353258489,0.04677976924478899,0.0178211440358918,0.023743263295342182,0.3968253968253968,4.0,2025-12-10,2026-03-13
XLF,0.03832347381003328,0.012138829236113691,0.010234983969346238,0.15540274739618531,0.0191847874352937,0.030244150152333307,0.4603174603174603,5.0,0.037917241898701014,0.010724855681794909,0.007660048868424446,0.1342198247738816,0.019835308977816057,0.02414937108268328,0.5555555555555556,6.0,2025-12-10,2026-03-13
XLI,0.03328668985167122,0.011940213100612822,0.008850032619293539,0.17570683542788068,0.01541479832753106,0.026335583286140368,0.46825396825396826,5.0,0.022234472533828674,0.010500130443269338,0.007254633895517292,0.07965347450987526,0.01928888882738079,0.02170673691395028,0.4126984126984127,4.0,2025-12-10,2026-03-13
XLK,0.039955563434261064,0.017352399331222304,0.013388989510598944,0.2565631100651934,0.026710121319894756,0.04099652377127245,0.3968253968253968,4.0,0.02506396565087725,0.014144485585121401,0.008590472098082927,0.09113447015311893,0.025585825795465124,0.027263347483341027,0.4444444444444444,3.0,2025-12-10,2026-03-13
XLP,0.023795741576617797,0.008751274562616786,0.005900960108717719,0.08533079997488657,0.012741461452129715,0.01870781327670681,0.49603174603174605,5.0,0.01597787974625105,0.008801749279175475,0.004790545955666099,0.0639928672572031,0.012961494550751107,0.015584664816738092,0.4603174603174603,4.0,2025-12-10,2026-03-13
XLU,0.03334037787392117,0.01017593849087888,0.00744204863257169,0.08298535621811787,0.01611244749274443,0.023127111760248883,0.4642857142857143,7.0,0.012472507404553669,0.009057691758066653,0.00531662181991343,0.03268383089356841,0.012575249734093453,0.017035668964540895,0.3968253968253968,2.0,2025-12-10,2026-03-13
XLV,0.039413981116253854,0.010942364790763725,0.007911785973382247,0.1363696082992626,0.015688081155302534,0.025635713057718758,0.47619047619047616,8.0,0.020633489051257368,0.008791334723218561,0.004912735488394612,0.06498125460992721,0.012833108237651525,0.01683966676638529,0.5714285714285714,4.0,2025-12-10,2026-03-13
XLY,0.05440409999171016,0.015624566983284367,0.010486051018810349,0.26007413100010646,0.024799232936159092,0.03349606066701439,0.4603174603174603,9.0,0.03130536557539578,0.010096325095340416,0.0069567479056435065,0.10970116546314002,0.020660963803504427,0.02286657546830484,0.5555555555555556,5.0,2025-12-10,2026-03-13
XOM,0.05903024487849193,0.01461961329646709,0.011461371241997441,0.16053425838162694,0.02458469622793934,0.035763373767662594,0.45634920634920634,9.0,0.025382202663825022,0.016828210935749762,0.009467152203241187,0.05480217093964468,0.024119376187769583,0.028686383256085024,0.3968253968253968,3.0,2025-12-10,2026-03-13
AAPL,0.07400639539409395,0.020376577555250106,0.014796760983861887,0.302225915582217,0.0320704309699363,0.045672743500082054,0.4801587301587302,8.0,0.04102615238228372,0.015766864633730657,0.011577044763960133,0.11239481166609355,0.022665233053542188,0.03485030751186027,0.49206349206349204,4.0,2026-01-12,2026-04-14
ABBV,0.05863761479893127,0.01687484697261023,0.012946219734823804,0.20736378370551223,0.028021329414792035,0.04180928548828055,0.46825396825396826,7.0,0.04736299098522936,0.015910436678289737,0.011652799369381826,0.13235110910247772,0.02507152535895766,0.03591569152272525,0.5079365079365079,5.0,2026-01-12,2026-04-14
AMD,0.09676648795042468,0.03802702999485176,0.02127966748909802,0.36800000739820116,0.053581990236410984,0.07202673674581016,0.4722222222222222,7.0,0.11469706287748335,0.040727522903363865,0.03368088354338797,0.2646718948939232,0.0385961526233398,0.08698367347153177,0.4126984126984127,5.0,2026-01-12,2026-04-14
AMZN,0.06087774167603979,0.02173842976395389,0.014604508735413585,0.30876638431876013,0.030511299250805868,0.04696314273883368,0.4722222222222222,6.0,0.06830119378638028,0.02132990304917001,0.012777434211737807,0.18755109025385686,0.033179196540494796,0.04330605871132004,0.47619047619047616,9.0,2026-01-12,2026-04-14
BA,0.07810610597710037,0.023857451432663653,0.01717611126811235,0.2666308921455529,0.03210788702038908,0.052048059720602974,0.4722222222222222,7.0,0.0475251872769012,0.020033091140795573,0.010286837072922337,0.24961328061128618,0.029753803733463334,0.03429397594870173,0.5238095238095238,6.0,2026-01-12,2026-04-14
BAC,0.060125255169522385,0.016902330564680376,0.01514655935267267,0.2750937643888287,0.022905231032359964,0.04316519556270995,0.44047619047619047,6.0,0.038398810972520896,0.016565697783495065,0.012386713216942225,0.16886400964270787,0.028563422154718077,0.03778766759194743,0.4126984126984127,4.0,2026-01-12,2026-04-14
COST,0.046234263037977855,0.013943791808348588,0.010298468586873008,0.20742485309709713,0.022893607388626107,0.03454800633164371,0.5079365079365079,6.0,0.03271458348814064,0.012087901659612136,0.007553150588892498,0.05545389939658829,0.01751260521004413,0.02514938859187235,0.49206349206349204,6.0,2026-01-12,2026-04-14
CRM,0.05294812295882573,0.020279384022726325,0.01376230973731383,0.37081338130155395,0.035667848821999415,0.04512760500998944,0.4801587301587302,5.0,0.11470357871063501,0.02722531167098717,0.01986209155162511,0.3139775956494504,0.059547433988401496,0.06558530995235592,0.6190476190476191,6.0,2026-01-12,2026-04-14
CVX,0.049384510062640406,0.01594418666498671,0.013521949183818206,0.20639725100157646,0.02310317195242891,0.03996646670835232,0.4523809523809524,5.0,0.03183353928647897,0.015046769139495701,0.012000739016728185,0.11427884555614265,0.018372650488409213,0.0330030031246466,0.3968253968253968,3.0,2026-01-12,2026-04-14
DIS,0.0686070662583523,0.01887844862816397,0.013952825975160935,0.2831579254551292,0.02270567095471134,0.043635640850759425,0.5119047619047619,7.0,0.06838850682979265,0.01837467253865158,0.014111914107734989,0.18594206758391407,0.019676751748666222,0.04285075797869631,0.5873015873015873,5.0,2026-01-12,2026-04-14
EEM,0.02941436936577463,0.01122149299127212,0.008287381845119042,0.15041905147460777,0.014698368568595216,0.02421660390556598,0.4365079365079365,5.0,0.0383442537043452,0.017504607461017823,0.012172778953760382,0.13520768184210297,0.03116561106921941,0.03759027572073653,0.42857142857142855,4.0,2026-01-12,2026-04-14
EFA,0.03266757482250793,0.010379426918686947,0.007871704776507935,0.14053483984061732,0.012889925494089027,0.020774496495004964,0.4166666666666667,7.0,0.028479991559046534,0.01309589491329783,0.008790120851557573,0.11423439676651259,0.020595753461528154,0.026004929549877404,0.4444444444444444,4.0,2026-01-12,2026-04-14
GLD,0.02802124178258571,0.012592586693078034,0.00945160933142772,0.10127740838500277,0.018082029191536723,0.026890924142385166,0.39285714285714285,4.0,0.11494775209889041,0.02603828996860867,0.021503831174962493,0.19209514099718183,0.03980391016068167,0.057154797386265915,0.47619047619047616,9.0,2026-01-12,2026-04-14
GOOGL,0.053199119708310524,0.02028529935863605,0.013242205122198506,0.29805875907743007,0.027378261396446765,0.04279976224204635,0.4523809523809524,6.0,0.04320267507905528,0.017880921924005595,0.009600594462012285,0.20366455344221246,0.02421003764794628,0.030611639320169415,0.5555555555555556,5.0,2026-01-12,2026-04-14
HD,0.04674209271911597,0.014895078511346617,0.00900080138681516,0.21501111540566675,0.020386842951460808,0.03049316461502884,0.5357142857142857,7.0,0.026515083541344086,0.016081390590206995,0.007716029601978438,0.17938579005616506,0.02411750470089722,0.027098699945287158,0.47619047619047616,4.0,2026-01-12,2026-04-14
HYG,0.00831164803045375,0.003414847647385444,0.0026439382175726537,0.045607052896726064,0.0038902580780484307,0.007604343705912692,0.42063492063492064,4.0,0.008019237293146013,0.0032146132658964583,0.002227565914762781,0.023381160683789703,0.00511042992013021,0.006777154017702375,0.47619047619047616,4.0,2026-01-12,2026-04-14
IEF,0.007663673370179677,0.0035187838540930477,0.002045681736263101,0.03216156311536689,0.005470683787767849,0.007039838011501594,0.4642857142857143,5.0,0.009402658675596223,0.003251545140885028,0.0022350582097728725,0.03190162298282562,0.004573058290476106,0.006909844670693638,0.5079365079365079,5.0,2026-01-12,2026-04-14
INTC,0.1057928606002685,0.04109144066144216,0.02098225068571992,0.3380796069817176,0.05247410244681576,0.07177423872311851,0.5198412698412699,7.0,0.1216013080130723,0.04939224883307287,0.033778141114742304,0.24171577948970968,0.057209688615988206,0.08867906121422978,0.4444444444444444,5.0,2026-01-12,2026-04-14
IWM,0.036431393554896795,0.014388375413200014,0.009686124476897163,0.23751122335423092,0.020350947926350976,0.03138786666535925,0.46825396825396826,5.0,0.023343515343361494,0.013603576091266745,0.00761649089686398,0.11028496929304932,0.020287054538018944,0.02166062545361422,0.4126984126984127,4.0,2026-01-12,2026-04-14
JNJ,0.0331790735373674,0.01227189724153566,0.009611398286618333,0.12725088844516508,0.0150825383543375,0.025714982853211738,0.42063492063492064,5.0,0.019912864525749214,0.009667944773222163,0.005970347388672604,0.0534679763154331,0.011691843297782634,0.018428847363637174,0.4603174603174603,4.0,2026-01-12,2026-04-14
JPM,0.050349308268378475,0.015763143977341784,0.013038665487827094,0.24423926616996194,0.021929612835511113,0.039532269994609376,0.42857142857142855,6.0,0.04674167144708843,0.016286468806386876,0.012241866331380302,0.12270473024451922,0.029848387346595995,0.03636897041290996,0.47619047619047616,5.0,2026-01-12,2026-04-14
KO,0.028692817980737945,0.011158522934625171,0.006443153621172591,0.09818484031254082,0.015173339269853592,0.021438994451606276,0.503968253968254,6.0,0.018709529594515193,0.010545810520318747,0.005774546171146665,0.07818238306156922,0.0155537548145531,0.017443941740852592,0.4444444444444444,4.0,2026-01-12,2026-04-14
LQD,0.010950025653829885,0.004154022093137127,0.0029784069778417284,0.03564652837937665,0.005522881825677073,0.00916305477914468,0.4523809523809524,5.0,0.010007661764192315,0.0038874639094365975,0.002916622736376631,0.03338391181428402,0.006778092823539095,0.008781313207153724,0.4603174603174603,4.0,2026-01-12,2026-04-14
MA,0.05015585957080471,0.014347994441149646,0.011278434030471959,0.16725375972556578,0.020799636956056265,0.033754949076327555,0.4603174603174603,7.0,0.05031917675134128,0.016608953251357476,0.012380114915012537,0.12807671058856251,0.03211722442443312,0.04100696821803329,0.5079365079365079,5.0,2026-01-12,2026-04-14
META,0.07534312830898925,0.023710986007422864,0.016319361455816122,0.341508075401187,0.029480798502118002,0.051889278553657006,0.4801587301587302,7.0,0.05947951969992368,0.027896877340445197,0.015577969445218108,0.28733171935309265,0.03250303832300626,0.04765528491394902,0.47619047619047616,5.0,2026-01-12,2026-04-14
MRK,0.0591839194334828,0.019105442420756576,0.013877903186061982,0.266144716541172,0.027537591303125535,0.04515826896257457,0.48412698412698413,6.0,0.03334200072492239,0.014956829514866297,0.009408677453240887,0.07184942999656552,0.019445786895845262,0.028842934560368794,0.49206349206349204,4.0,2026-01-12,2026-04-14
MSFT,0.047378278686493386,0.015279109465765326,0.009762007971118142,0.20556584584344684,0.02267876889300505,0.03094164949830399,0.4642857142857143,8.0,0.08796783583317012,0.021107328834711347,0.018152093108431928,0.2575539489441746,0.02852859627657458,0.05257960439917611,0.5873015873015873,5.0,2026-01-12,2026-04-14
NFLX,0.07045301722072035,0.02139705684839572,0.016393288639020426,0.33232764995746455,0.03468887591554666,0.050999144951733424,0.4880952380952381,6.0,0.049978786513022885,0.025637284530250333,0.012260308379818022,0.16009742175963781,0.03147983415311064,0.03662211017153927,0.4603174603174603,6.0,2026-01-12,2026-04-14
NVDA,0.08833876534947552,0.030682081281827863,0.02348689396196373,0.35933521111538924,0.04236541429881606,0.07110465962569697,0.46825396825396826,5.0,0.050235922381101444,0.02367365739371233,0.0143531206803147,0.15535416813307967,0.04088496203996868,0.04541571805102046,0.42857142857142855,5.0,2026-01-12,2026-04-14
PEP,0.04118152399323096,0.014293472486658007,0.00902383991883547,0.17791999935270508,0.023213724567131916,0.03130141968843581,0.5158730158730159,6.0,0.02791244221059761,0.014190675343077089,0.007088874212215266,0.11208589896835375,0.019570733770858505,0.022476850343009336,0.49206349206349204,5.0,2026-01-12,2026-04-14
PFE,0.05843309597686032,0.01637305062197023,0.010730195472905235,0.1976960172961859,0.02615718045460004,0.03591720232253444,0.47619047619047616,9.0,0.024169810372403507,0.01511602364640757,0.008040360305335843,0.05709284986781549,0.023658222138630336,0.027177486630406977,0.4603174603174603,3.0,2026-01-12,2026-04-14
PG,0.04170740193350987,0.011919180354416761,0.008931365951897035,0.20101954364574237,0.019005025427658796,0.028797318136155943,0.48412698412698413,7.0,0.034707474486222425,0.012957936685442342,0.007762855043815983,0.15490427264570383,0.021701657534519313,0.02599110519185721,0.5079365079365079,6.0,2026-01-12,2026-04-14
QQQ,0.04339389649675453,0.014742643518467243,0.011349413766286807,0.22768301939488944,0.021262109199678043,0.03406330617721224,0.4246031746031746,6.0,0.020849529675738932,0.01229293617909593,0.0070325794541182905,0.11723569369470077,0.019431153524872614,0.021247621419971302,0.4603174603174603,3.0,2026-01-12,2026-04-14
SPY,0.033519458443716205,0.01219310223946982,0.00964349498876756,0.1875522908467665,0.016482036510509657,0.027484256889860857,0.4246031746031746,5.0,0.02204658906470436,0.009641919781928004,0.006026845335148458,0.0888497298391141,0.015422510551791835,0.01767907159192203,0.5079365079365079,4.0,2026-01-12,2026-04-14
T,0.04480034596442609,0.013945139401461637,0.011240814078346909,0.1820370426437541,0.02207341871004061,0.034785138063121265,0.4444444444444444,6.0,0.041529226262500704,0.017213868945468353,0.010521562540424917,0.11072035337064101,0.024492551690107955,0.030845650801917313,0.42857142857142855,6.0,2026-01-12,2026-04-14
TLT,0.019003586752705675,0.007479969227263072,0.004921247565441708,0.09231061363621385,0.01085665670350976,0.016142225292782617,0.4801587301587302,5.0,0.017451860906340644,0.006455681727234439,0.004293711810290158,0.053900323736929656,0.010586255303356551,0.01390790994828997,0.5079365079365079,5.0,2026-01-12,2026-04-14
UNH,0.15310076850908716,0.02985677791532281,0.02897511491930221,0.6005506790744599,0.03931118136602766,0.0843187864299226,0.5079365079365079,8.0,0.14387417359243107,0.033044766511903974,0.03425575561724549,0.267294501431654,0.029034053249118487,0.07213055546891003,0.47619047619047616,6.0,2026-01-12,2026-04-14
V,0.046857263526702844,0.014301849253887158,0.0109874535686713,0.15009222811640655,0.022228024639586293,0.03289016058714738,0.48412698412698413,6.0,0.05845859653820008,0.014946856739987436,0.01314545160250531,0.11296010326309436,0.031100280331413387,0.03837928493499526,0.4603174603174603,7.0,2026-01-12,2026-04-14
VNQ,0.028755422297566474,0.010627972549560138,0.008019440481393041,0.14554120559280892,0.01841107702029585,0.026165543974895053,0.44047619047619047,5.0,0.02105123384421208,0.009150670027265849,0.006868568361868139,0.08339382593491385,0.011645040788365747,0.019022899833112228,0.4126984126984127,4.0,2026-01-12,2026-04-14
WMT,0.060310238489660335,0.015902692813329025,0.010732499279700512,0.21928022052702378,0.02386455981503863,0.0343129057573287,0.4642857142857143,10.0,0.03760982964201441,0.016946818527390092,0.00985019347767044,0.10923701794143448,0.02413334680264123,0.032887460096604565,0.47619047619047616,5.0,2026-01-12,2026-04-14
XLB,0.03325016935328818,0.012797610609072205,0.008679763084191694,0.17986550649700284,0.016731896490147644,0.026629694807839388,0.4722222222222222,5.0,0.031007009938621308,0.012340090263748674,0.008001809016418402,0.12383430038423549,0.020802720142827923,0.023345938456480114,0.47619047619047616,5.0,2026-01-12,2026-04-14
XLE,0.048610259504847916,0.01576599176001115,0.013665534800559657,0.1879314708399662,0.022743116957922915,0.039268171260373325,0.43253968253968256,5.0,0.02519199678154497,0.01398660238435836,0.009746903516669184,0.10565865330705115,0.019448646718373163,0.028088803210842367,0.38095238095238093,3.0,2026-01-12,2026-04-14
XLF,0.03724906952357716,0.012078993153415847,0.010097639328680554,0.15540274739618531,0.018766640961843967,0.02940776560586137,0.4523809523809524,5.0,0.03395300987636122,0.011697518173195746,0.008214437873313198,0.11727108275982834,0.020333645651367038,0.02549218268931816,0.4603174603174603,6.0,2026-01-12,2026-04-14
XLI,0.028761285958177438,0.012001775515187722,0.008876940110548591,0.17570683542788068,0.015553298853729436,0.025666943658007795,0.4444444444444444,4.0,0.02221283441056623,0.012270952780756215,0.007247573837662703,0.122134966495962,0.020106597069741262,0.02267114738674711,0.4126984126984127,4.0,2026-01-12,2026-04-14
XLK,0.039709380793711405,0.0173075514054756,0.01348157989909955,0.25656311006519317,0.026710121319894756,0.04074053267168042,0.3888888888888889,4.0,0.021914128371298983,0.01613371183036923,0.008173616428811111,0.14455185115898395,0.025630479097852564,0.027819513623804665,0.3968253968253968,3.0,2026-01-12,2026-04-14
XLP,0.02285179523711717,0.008861225660358402,0.005897237480546367,0.08533079997488746,0.01188274730403549,0.01847553415842674,0.47619047619047616,5.0,0.021640596273463004,0.009511158380209382,0.0061066938337814465,0.09687812910644611,0.014616014864243887,0.01899279900004036,0.49206349206349204,4.0,2026-01-12,2026-04-14
XLU,0.03234569661831021,0.010179612350796636,0.0075409114139909725,0.09184759733715808,0.01611244749274443,0.023176214836720218,0.44047619047619047,7.0,0.02399818902724814,0.009801002633648102,0.007956388835198756,0.0645295625394442,0.01191519142568026,0.020979191477590614,0.3968253968253968,4.0,2026-01-12,2026-04-14
XLV,0.03019953664336662,0.010927716111121732,0.007940914017777677,0.13636960829926248,0.015688081155302534,0.025635713057718758,0.4722222222222222,5.0,0.022843339323218192,0.00952806260635485,0.005237449933012989,0.10206654919639102,0.016756210671806205,0.017842717485220316,0.5873015873015873,4.0,2026-01-12,2026-04-14
XLY,0.05170551118464929,0.015200571389593326,0.010039193639876634,0.2417436990010886,0.024364871411792215,0.0319271084023445,0.45634920634920634,9.0,0.03348107524369555,0.01325886241448449,0.008266932158937172,0.14763502985747878,0.022815373802897786,0.025240197922418772,0.5555555555555556,4.0,2026-01-12,2026-04-14
XOM,0.050795274183252574,0.015174584249799797,0.011805010600357506,0.16053425838162672,0.02537339957026557,0.036558379807128574,0.44047619047619047,7.0,0.03362944825694553,0.01837649702583772,0.013011393670842019,0.12964358795656095,0.02422518953321908,0.03836641574141919,0.38095238095238093,3.0,2026-01-12,2026-04-14
AAPL,0.0716613076625962,0.02002655748657085,0.014546632965697942,0.30222591558221656,0.030790623813954247,0.04503874943424945,0.4722222222222222,8.0,0.037602089112645454,0.016241098600866918,0.011273994972045374,0.10064552112929781,0.022665233053542188,0.03251056440770064,0.4603174603174603,4.0,2026-02-11,2026-05-13
ABBV,0.05956447557539836,0.016542245114885657,0.013348612554247642,0.2073637837055129,0.028397114505227628,0.042555486253621336,0.4603174603174603,7.0,0.04590082692507488,0.016480996328639495,0.010200183761127751,0.15738389280756782,0.02251219649362679,0.03207433511613722,0.5555555555555556,5.0,2026-02-11,2026-05-13
AMD,0.11116904717584845,0.040022820709067146,0.025365953224647957,0.31878755554752214,0.053581990236410984,0.08033373438600117,0.4523809523809524,7.0,0.05452729880239019,0.04546162621411773,0.01601198456895585,0.11000140970786498,0.0376819222809089,0.051029367857515495,0.4126984126984127,5.0,2026-02-11,2026-05-13
AMZN,0.06970037891818595,0.022120367185571695,0.014866648281160695,0.2811479151357994,0.03270895667966599,0.04928853158447956,0.4880952380952381,7.0,0.023424885722597984,0.01810248208341895,0.009063199833148029,0.08952227041634864,0.022927197226865436,0.028371294648845607,0.38095238095238093,3.0,2026-02-11,2026-05-13
BA,0.07823826488712037,0.023710615331956474,0.017334536201842145,0.26663089214555324,0.03210788702038908,0.052048059720602974,0.46825396825396826,7.0,0.0373160736929726,0.02186070722049307,0.010201043073034839,0.22467623373509282,0.028458441587112304,0.03364351122103343,0.5079365079365079,4.0,2026-02-11,2026-05-13
BAC,0.060294826655729536,0.01716881067026489,0.015409411704640625,0.2630531402973332,0.02511530073852217,0.04461538296184876,0.43253968253968256,6.0,0.03492234699771467,0.015611732092166762,0.010952348968817326,0.11948811798447545,0.02720139189454357,0.03516969759800284,0.42857142857142855,4.0,2026-02-11,2026-05-13
COST,0.04680134117879803,0.013819167068952755,0.010340028293758345,0.20742485309709746,0.024157276855038223,0.034777021961918925,0.5119047619047619,6.0,0.032229908900731366,0.01157191137375921,0.007441248808249665,0.05545389939658818,0.01751260521004413,0.023627446540947228,0.49206349206349204,6.0,2026-02-11,2026-05-13
CRM,0.08229261040176737,0.02140958147658496,0.01582550200033988,0.4354776342780611,0.038907663853633825,0.05247782453500004,0.5,8.0,0.07493368583130974,0.02706775159371558,0.018436065561671443,0.1817695252400563,0.0358988753803148,0.05576473662101139,0.5079365079365079,5.0,2026-02-11,2026-05-13
CVX,0.047410446978772613,0.015776096827150737,0.01326363695239472,0.20639725100157658,0.022734968704888607,0.03822520883280607,0.44047619047619047,5.0,0.035721166204970616,0.015668885502598484,0.01240318271005924,0.13985312457678045,0.0245490488033727,0.03810897928829718,0.4444444444444444,3.0,2026-02-11,2026-05-13
DIS,0.07457891672859132,0.01975096545138443,0.01492071581375587,0.28189802424153665,0.02270567095471134,0.047456004305592575,0.5198412698412699,7.0,0.04875224948551727,0.017593362776795796,0.009673065374110569,0.1370681997392158,0.018734968360737715,0.03178471800363261,0.6031746031746031,5.0,2026-02-11,2026-05-13
EEM,0.029266332907516013,0.011315538816161128,0.008303741281299187,0.15041905147460732,0.014110415735733484,0.024307011906948752,0.43253968253968256,5.0,0.043581263900906775,0.01877939079777334,0.0122980638873811,0.13520768184210286,0.03180992258144359,0.03759027572073653,0.49206349206349204,4.0,2026-02-11,2026-05-13
EFA,0.032347587490810015,0.010429904106041585,0.007925158935248453,0.1405348398406172,0.01296670719995351,0.02086982944899833,0.4087301587301587,7.0,0.03466207670520803,0.01379395451641088,0.008558537458076058,0.11423439676651226,0.021777068433208247,0.026317704637367795,0.5555555555555556,4.0,2026-02-11,2026-05-13
GLD,0.04093993301126626,0.015657176661189924,0.01362859322024075,0.1386771322042546,0.019211803184777238,0.03566246157870829,0.4007936507936508,4.0,0.08045826085553541,0.018973247818576344,0.01322726510663564,0.1823673170440051,0.034419176780702984,0.03953738420173783,0.5396825396825397,9.0,2026-02-11,2026-05-13
GOOGL,0.047846707404229076,0.01948848544774054,0.011650983945835,0.22173291038936505,0.02486671843092445,0.03744256765359136,0.4642857142857143,6.0,0.04040831737122769,0.02187687992653699,0.009941728877048082,0.13107964042338272,0.02307679557380663,0.031659587904971864,0.5079365079365079,5.0,2026-02-11,2026-05-13
HD,0.04656147019099856,0.01477921648572285,0.00888872687909169,0.21501111540566653,0.020386842951460808,0.03049316461502884,0.5396825396825397,7.0,0.041888419948089804,0.017319849649249083,0.008643642211510594,0.22114117451944104,0.025974450249627114,0.02991366450530336,0.5873015873015873,5.0,2026-02-11,2026-05-13
HYG,0.008404106155962168,0.003345535610688027,0.002629856348124216,0.04560705289672573,0.003771482830132311,0.007495280195829943,0.4246031746031746,4.0,0.007311342150735103,0.0033883705832972334,0.0020631653335407697,0.023381160683789703,0.00511042992013021,0.006777154017702375,0.49206349206349204,4.0,2026-02-11,2026-05-13
IEF,0.007649940689291384,0.0034173761502827565,0.0020195843419729253,0.03216156311536722,0.005377147854793834,0.006893978230894582,0.46825396825396826,5.0,0.00959278039836406,0.0033838946867049535,0.0021229923832445045,0.031901622982825284,0.004709421875208597,0.0069473985722779685,0.5396825396825397,5.0,2026-02-11,2026-05-13
INTC,0.1238914503313754,0.04398612352641969,0.02509089797547775,0.3380796069817179,0.061390433170647477,0.08088799774469103,0.5119047619047619,7.0,0.07192859043421894,0.05470359038509986,0.020882493997031303,0.14151731930614508,0.05482864150726271,0.06136437170993231,0.4126984126984127,5.0,2026-02-11,2026-05-13
IWM,0.036681991916821914,0.014502683445912176,0.009679970089161338,0.2288530575616431,0.020179846396542505,0.031258689441297775,0.4722222222222222,5.0,0.020263055451479484,0.013042237378508788,0.00714746224038077,0.09757421281700784,0.020287054538018944,0.02166062545361422,0.36507936507936506,4.0,2026-02-11,2026-05-13
JNJ,0.03296866337099637,0.011998839610334131,0.00961586014987394,0.12725088844516508,0.014824341336524244,0.025271379027274492,0.4166666666666667,5.0,0.03226035621798961,0.010736340107395641,0.0062844849775304445,0.10959122461615478,0.017841576377639567,0.02038540485286952,0.5714285714285714,6.0,2026-02-11,2026-05-13
JPM,0.05271091729106417,0.016325703136032776,0.013363868925659153,0.2442392661699616,0.023411613304614675,0.04161731550446947,0.44047619047619047,6.0,0.03154340873208564,0.014416521098988356,0.010013780549868456,0.08993212232297809,0.02563624688494338,0.031544657835535006,0.49206349206349204,3.0,2026-02-11,2026-05-13
KO,0.028098004704071065,0.01118037871196441,0.006411352033163625,0.09818484031253982,0.014896234612642296,0.02076800998030735,0.49603174603174605,6.0,0.023120028274136454,0.010518396967446442,0.005688260924589128,0.07867625406425649,0.015618916822559703,0.017443941740852592,0.5079365079365079,5.0,2026-02-11,2026-05-13
LQD,0.011068169797987158,0.0040371392439166294,0.0030004074753579644,0.03564652837937676,0.005522881825677073,0.009186529471152548,0.4523809523809524,5.0,0.009906827165828993,0.004065887634541681,0.002751896434952498,0.033383911814283906,0.006730013688322112,0.008781313207153724,0.49206349206349204,4.0,2026-02-11,2026-05-13
MA,0.05233686435041472,0.014631006044346206,0.011249656689077238,0.16725375972556555,0.021041974062972237,0.035273765017101597,0.48412698412698413,7.0,0.04898764107782849,0.016315099292718873,0.012830096472764604,0.08284399310902524,0.03175613206516513,0.042227061542961464,0.47619047619047616,5.0,2026-02-11,2026-05-13
META,0.07936252426763969,0.0249733097303858,0.016008974802665416,0.34150807540118644,0.031435764797018935,0.05208458707223129,0.5158730158730159,7.0,0.06560573173521027,0.025199592311153405,0.020248682634324153,0.2120017078450439,0.03733249505376333,0.06082233648501073,0.4444444444444444,4.0,2026-02-11,2026-05-13
MRK,0.050683933008373046,0.018474505145788547,0.012250445568401852,0.22491820789623929,0.027474886413110113,0.040872560806685124,0.46825396825396826,6.0,0.045903242691551625,0.014965436069335444,0.009935766816353164,0.11365486650251966,0.02342707308465166,0.030826710373162924,0.5238095238095238,6.0,2026-02-11,2026-05-13
MSFT,0.06139484171660433,0.016596277226264753,0.012556332097107723,0.2724061475349817,0.02379080153971163,0.03631016471707868,0.46825396825396826,8.0,0.04326945090736999,0.016804551788550563,0.010683815038856787,0.13127009507756093,0.02662362651621697,0.03446725690915198,0.5555555555555556,4.0,2026-02-11,2026-05-13
NFLX,0.07212759699597128,0.020543572791212238,0.016002334831357264,0.4054348264529589,0.03422875097910738,0.050366632370665965,0.5119047619047619,6.0,0.07323551071826516,0.028325766256758703,0.0197619632096906,0.20725488243378465,0.03344218928701439,0.05313087749582915,0.4603174603174603,5.0,2026-02-11,2026-05-13
NVDA,0.07212727504955828,0.028046619564889443,0.01903358647141121,0.3268240705597586,0.042014277815796974,0.061422737293599435,0.4722222222222222,5.0,0.04320460192348113,0.022793638565024133,0.014477732566951345,0.15535416813307967,0.040756566561344694,0.0460266479786641,0.3968253968253968,4.0,2026-02-11,2026-05-13
PEP,0.03669249576268824,0.014367977391951066,0.00837242750108424,0.17791999935270542,0.021413430479822807,0.028969470216564146,0.49603174603174605,6.0,0.038204864350368246,0.012608523282998843,0.007277117019117762,0.11273946068239638,0.019570733770858505,0.025005921550311394,0.6190476190476191,5.0,2026-02-11,2026-05-13
PFE,0.05828789613679795,0.016644185384733726,0.011040651234702907,0.19259537680887096,0.028435163805372487,0.03630779936759703,0.4603174603174603,9.0,0.024648269291688833,0.012461617474069599,0.006625878841851837,0.08567803883036307,0.01867037071413923,0.022268485900232587,0.5079365079365079,4.0,2026-02-11,2026-05-13
PG,0.04053810818038569,0.011891859372773192,0.008815558053835534,0.20101954364574137,0.018246184316181486,0.028448407946730033,0.47619047619047616,7.0,0.03898408323455351,0.013907416792742504,0.008156842812424616,0.15490427264570383,0.023068087061640607,0.026992851935073586,0.5396825396825397,6.0,2026-02-11,2026-05-13
QQQ,0.04296582196192426,0.014677231675845755,0.011237453435207462,0.22768301939488933,0.020976164713004054,0.033458100519236596,0.4246031746031746,6.0,0.018668586144404576,0.012230420526229609,0.0068525564220532666,0.09355908415911174,0.01834981487064835,0.020556267766498076,0.4126984126984127,3.0,2026-02-11,2026-05-13
SPY,0.03434190081575688,0.01218604289898076,0.009607555585360555,0.1875522908467665,0.01670969803698604,0.027773696331459267,0.44047619047619047,5.0,0.017971852513141717,0.009239824268535403,0.00554686805961164,0.08577381926964067,0.015100023203047552,0.0163861172341275,0.4444444444444444,4.0,2026-02-11,2026-05-13
T,0.044974167534897413,0.014430147294479688,0.011320915044097681,0.20593607715445195,0.02207341871004061,0.034785138063121265,0.4444444444444444,6.0,0.05270599618802584,0.015072240679861801,0.009720368149430995,0.14093018195471096,0.025819596872846396,0.03118229474898296,0.5396825396825397,7.0,2026-02-11,2026-05-13
TLT,0.018992113324197566,0.007370425983795049,0.004956109253924066,0.09231061363621385,0.011010084980293367,0.016311564918873363,0.47619047619047616,5.0,0.017521411011578707,0.006243782885251072,0.0038936468914619353,0.05596385328787312,0.009878562160115557,0.013143988781046001,0.5555555555555556,5.0,2026-02-11,2026-05-13
UNH,0.17243421181980517,0.03226955065488002,0.03263406939202662,0.60055067907446,0.03931118136602766,0.09475256310478362,0.5079365079365079,8.0,0.028444928410093166,0.021588843133816624,0.009782647336804527,0.11493001190896002,0.025967749280870044,0.029641060185631368,0.38095238095238093,4.0,2026-02-11,2026-05-13
V,0.04983905230619134,0.014739665033798055,0.011416954622810784,0.15009222811640632,0.022809074323354234,0.03518485192889691,0.49603174603174605,6.0,0.05053260403250788,0.01670005612232669,0.01069473101217098,0.08840757138958022,0.029415059304876066,0.034870536081534564,0.49206349206349204,7.0,2026-02-11,2026-05-13
VNQ,0.028165013217015582,0.010433551080373185,0.007854784562514306,0.14554120559280903,0.017479654026501267,0.025716799909614993,0.44047619047619047,5.0,0.020020313042781502,0.008970471719586879,0.006458165497671452,0.08339382593491407,0.011645040788365747,0.01881188685963814,0.4126984126984127,4.0,2026-02-11,2026-05-13
WMT,0.061690242452249744,0.016237334679829782,0.010568447910146371,0.21928022052702367,0.02386455981503863,0.0343129057573287,0.48412698412698413,10.0,0.0345636474289588,0.015956328474166025,0.010034607318084813,0.10923701794143437,0.024483132281867735,0.032887460096604565,0.4126984126984127,5.0,2026-02-11,2026-05-13
XLB,0.03356479227212542,0.013111473581777123,0.008896691927551317,0.17986550649700284,0.017721251777798114,0.027362329258820643,0.4642857142857143,5.0,0.03269026888356648,0.01117934385118625,0.0071180424181959264,0.12038936368147779,0.01925229224620053,0.021466864667268437,0.5555555555555556,5.0,2026-02-11,2026-05-13
XLE,0.0479694722088391,0.015900816233072775,0.013774366517799178,0.1879314708399663,0.021522918618201246,0.03884320714389797,0.42063492063492064,5.0,0.032117368475238266,0.014547509234081183,0.011470488741156524,0.12052431423391463,0.02684557118328119,0.0353093692496666,0.42857142857142855,3.0,2026-02-11,2026-05-13
XLF,0.03785028899904524,0.01213027922321799,0.010032606722638497,0.1554027473961851,0.01911342934641873,0.029311964606938388,0.4642857142857143,5.0,0.031234352543619295,0.01046247805276433,0.007785689050462287,0.08621858738701682,0.01954988725240242,0.02477509647136064,0.4444444444444444,6.0,2026-02-11,2026-05-13
XLI,0.02863617891961465,0.012068366486959558,0.009027719544763878,0.15848095181434785,0.01589867572263255,0.02601687294101855,0.43253968253968256,4.0,0.02459244729549553,0.013046221445861572,0.006505938437961781,0.122134966495962,0.019033278000741748,0.022458327575752723,0.5238095238095238,4.0,2026-02-11,2026-05-13
XLK,0.038775617662790786,0.01727546318602699,0.013164561552182057,0.2565631100651934,0.026710121319894756,0.03911387563077994,0.3888888888888889,4.0,0.01848614770430161,0.015684313208035695,0.007826796407063182,0.10734543376760908,0.020501956188870074,0.025186933436750214,0.31746031746031744,3.0,2026-02-11,2026-05-13
XLP,0.022785732379448073,0.00886266575157756,0.005834250024576422,0.0853307999748878,0.01157353828377496,0.018026118025587394,0.4801587301587302,5.0,0.022226289459356185,0.009181681257916244,0.005879970756443434,0.09687812910644589,0.014616014864243887,0.01899279900004036,0.5238095238095238,4.0,2026-02-11,2026-05-13
XLU,0.0312925329953519,0.009758414080372946,0.007324447464051491,0.09184759733715786,0.014894785034198948,0.022139888890023093,0.4365079365079365,7.0,0.025644249353461344,0.010982076973495894,0.007582976959356848,0.06452956253944409,0.014100724327632874,0.02223295887137522,0.4603174603174603,4.0,2026-02-11,2026-05-13
XLV,0.03032514564498186,0.01093368131192002,0.007913534022893673,0.1363696082992626,0.016534759198253583,0.02565539571033993,0.47619047619047616,5.0,0.023266302099029336,0.009604840127792239,0.005129255312837155,0.1046989749460071,0.016444796928133564,0.0178289991935138,0.6031746031746031,4.0,2026-02-11,2026-05-13
XLY,0.05311306935545248,0.015227105436907874,0.010086665665576292,0.2213767125917282,0.024799232936159092,0.03202961388221369,0.46825396825396826,9.0,0.028594425910191765,0.012967952520056577,0.007564662939204171,0.09857592765887935,0.020660963803504427,0.02397605683328266,0.5238095238095238,4.0,2026-02-11,2026-05-13
XOM,0.04961406831618043,0.015461037128999048,0.011942297320461757,0.16053425838162683,0.02537339957026557,0.036558379807128574,0.42063492063492064,7.0,0.040213554389612584,0.018539688371212948,0.013564095726655036,0.1568786666845804,0.035783758637700044,0.04391864899485792,0.4603174603174603,3.0,2026-02-11,2026-05-13
AAPL,0.07154864854509145,0.020088189450449316,0.014523764127742922,0.22988972826665732,0.03176081712521002,0.04520599479696246,0.4722222222222222,8.0,0.025014921689329162,0.014525090770784795,0.008933900603331843,0.0782043909952097,0.018826988672526745,0.02530519052776803,0.42857142857142855,3.0,2026-03-13,2026-06-12
ABBV,0.061266010156342816,0.01681831322187307,0.013119713330292536,0.19926997166908245,0.028397114505227628,0.042555486253621336,0.48412698412698413,7.0,0.04344671183766054,0.015941429020731257,0.01068927037275775,0.10129823313479736,0.022403457598815468,0.03136525011478988,0.5079365079365079,5.0,2026-03-13,2026-06-12
AMD,0.113255658546667,0.04062361632565657,0.024718496905026525,0.31878755554752203,0.053581990236410984,0.08033373438600117,0.47619047619047616,7.0,0.06372217909353618,0.048815952324046494,0.02591874348050579,0.16611373293216247,0.052288903832635514,0.07328364384805622,0.3492063492063492,3.0,2026-03-13,2026-06-12
AMZN,0.0779638767166985,0.02200232685215861,0.014806065022729022,0.2173622311569572,0.030511299250805868,0.04867233034063657,0.46825396825396826,9.0,0.03334565263926649,0.01901858172661171,0.009997814724295067,0.13451395159092283,0.02534812047017456,0.03252365219146608,0.4603174603174603,4.0,2026-03-13,2026-06-12
BA,0.07538097824224145,0.02324720996932641,0.016576835493085505,0.2519305598477313,0.032015839693965646,0.04982254316499497,0.4722222222222222,7.0,0.04335219213231476,0.02384663873211901,0.011851128360685694,0.1313383429006233,0.030073480534760444,0.037052875718329326,0.5079365079365079,4.0,2026-03-13,2026-06-12
BAC,0.053638082175515,0.016929486706030655,0.015233215337846261,0.20540655611693692,0.027946592423815152,0.043401670291266035,0.42857142857142855,5.0,0.02250648315091605,0.013158492184904245,0.00806683983903801,0.08376284371621168,0.019600968095427617,0.023605023590745372,0.3492063492063492,4.0,2026-03-13,2026-06-12
COST,0.03650983602653251,0.013095272424210333,0.009018365871095679,0.193469473750829,0.019664789056812487,0.030924962077261024,0.503968253968254,5.0,0.04125404771102977,0.012972972509931445,0.009822392312149944,0.1354357032096415,0.021857245524089863,0.02953439177372047,0.47619047619047616,6.0,2026-03-13,2026-06-12
CRM,0.08159759193008106,0.02201856390640734,0.015940921500382135,0.3850531691945327,0.03771962422659249,0.05227474083806989,0.49206349206349204,8.0,0.11965858350548918,0.031125565620878645,0.01899342595325225,0.2064973390942787,0.04155864108466517,0.06049124664085409,0.5555555555555556,9.0,2026-03-13,2026-06-12
CVX,0.047257176207984836,0.015753829223593405,0.013126993391106899,0.2063972510015767,0.02229596738899014,0.03727714091364376,0.4444444444444444,5.0,0.03667111598126246,0.016471776496891057,0.013096827136165163,0.13985312457678023,0.03459500753582269,0.04068000612301528,0.42857142857142855,3.0,2026-03-13,2026-06-12
DIS,0.07516121111282702,0.0195190303350836,0.014540115245040943,0.19574841065691007,0.01978146803149543,0.04547733227854601,0.5357142857142857,7.0,0.033381299432789016,0.016516778007552718,0.007418066540619781,0.09249034755454277,0.019818158230323003,0.02516798970246431,0.5555555555555556,5.0,2026-03-13,2026-06-12
EEM,0.03376589292967026,0.01191189630704769,0.009379414702686184,0.15041905147460777,0.014927315671914281,0.0281908433805028,0.4444444444444444,5.0,0.04323608796884715,0.02053994354729821,0.014583601100603204,0.08771194009302274,0.033613221120597815,0.041968544290522436,0.4603174603174603,3.0,2026-03-13,2026-06-12
EFA,0.0346839625173703,0.010595356179358957,0.008208537795777638,0.1405348398406172,0.013481996207510144,0.022839767731791263,0.42857142857142855,7.0,0.02561928818667561,0.01378484302602102,0.007878947755822856,0.04859211177954437,0.020453829312659433,0.024655188562744512,0.5079365079365079,3.0,2026-03-13,2026-06-12
GLD,0.04337856671402723,0.016483899208335245,0.01424913236417561,0.1386771322042546,0.021239418236602397,0.03943218243244076,0.4087301587301587,4.0,0.061917465650072806,0.0179614686083394,0.012508578919206627,0.18645615504889168,0.03605451601276984,0.03920248679990912,0.5555555555555556,6.0,2026-03-13,2026-06-12
GOOGL,0.04169103467760183,0.019235286381667344,0.01116724143150049,0.15161825714952126,0.02406432071597559,0.03568345562274367,0.4642857142857143,5.0,0.04082375957862266,0.022599777686959102,0.011519932156225087,0.12035246261548704,0.02981473129589921,0.0354485493558028,0.49206349206349204,4.0,2026-03-13,2026-06-12
HD,0.046511940994868314,0.014777885650665856,0.009110904776551229,0.21501111540566598,0.021584590260526997,0.03128747464388164,0.5277777777777778,7.0,0.03629486458977603,0.01782315039272321,0.008929688907008388,0.1523690166356526,0.02411750470089722,0.028934594132766583,0.5079365079365079,5.0,2026-03-13,2026-06-12
HYG,0.008640697271559044,0.0033816347402905156,0.0026255179918115916,0.041931137341287505,0.0040604222299053475,0.007760707275807927,0.44047619047619047,4.0,0.004871776851711903,0.003389301114670333,0.0020766790727343365,0.013657374331019767,0.004998028171028313,0.006433276189668519,0.3968253968253968,2.0,2026-03-13,2026-06-12
IEF,0.0077183886239150555,0.0032859893650786587,0.00198384285915889,0.03216156311536689,0.005183388684775336,0.006810337680906126,0.4801587301587302,5.0,0.00828121798426735,0.003510252799823731,0.0023003383289631526,0.026197493303709463,0.005253722288242968,0.007581634308214763,0.49206349206349204,4.0,2026-03-13,2026-06-12
INTC,0.12172593300339708,0.042283296361014244,0.025056466952890502,0.3005401578934396,0.05705419370651939,0.08052176482788151,0.503968253968254,7.0,0.09656001576948846,0.0591326883356819,0.026476133356150063,0.23385355146422615,0.060722195839056324,0.07701780230497388,0.4444444444444444,5.0,2026-03-13,2026-06-12
IWM,0.035518242502991085,0.014463945964588816,0.009654760362916228,0.16298002552358537,0.020179846396542505,0.02998877512825448,0.45634920634920634,5.0,0.020132122286629178,0.013774470355556904,0.008188660850712263,0.048487096128884244,0.017524974395487856,0.024736625036809207,0.3492063492063492,3.0,2026-03-13,2026-06-12
JNJ,0.03361090469409639,0.011948271409578942,0.009536427323920207,0.11746244917232385,0.014824341336524244,0.02563639825365496,0.43253968253968256,5.0,0.03135041688167458,0.01133972400216665,0.006559611035848216,0.09458356285710523,0.017679266851349205,0.020486731791639096,0.5396825396825397,6.0,2026-03-13,2026-06-12
JPM,0.04656624911899813,0.01593161892139831,0.012893841887531355,0.15750719200345342,0.02328016977802664,0.03900394658739275,0.4444444444444444,5.0,0.022406345628738278,0.013898914986765957,0.008002266295977957,0.06716299769499579,0.016721547607632635,0.024673135741951235,0.42857142857142855,3.0,2026-03-13,2026-06-12
KO,0.02744487985310688,0.010523932734150565,0.006162921227427114,0.09818484031253982,0.014896234612642296,0.019777372075310974,0.503968253968254,6.0,0.024693949043493837,0.012438108665006354,0.0062714791221571645,0.062255828619319,0.01682090387785997,0.019940000611930825,0.49206349206349204,5.0,2026-03-13,2026-06-12
LQD,0.01150773215501792,0.00399974086286448,0.0030502422579565575,0.03378939536425496,0.0057993431378188355,0.00940462097981336,0.4642857142857143,5.0,0.009107629764072148,0.004121398186542776,0.00269311632808585,0.022719986887166477,0.006180305254637497,0.008173380015962656,0.4603174603174603,4.0,2026-03-13,2026-06-12
MA,0.05369856176276407,0.015029189903790902,0.011897498803257913,0.1695089723372878,0.02091138118108802,0.03705256972638674,0.46825396825396826,7.0,0.03816410199540479,0.015308395813579512,0.010769411497821459,0.10220287192349842,0.03150814215502853,0.03666842565142825,0.49206349206349204,4.0,2026-03-13,2026-06-12
META,0.0774158186152571,0.024673951359150906,0.016000293199251222,0.2537371509195272,0.02987916277116214,0.05061816358409729,0.503968253968254,7.0,0.09373700527454815,0.026367422657670267,0.021642021419809095,0.17655941478275083,0.04957491135848957,0.06770897569063239,0.49206349206349204,6.0,2026-03-13,2026-06-12
MRK,0.053012150254215976,0.018544411727807665,0.012430699013434481,0.22491820789623906,0.027992474736166933,0.041451079169842545,0.48412698412698413,6.0,0.04165395153187511,0.017135894740886996,0.009016006825081193,0.11365486650251966,0.02184735042720213,0.028594640334870886,0.5238095238095238,6.0,2026-03-13,2026-06-12
MSFT,0.06184576871532554,0.01653464167668333,0.012554162452897278,0.2877880401176135,0.02379080153971163,0.03620927598379883,0.4722222222222222,8.0,0.0523520472996117,0.019838358914167437,0.0116337882888026,0.15239293146677735,0.03116898771349087,0.03808183584343561,0.5555555555555556,5.0,2026-03-13,2026-06-12
NFLX,0.06664845916881565,0.021924298882847068,0.015267594362264766,0.4335127747768317,0.03422875097910738,0.04743505466951713,0.49603174603174605,6.0,0.10154930784705156,0.019666962210904308,0.017358856042231037,0.25466188277657253,0.02905253269057988,0.04805605297301008,0.5555555555555556,8.0,2026-03-13,2026-06-12
NVDA,0.06239061021443516,0.026258191724838793,0.016587979699869665,0.22487045661481597,0.03725604879928616,0.05328313387882837,0.46825396825396826,5.0,0.05194240923402477,0.025237818381474653,0.01557356185147127,0.14883525761660088,0.041206920026997516,0.048528572760353716,0.4603174603174603,4.0,2026-03-13,2026-06-12
PEP,0.03615715867495554,0.014060506719448824,0.007922883374990256,0.1514169923871198,0.019864856249195668,0.027489208922393295,0.5158730158730159,6.0,0.0405009633270142,0.012565645243856078,0.008035905422026627,0.10707301947401637,0.01887402901643539,0.026886130460494623,0.6031746031746031,5.0,2026-03-13,2026-06-12
PFE,0.05883762122286609,0.01665160474169285,0.011019240908463599,0.17939947029778303,0.028435163805372487,0.03630779936759703,0.4642857142857143,9.0,0.023886340191307694,0.012142465707144034,0.0066350944975854705,0.09813960301765257,0.01853723658252183,0.021284357463477205,0.49206349206349204,4.0,2026-03-13,2026-06-12
PG,0.039368993286472316,0.011844153093667636,0.008169196814092032,0.18308306119270856,0.01886728467203519,0.026811919546548824,0.5,7.0,0.03280129674937017,0.014124161399821783,0.007336509373957252,0.07148534186698374,0.02062559903527511,0.025327965597414737,0.5079365079365079,6.0,2026-03-13,2026-06-12
QQQ,0.0406915756190538,0.014272125507242049,0.010569240420533454,0.15685151944501097,0.01937967713007378,0.030752885591457366,0.42857142857142855,6.0,0.0266259682931964,0.013977280852261728,0.010565860433808095,0.07347142917614813,0.019431153524872614,0.027845511715345383,0.36507936507936506,3.0,2026-03-13,2026-06-12
SPY,0.03332611097223776,0.01194277392845744,0.009323376283899851,0.1372466493057951,0.01533531116102938,0.026626403779945833,0.44047619047619047,5.0,0.017957152353792406,0.009548667497683423,0.006947707755931586,0.05529907390587152,0.015622620339152937,0.019121398395293754,0.38095238095238093,3.0,2026-03-13,2026-06-12
T,0.0424884562741234,0.014131356396323649,0.01039330620798199,0.20593607715445206,0.02207341871004061,0.03216853856787959,0.45634920634920634,6.0,0.06294744719970198,0.015662424145273877,0.010407977380903105,0.2187117787148718,0.025874037461591705,0.0338590253602806,0.6031746031746031,7.0,2026-03-13,2026-06-12
TLT,0.01903351968026873,0.0070977943281096715,0.004928999120388316,0.09231061363621373,0.010726543305022007,0.016078541237035057,0.4801587301587302,5.0,0.012895752846762627,0.006187874647199517,0.003965955736603586,0.04452993449499931,0.007740887889844372,0.012493660448174126,0.5079365079365079,3.0,2026-03-13,2026-06-12
UNH,0.17002571701539776,0.03204787795775291,0.03243775126209512,0.6005506790744599,0.03302180546321044,0.09128372039774028,0.503968253968254,8.0,0.0345504108467743,0.020993597226437396,0.008475569760391963,0.0992803020540709,0.01843065376866041,0.026021005244356132,0.4603174603174603,6.0,2026-03-13,2026-06-12
V,0.05630636673692322,0.014923267411910723,0.011730493070192338,0.17419333855693275,0.02241904919119464,0.03677090498919478,0.5,7.0,0.02843795634584328,0.015824830444652226,0.007448036185816098,0.06513873636088596,0.016747030820187227,0.024742388354122485,0.47619047619047616,5.0,2026-03-13,2026-06-12
VNQ,0.02779504902559524,0.010266218596397831,0.007696238674417806,0.12443762785714652,0.016278128493580856,0.025018475488556145,0.4444444444444444,5.0,0.020961942398526407,0.009917491602603022,0.006949747927826855,0.057959847594869496,0.014791471491912456,0.020087399242086273,0.3968253968253968,4.0,2026-03-13,2026-06-12
WMT,0.05144909026425286,0.015488958832514308,0.009087289515465644,0.08879223785524293,0.019172592168418632,0.030041963698925842,0.46825396825396826,10.0,0.051101423816297904,0.017020950376881398,0.014423788980406667,0.1575260607395138,0.02494485555550475,0.039512152607732415,0.42857142857142855,5.0,2026-03-13,2026-06-12
XLB,0.0341557746460924,0.012990947386754086,0.009020980803705857,0.14642000532601285,0.017752993375913784,0.027785786093879092,0.4642857142857143,5.0,0.03443169255724419,0.01284697699517911,0.007949597127213664,0.0643006677977177,0.020828570078191444,0.02351447034515633,0.49206349206349204,6.0,2026-03-13,2026-06-12
XLE,0.04747396249716676,0.01571802614522846,0.013536752358629878,0.18793147083996642,0.01939570458189931,0.037307345099368804,0.4246031746031746,5.0,0.03655749590407301,0.015800105373292336,0.011605554255261274,0.12052431423391485,0.027571168934611846,0.0353093692496666,0.42857142857142855,4.0,2026-03-13,2026-06-12
XLF,0.04187264530327547,0.012149460779777767,0.00993691838157322,0.13421982477388128,0.01924306835577853,0.029087215058840717,0.4722222222222222,6.0,0.015224192307022578,0.009120120617051104,0.005183864764039946,0.033440970873630516,0.01146251794139298,0.015254961621955027,0.38095238095238093,4.0,2026-03-13,2026-06-12
XLI,0.028864783176091882,0.012101813402237994,0.009163423230505358,0.13435952729806622,0.01645881965155671,0.026710855930693146,0.42857142857142855,4.0,0.02436561761321705,0.013650660482750194,0.007123013213541273,0.0567564024838324,0.016264554111571537,0.02277878094904287,0.5238095238095238,3.0,2026-03-13,2026-06-12
XLK,0.032356255865083935,0.016865005198918075,0.012407528394479396,0.17687217641919872,0.024562201690892682,0.036439642318389885,0.38492063492063494,3.0,0.03198030774166535,0.01873106191667241,0.013959658141203127,0.10887449304738572,0.02236168389565879,0.035839889418793514,0.30158730158730157,3.0,2026-03-13,2026-06-12
XLP,0.022388175410855544,0.008757863393745331,0.005597043852713886,0.08533079997488724,0.01157353828377496,0.017244404529438335,0.49206349206349204,5.0,0.02069011722960053,0.00931335305405421,0.0056560285195557,0.04948309595227274,0.0137116808094502,0.018264545298132623,0.5079365079365079,4.0,2026-03-13,2026-06-12
XLU,0.029889634625333044,0.009720324208686876,0.007095314992401437,0.09184759733715786,0.014101081819010186,0.02108028325330346,0.42857142857142855,7.0,0.033357178114819454,0.011497598603883726,0.009146323031482754,0.08589619159878248,0.018591929824737695,0.0279953353243573,0.4444444444444444,5.0,2026-03-13,2026-06-12
XLV,0.031381698157263424,0.011029666156058058,0.008001707896672745,0.12490659334461462,0.017138429322136415,0.025983142729636165,0.4880952380952381,5.0,0.0168266998515049,0.010159156592174416,0.004451507897223518,0.0502137818831464,0.01328714871815726,0.015334275776162226,0.5238095238095238,4.0,2026-03-13,2026-06-12
XLY,0.03588938815385305,0.01494731985184403,0.009826856280221667,0.14364818811892266,0.02339609218864507,0.03089026248259243,0.4523809523809524,5.0,0.026266139135382113,0.013613735470705492,0.0076435854626773336,0.07021134286508002,0.020532985248272205,0.0236794480487946,0.47619047619047616,4.0,2026-03-13,2026-06-12
XOM,0.048981161754616115,0.015543942547384984,0.01162733421465821,0.16053425838162683,0.02478028341694804,0.03600515295049599,0.42857142857142855,7.0,0.0639802355721862,0.019326800527054294,0.01438709000961859,0.15687866668458073,0.03836076475015292,0.044448806302425176,0.4603174603174603,7.0,2026-03-13,2026-06-12
AAPL,0.047424613086347996,0.015108118678575153,0.009699173006060182,0.13798523953754416,0.02131176504940317,0.031868854989012325,0.46825396825396826,8.0,0.04051420268822538,0.018170239572199473,0.012861651647055675,0.12706222175450266,0.018826988672526745,0.035423085432195106,0.42857142857142855,4.0,2026-04-14,2026-07-15
ABBV,0.0479518578861587,0.01601145152134075,0.011462595510635547,0.14858805187608415,0.02643416019491188,0.03768466998744577,0.4722222222222222,6.0,0.039841040372962315,0.017889415819142374,0.008168467272234336,0.06239709988402775,0.022403457598815468,0.024016503267093314,0.5079365079365079,7.0,2026-04-14,2026-07-15
AMD,0.10189185785260074,0.036675217048425246,0.023417606219430395,0.2776075108828483,0.04236010284147781,0.0722379593095668,0.44841269841269843,7.0,0.06980440763211518,0.05374898370649883,0.025622649626867673,0.16611373293216247,0.06435363731840962,0.07891234761980351,0.4126984126984127,3.0,2026-04-14,2026-07-15
AMZN,0.06412987109795702,0.01991191801026421,0.012542406762355539,0.2173622311569574,0.027787603684240048,0.04112486016452758,0.4523809523809524,9.0,0.039560583779325545,0.017795248315959217,0.011861197958527941,0.17447906262568136,0.030948576130947238,0.03691662891470959,0.4603174603174603,4.0,2026-04-14,2026-07-15
BA,0.055418558911772976,0.019301627445458817,0.012003689182278869,0.24961328061128563,0.029286852293514395,0.03906054362042805,0.4801587301587302,7.0,0.05407908387571215,0.022767197230481425,0.0120175741946027,0.1313383429006234,0.030374830261322427,0.037136583975707654,0.5555555555555556,5.0,2026-04-14,2026-07-15
BAC,0.033727921490461096,0.013874031439713158,0.0099558322471843,0.1793167367144004,0.022905231032359964,0.03180963035645771,0.40476190476190477,5.0,0.025386922350589574,0.013030518025614725,0.007961848407442967,0.08376284371621179,0.019600968095427617,0.02353857037435339,0.42857142857142855,4.0,2026-04-14,2026-07-15
COST,0.03596381179209486,0.01187070567560373,0.007880516528148276,0.19346947375083012,0.01766793512309504,0.027655748150262973,0.5158730158730159,6.0,0.038911374886289755,0.013965829795235522,0.010637148337521891,0.16571935745274624,0.021880390056036914,0.0319384672378491,0.5079365079365079,4.0,2026-04-14,2026-07-15
CRM,0.08025500056943943,0.021337440287335405,0.015433653955661429,0.42919101413885596,0.036193204119055786,0.0503039614178246,0.5,8.0,0.15380151688759003,0.030968394089189482,0.017346035739201886,0.2819301009393782,0.041177454881131184,0.05525848712628795,0.5714285714285714,14.0,2026-04-14,2026-07-15
CVX,0.03301278765244762,0.013444416217903262,0.00917021879234656,0.11427884555614276,0.02185740423642459,0.029018852494074047,0.4444444444444444,5.0,0.03890117913038106,0.016375809054389248,0.010977405045610176,0.1600000187278543,0.02958552263622991,0.03509335643302039,0.49206349206349204,4.0,2026-04-14,2026-07-15
DIS,0.055931977824102336,0.01629527440255943,0.01091265440351203,0.24969520480102936,0.019095200521439447,0.033128938522854666,0.5317460317460317,7.0,0.03978962901468734,0.017037635457170287,0.008210558368110086,0.11326446338586971,0.023050916068765814,0.027449968568360045,0.5873015873015873,5.0,2026-04-14,2026-07-15
EEM,0.029643766000523,0.011593878545090051,0.008528464424753641,0.13520768184210308,0.013761111838821982,0.02562560334886031,0.4246031746031746,5.0,0.0502891077837943,0.020831054430798752,0.01646369600064694,0.09422832707121553,0.03390393304469649,0.04803975240896083,0.47619047619047616,3.0,2026-04-14,2026-07-15
EFA,0.025122357970549885,0.009160198725303978,0.006113107106167139,0.11423439676651215,0.0130963978127551,0.019033493516123243,0.4126984126984127,7.0,0.02071405242729835,0.011024759511655277,0.006575889659459793,0.042082097395573004,0.018168729364941905,0.021540927434190588,0.49206349206349204,3.0,2026-04-14,2026-07-15
GLD,0.07175820129751313,0.017297403030489267,0.014746229008134078,0.19209514099718183,0.02717522791197567,0.04293335380418427,0.4246031746031746,9.0,0.044816484901349964,0.015085991659904482,0.01031490525507261,0.17942273577058798,0.028108622016084727,0.0341334951709705,0.5396825396825397,5.0,2026-04-14,2026-07-15
GOOGL,0.037576596476402435,0.018165404299321956,0.01028882998758638,0.20366455344221224,0.023238918274864757,0.03177236189748749,0.4523809523809524,5.0,0.04838158949189125,0.02191131422993833,0.011519426069497917,0.16151326731329685,0.025319861793657437,0.036030811238554505,0.5238095238095238,5.0,2026-04-14,2026-07-15
HD,0.04264259245270779,0.014321045226116894,0.008494540329224658,0.23721909930194718,0.02281999577570118,0.02833792061279766,0.5198412698412699,7.0,0.03437604630810613,0.017808646969073343,0.008730424459201558,0.15236901663565283,0.025221963608363773,0.028860381412116998,0.49206349206349204,5.0,2026-04-14,2026-07-15
HYG,0.005399002091264135,0.002599384856557213,0.0017262115529892133,0.02338116068378948,0.0036161956799239834,0.005495835442101475,0.4126984126984127,4.0,0.004360234359333934,0.002320577926093599,0.0013625732372918543,0.010963433846257309,0.003704031352982384,0.004346484138167739,0.49206349206349204,3.0,2026-04-14,2026-07-15
IEF,0.007378897095670211,0.003181841799436191,0.0019114010549025247,0.03190162298282606,0.004696280846932155,0.00664772755431243,0.47619047619047616,5.0,0.006277243949951527,0.003205673590672082,0.0017999265806312623,0.026197493303709463,0.005148832116424929,0.005928423755867801,0.47619047619047616,4.0,2026-04-14,2026-07-15
INTC,0.10782278540396298,0.040026211078512085,0.02317619395257141,0.24171577948971013,0.05247736528216791,0.0724678828822618,0.48412698412698413,7.0,0.12878562291257353,0.06230900304739264,0.03115781199497747,0.2692635442050164,0.08291271425826933,0.09607786263386878,0.5079365079365079,5.0,2026-04-14,2026-07-15
IWM,0.024641776280240075,0.012364403041202421,0.007089399921894467,0.11028496929304876,0.018774261844164246,0.02252428885894997,0.4246031746031746,5.0,0.019431783695025295,0.011686891893462087,0.007132698380118411,0.04811711252838269,0.013477634621555334,0.02226745391212287,0.4126984126984127,3.0,2026-04-14,2026-07-15
JNJ,0.02156386451807452,0.010481803147377095,0.006032747811604181,0.07220277842285217,0.01384641164579386,0.01903296771349986,0.44047619047619047,5.0,0.036668820326954545,0.015544125647286553,0.007672408293518626,0.07566224612669614,0.02143055963054341,0.024260916709034297,0.5396825396825397,6.0,2026-04-14,2026-07-15
JPM,0.035208197146198085,0.013579209650721874,0.009959290826215394,0.15471737378853112,0.022573243947934064,0.03137533901850646,0.43253968253968256,5.0,0.02300651210335909,0.01428828177772851,0.007988372258110794,0.06716299769499567,0.02369953917994858,0.025447176445667047,0.4444444444444444,3.0,2026-04-14,2026-07-15
KO,0.023363530560520387,0.009949927764549237,0.0051618086352471695,0.09818484031254116,0.014415965877727126,0.01754328538408223,0.5119047619047619,6.0,0.02115367682636282,0.013304620037013168,0.005969291520666758,0.062255828619318776,0.015458742643792189,0.018567200556246555,0.49206349206349204,4.0,2026-04-14,2026-07-15
LQD,0.008513738597060823,0.0036044080609064417,0.0023172474004096995,0.03338391181428413,0.0055231473651039305,0.0076056470989643256,0.44841269841269843,5.0,0.007358055286144791,0.003408429348213165,0.0020439042461513307,0.022719986887166477,0.005726561919372886,0.006404072053098314,0.49206349206349204,4.0,2026-04-14,2026-07-15
MA,0.0457696691244449,0.0135237615587542,0.010216444000992165,0.18924865781766287,0.020311117584451758,0.03250842727377112,0.4642857142857143,7.0,0.03156715509217944,0.01509502715097273,0.00918620915380883,0.10220287192349853,0.01817581322069405,0.029605432788469332,0.47619047619047616,4.0,2026-04-14,2026-07-15
META,0.061758582597898494,0.02255616927360255,0.014258835809038613,0.33296876099370065,0.027588760784628134,0.04290504324946901,0.49206349206349204,6.0,0.08521856287970256,0.0278247040265301,0.020290134018976797,0.21084431012294724,0.050486120124492814,0.06140140336841718,0.47619047619047616,6.0,2026-04-14,2026-07-15
MRK,0.040105962659901455,0.017405239511846353,0.01058351792414066,0.1376760585560789,0.025104514778193938,0.03508745259694987,0.4722222222222222,5.0,0.029286196126348196,0.019814429104301257,0.009297205119475618,0.08306038073317346,0.026018836631646135,0.03069871600565713,0.49206349206349204,3.0,2026-04-14,2026-07-15
MSFT,0.0612372165177455,0.015277837646483845,0.01233716816291576,0.33910093759660076,0.023744864114518333,0.03514783051174287,0.47619047619047616,8.0,0.047836139396841684,0.022147612994424467,0.012148860799197888,0.23384438882974434,0.037551860224386294,0.03963900485750427,0.49206349206349204,5.0,2026-04-14,2026-07-15
NFLX,0.06160391737460662,0.020492815233024018,0.014445363020741089,0.4335127747768328,0.03382660702451443,0.0441625515520248,0.48412698412698413,6.0,0.13359072501088656,0.021844036122017907,0.017942588218800393,0.34223953127673046,0.03417501869058853,0.056472409455011696,0.6507936507936508,8.0,2026-04-14,2026-07-15
NVDA,0.051166416841963325,0.021998775974144884,0.014111372898874805,0.20214390449746977,0.034505303192280894,0.044112623478961804,0.44841269841269843,5.0,0.06009572746790452,0.02584784444941367,0.01478545675797651,0.18234333431251537,0.04087090384132132,0.048435234930999216,0.5079365079365079,5.0,2026-04-14,2026-07-15
PEP,0.03564283601025363,0.01378874088378524,0.007681089252481314,0.12470201029290473,0.019066044934690794,0.02644296258458236,0.5238095238095238,6.0,0.04105810473789494,0.014835530752322428,0.00977573922330832,0.13669913696275537,0.03026687374908965,0.032450778555142584,0.5714285714285714,4.0,2026-04-14,2026-07-15
PFE,0.0504253857216957,0.016062031146355144,0.009663401444924263,0.11472424883678034,0.023220427040359096,0.03190710122587294,0.4523809523809524,9.0,0.03701879595835457,0.01217190475707072,0.007599166325761934,0.1269696905057871,0.020775034845455332,0.025144888607417176,0.5396825396825397,6.0,2026-04-14,2026-07-15
PG,0.03684372127834088,0.011356879432757495,0.007461709820646725,0.17619693347541188,0.018564292626223118,0.02516946046231752,0.5119047619047619,7.0,0.020522306503260743,0.015194123226526045,0.007125800869187757,0.06019971210589703,0.02265267794183662,0.025171255140855026,0.4444444444444444,3.0,2026-04-14,2026-07-15
QQQ,0.0278779937878168,0.010762989120123818,0.007442177273803908,0.11964360224241766,0.018577696161789208,0.02280272919046171,0.4126984126984127,6.0,0.030005500228270355,0.015044583525489564,0.010716250081525127,0.07031996926293549,0.01900285649914111,0.02997796688158888,0.42857142857142855,3.0,2026-04-14,2026-07-15
SPY,0.02042622963688822,0.008422081503836817,0.005836065610539491,0.0888497298391141,0.014125637102083782,0.018336395925040223,0.42857142857142855,5.0,0.016459075335127523,0.008151742331146156,0.005878241191116973,0.04494652348113004,0.012442034242815647,0.01714621742507491,0.42857142857142855,3.0,2026-04-14,2026-07-15
T,0.03829706915928024,0.013689161602872032,0.009158298758425906,0.20593607715445117,0.02301040363455422,0.029589949787588467,0.46825396825396826,6.0,0.07719753109735653,0.018041207954373337,0.012451214693122022,0.230364611173979,0.032917626735316764,0.04207490459010771,0.6031746031746031,7.0,2026-04-14,2026-07-15
TLT,0.015193201355102952,0.006543786969700812,0.0039042290334826315,0.06564332852784827,0.010202318241242708,0.013258281276670076,0.48412698412698413,5.0,0.016026569942111414,0.00565649140548983,0.0035845863506886997,0.0429936272889021,0.0077424364226616246,0.011226353697056879,0.5079365079365079,6.0,2026-04-14,2026-07-15
UNH,0.17078283673613426,0.03233289059014331,0.03206088052280909,0.6005506790744601,0.03391803461440994,0.09128372039774028,0.5119047619047619,8.0,0.03119387311909427,0.0177192770207291,0.007202048627785112,0.06057440594018637,0.01843388622690011,0.021805606127649924,0.49206349206349204,6.0,2026-04-14,2026-07-15
V,0.048413568929308565,0.013212606670245153,0.010406355755307727,0.2037769232470974,0.02241904919119464,0.033883831308454675,0.48412698412698413,7.0,0.01844476759110351,0.016075454612023587,0.004684385419962796,0.06513873636088596,0.014966919416288605,0.01652489904667226,0.49206349206349204,5.0,2026-04-14,2026-07-15
VNQ,0.02136906301477301,0.00857931422312102,0.006129771063998632,0.08339382593491373,0.013344788921062044,0.019756233714606535,0.4246031746031746,5.0,0.01967936704235276,0.009829903374205348,0.006348182916887987,0.032753063138327154,0.016767045151083383,0.019264654906724604,0.4126984126984127,4.0,2026-04-14,2026-07-15
WMT,0.04734238600432672,0.013951993441539547,0.00829906368203337,0.10923701794143459,0.01763664558959826,0.027112862928155377,0.4722222222222222,10.0,0.06393272315180805,0.01696885070977601,0.014291964937065884,0.1891206969377217,0.026339852331432524,0.04135805205763948,0.49206349206349204,6.0,2026-04-14,2026-07-15
XLB,0.022564681639862617,0.010699388290753568,0.006050610197785742,0.12383430038423582,0.015246534980106762,0.019854422957014946,0.45634920634920634,5.0,0.03526668020115996,0.01207081360870855,0.008142379267223077,0.0643006677977177,0.02266775883563038,0.024816185465989293,0.49206349206349204,6.0,2026-04-14,2026-07-15
XLE,0.02773632567913885,0.01252986300699732,0.007853056065780276,0.10565865330705149,0.018905541527793206,0.026008398218409636,0.42857142857142855,5.0,0.03440829945781169,0.015624154126157877,0.010316421354193979,0.13214465980404988,0.027242027169321992,0.03277570079518771,0.4603174603174603,4.0,2026-04-14,2026-07-15
XLF,0.027593110414607727,0.00971433883793425,0.006928621933286764,0.14794749104323046,0.018407029724946927,0.02234394851232333,0.44047619047619047,6.0,0.012992574670711953,0.008249896086753077,0.004124626879591096,0.03344097087363018,0.01118278912403593,0.01363545239413022,0.42857142857142855,4.0,2026-04-14,2026-07-15
XLI,0.018492561947735825,0.009700530585079766,0.0059929598904699425,0.12213496649596223,0.015179355098241492,0.019616685217335752,0.4166666666666667,4.0,0.023478855599032525,0.012466150532063682,0.007100460362610643,0.04596593278997152,0.017046255043639148,0.0222156664235387,0.5079365079365079,3.0,2026-04-14,2026-07-15
XLK,0.02334552080727757,0.013318844714175474,0.00918474175186717,0.1592270039484105,0.02204676847821036,0.028393338616140275,0.36904761904761907,3.0,0.035539853979303315,0.020601321369044367,0.014103116658453697,0.10887449304738561,0.026960390991760418,0.04076113171037285,0.36507936507936506,3.0,2026-04-14,2026-07-15
XLP,0.019242084602077388,0.00806239035900375,0.004791201788469069,0.09687812910644589,0.011584477397984622,0.015992381980179955,0.49603174603174605,5.0,0.01962010054528369,0.009778661419775023,0.005363519549416176,0.04948309595227307,0.014074252258123365,0.01745705686891899,0.5079365079365079,4.0,2026-04-14,2026-07-15
XLU,0.025754082056017334,0.008953376164388894,0.006199106736591157,0.09184759733715808,0.013572696556925862,0.019653064704462563,0.42063492063492064,7.0,0.02520944909308347,0.011145544842285082,0.006708966290901245,0.08004279189017727,0.01721528639222042,0.022214352068543997,0.4603174603174603,5.0,2026-04-14,2026-07-15
XLV,0.025622230399875566,0.010121256071333032,0.006584198648573602,0.10206654919639124,0.016631639945202403,0.022095724377667356,0.48412698412698413,5.0,0.01519293318594822,0.011286049495547781,0.004594637052202083,0.040053776281487874,0.013006473066991153,0.01525273905178573,0.5079365079365079,3.0,2026-04-14,2026-07-15
XLY,0.027110648644288055,0.01223759754370321,0.007476944764992142,0.1497570289774257,0.021224179809167344,0.024722397596737437,0.44841269841269843,5.0,0.024448511338170626,0.011965494782689767,0.006899050818531393,0.07021134286508013,0.020223958989630364,0.022063016984353145,0.49206349206349204,4.0,2026-04-14,2026-07-15
XOM,0.04023047411156871,0.014567611841575203,0.009683630056735495,0.12964358795656128,0.02433045792426493,0.0316726319055917,0.42063492063492064,7.0,0.058968749623352926,0.018559352275493775,0.012480158650445064,0.16296525565783837,0.03610546061387045,0.03910429514940031,0.49206349206349204,7.0,2026-04-14,2026-07-15
AAPL,0.043364958218445396,0.014165665091226042,0.00880271587767588,0.1379852395375437,0.01953004883300949,0.028629163232375153,0.4722222222222222,8.0,0.05478726454443653,0.019922797224490744,0.016426516706444814,0.12706222175450266,0.02116860686680607,0.048146625641495994,0.4603174603174603,4.0,2026-05-13,2026-08-13
ABBV,0.04690293246815723,0.015504777256790777,0.010957041449460851,0.17315237894998647,0.023712075415758947,0.035744533523082773,0.48412698412698413,6.0,0.038377826459545905,0.017875445727066435,0.008376112917758034,0.07405995307733793,0.023182218638520335,0.024884769912753013,0.47619047619047616,7.0,2026-05-13,2026-08-13
AMD,0.10010380821509686,0.04027196089786609,0.023006662271657513,0.2776075108828482,0.04236010284147781,0.07064094121884507,0.44841269841269843,7.0,0.10046969033795415,0.04917327295264945,0.02631349032660704,0.26053946839070974,0.07028908179530421,0.08339073466855926,0.47619047619047616,5.0,2026-05-13,2026-08-13
AMZN,0.06266439123317485,0.018633537595624708,0.012522221037241574,0.21736223115695708,0.025484593638424553,0.04061289485748083,0.44047619047619047,9.0,0.06797374430358961,0.027981121237003276,0.012138168625641006,0.17281024125370625,0.034196553434405905,0.040594512442486075,0.5714285714285714,7.0,2026-05-13,2026-08-13
BA,0.056659788603705664,0.019272178406690724,0.01199148965157792,0.24961328061128607,0.02931221662282736,0.03906054362042805,0.49206349206349204,7.0,0.05645079788919297,0.024769765545709407,0.01209659954768421,0.1268013604745566,0.033246822096204075,0.038191806615531426,0.5714285714285714,5.0,2026-05-13,2026-08-13
BAC,0.03493780256112845,0.013536520500898295,0.009821872205939726,0.17931673671440007,0.023718235572376182,0.03214672116952573,0.43253968253968256,5.0,0.01950055753923154,0.011521596852214606,0.0076665498390123986,0.027394619480698545,0.015381837977072089,0.021858889620719413,0.36507936507936506,3.0,2026-05-13,2026-08-13
COST,0.03458106905796959,0.011679849402056413,0.007514900918066554,0.19346947375082935,0.01766793512309504,0.0263790412959032,0.5198412698412699,6.0,0.045083874111833566,0.014176330102703739,0.010376447216215662,0.16571935745274646,0.021880390056036914,0.0319384672378491,0.5396825396825397,5.0,2026-05-13,2026-08-13
CRM,0.08593306430085752,0.021978533292713764,0.016525589288626446,0.42919101413885696,0.036193204119055786,0.0535690424122396,0.5,8.0,0.1243382591592651,0.031598955044495024,0.014023111935255463,0.28193010093937765,0.04130489222609716,0.04390376268712107,0.5714285714285714,14.0,2026-05-13,2026-08-13
CVX,0.033540096211443396,0.013473507333328947,0.00925014558212427,0.13985312457678045,0.021142244166208787,0.02960739843697898,0.44841269841269843,5.0,0.03442934025076429,0.017152683036490195,0.010322729881181533,0.16000001872785485,0.02562641409591031,0.031821517519220105,0.4603174603174603,4.0,2026-05-13,2026-08-13
DIS,0.05727576416364165,0.015212470121322453,0.010796026975289598,0.2496952048010288,0.019143386558972113,0.03345201468272164,0.5476190476190477,7.0,0.039106561979247924,0.016082797462938447,0.009000716646017379,0.11267965127972646,0.023530095199224076,0.027809866042064008,0.5396825396825397,5.0,2026-05-13,2026-08-13
EEM,0.030972451611614507,0.012025329694122426,0.008726365335018374,0.1352076818421033,0.015240248439681657,0.027072223138324778,0.4365079365079365,5.0,0.047067305591300256,0.020877048215986804,0.01587587688595445,0.142395724196259,0.03367610925669974,0.04803975240896083,0.4603174603174603,3.0,2026-05-13,2026-08-13
EFA,0.02677177358615236,0.009423981751371774,0.006246747170102218,0.11423439676651259,0.014020020795009585,0.020051401687429787,0.4365079365079365,7.0,0.016991866560307208,0.00993075250271822,0.006068523771538289,0.03386280854446744,0.01294717919098488,0.01891762906549055,0.42857142857142855,3.0,2026-05-13,2026-08-13
GLD,0.07204582491410261,0.0168743031233421,0.014703229574306656,0.19209514099718195,0.02717522791197567,0.042943310138370855,0.42857142857142855,9.0,0.037977359937216605,0.015911887685735586,0.010247859030677497,0.14571288416728378,0.025907631399099185,0.03360504841639603,0.4603174603174603,5.0,2026-05-13,2026-08-13
GOOGL,0.03186614881496975,0.01834035146962197,0.008788481518414276,0.20366455344221235,0.02311431153380169,0.028521776487452653,0.44841269841269843,5.0,0.07163574782208829,0.023560864217387827,0.015919055071575174,0.20742077924848323,0.040129616350465705,0.051466092409662684,0.5555555555555556,5.0,2026-05-13,2026-08-13
HD,0.04579054839018843,0.01457279117785536,0.008665542026031675,0.27603174644349593,0.02292954301942598,0.02948784221580248,0.5436507936507936,7.0,0.0323770685377786,0.017763444464811914,0.008993630149382944,0.09273540559403037,0.02575550454924256,0.028010930598641598,0.4444444444444444,5.0,2026-05-13,2026-08-13
HYG,0.005235340116220053,0.002409439179102059,0.0016145266571562975,0.02338116068378926,0.00348461073059651,0.005195968145853666,0.43253968253968256,4.0,0.004205517512559634,0.0021617666043722075,0.0013788582008392243,0.008013018125020421,0.003557407576561544,0.004322559607211424,0.4603174603174603,3.0,2026-05-13,2026-08-13
IEF,0.006890958421210425,0.0030305026137977488,0.0017227396053026063,0.03190162298282584,0.004150692968701208,0.005955771905005334,0.49206349206349204,5.0,0.005734094208260662,0.0031594472189007527,0.0018203473677017973,0.020025719420391774,0.005148832116424929,0.005928423755867801,0.42857142857142855,4.0,2026-05-13,2026-08-13
INTC,0.10736757320976961,0.04473571396699954,0.023526759069869837,0.2417157794897098,0.05247736528216791,0.07256088373803797,0.4722222222222222,7.0,0.14928670852782058,0.053016980368786555,0.030158931015721323,0.41904359418853865,0.08398287166090541,0.09607786263386878,0.5555555555555556,6.0,2026-05-13,2026-08-13
IWM,0.02452011729695542,0.012026850503971662,0.007005747799130119,0.1102849692930491,0.01848034606200589,0.022405118089581847,0.42857142857142855,5.0,0.02121511143825589,0.01140389283291747,0.00694542338752425,0.04025317962478281,0.013388355296641273,0.02240037682971896,0.47619047619047616,3.0,2026-05-13,2026-08-13
JNJ,0.024973467841711887,0.010689927445595486,0.006216339397828715,0.10959122461615478,0.014304405885484721,0.019719720310960476,0.4523809523809524,6.0,0.02876920172204742,0.01545916018607631,0.009386776575976672,0.07566224612669603,0.02349316764951346,0.02799552078045789,0.4126984126984127,4.0,2026-05-13,2026-08-13
JPM,0.036047840807111514,0.013337813283713596,0.009941765619421629,0.154717373788531,0.022960821928244363,0.031731704792302265,0.44841269841269843,5.0,0.02267922068553884,0.013617333547187364,0.00922468301693544,0.035263514006347974,0.02369953917994858,0.027411664221046544,0.3492063492063492,3.0,2026-05-13,2026-08-13
KO,0.023134462130420252,0.01009507614910441,0.005111199528995419,0.07886487488887528,0.013690651668894499,0.017148888259486034,0.5119047619047619,6.0,0.02640291052435221,0.015106038251806111,0.007916216559329586,0.06225582861931889,0.01650974988363061,0.02457657788936321,0.4603174603174603,4.0,2026-05-13,2026-08-13
LQD,0.008038899519443381,0.003486789516771515,0.002171799466946397,0.03338391181428435,0.0054831646732604765,0.007206125865875572,0.4523809523809524,5.0,0.00854519187318642,0.003368661860629025,0.002136297968296605,0.02831971327178373,0.005739673383597055,0.006404072053098314,0.49206349206349204,5.0,2026-05-13,2026-08-13
MA,0.04873702054657399,0.013768121346761265,0.010395297041183938,0.18924865781766342,0.02071508474609556,0.03418942222225547,0.4880952380952381,7.0,0.023127935052442653,0.014302100304822152,0.0078010892041969265,0.06769615673065488,0.016689904605679585,0.02421638322193778,0.4603174603174603,3.0,2026-05-13,2026-08-13
META,0.06107584428450291,0.02195320630720913,0.015390143301848947,0.33296876099370154,0.02694576189072399,0.04615988766928928,0.49603174603174605,5.0,0.13151757415203036,0.029400828963211823,0.019571067582147373,0.20883295090696163,0.050486120124492814,0.05991152117572626,0.5238095238095238,11.0,2026-05-13,2026-08-13
MRK,0.0427439457032015,0.016918738246460886,0.010254229398495308,0.11365486650251921,0.0246150931146185,0.03454121790184299,0.4722222222222222,6.0,0.025200671374552664,0.018818688060802728,0.009000239776625951,0.06776788442248516,0.02435350325595126,0.027095612827403665,0.42857142857142855,3.0,2026-05-13,2026-08-13
MSFT,0.06319248654690532,0.014808441070593412,0.012441744146139784,0.3391009375966004,0.024461261728577825,0.036560504666807755,0.4880952380952381,8.0,0.038990913395996,0.02920664249798268,0.01052135758304654,0.23384438882974434,0.0317738602292277,0.03648609012088097,0.4603174603174603,5.0,2026-05-13,2026-08-13
NFLX,0.07292587210207928,0.020889555555027854,0.016047901148004456,0.43351277477683203,0.034215543093312366,0.049050249008283794,0.5158730158730159,6.0,0.09181090326129471,0.021942105676002136,0.015694171497657214,0.24595652734476203,0.03196757354158307,0.04979075179481102,0.5555555555555556,8.0,2026-05-13,2026-08-13
NVDA,0.047043798194874954,0.021318627588482127,0.013067721720798599,0.20214390449746977,0.03363149973336173,0.04153712075432954,0.4444444444444444,5.0,0.0644265970197218,0.026041377435785183,0.015339665957076616,0.19304552729997926,0.04087090384132132,0.049355627177296635,0.5238095238095238,5.0,2026-05-13,2026-08-13
PEP,0.03301917906600663,0.013560157253861362,0.006996095528291879,0.11664259772315355,0.01778423935183234,0.024579396040742465,0.5317460317460317,6.0,0.03263137176340527,0.014688946129937487,0.00971171778672776,0.09430943568388539,0.0235860698639754,0.029939823191663384,0.5238095238095238,3.0,2026-05-13,2026-08-13
PFE,0.04917254591859442,0.01537529652146683,0.009209144052698435,0.11472424883678034,0.022424892353801136,0.03044435238102923,0.4642857142857143,9.0,0.033650327032844596,0.013086032388625693,0.007647801598373771,0.0969095379919348,0.02053865700660209,0.025144888607417176,0.49206349206349204,6.0,2026-05-13,2026-08-13
PG,0.03568744136678589,0.011355784184061172,0.007227536266181736,0.17619693347541177,0.018564292626223118,0.024170998404088387,0.5119047619047619,7.0,0.018653188219603583,0.014013341647301105,0.006291749994707557,0.05050949796144455,0.0186009339492166,0.02332037356085645,0.4603174603174603,3.0,2026-05-13,2026-08-13
QQQ,0.025587029679614216,0.01007439511051904,0.006876744989651007,0.11964360224241744,0.017924827314005427,0.021427237033698907,0.4087301587301587,6.0,0.04467170761020313,0.016302263090863016,0.009991507474143556,0.11217806970811328,0.01987939198369206,0.030319231888621484,0.5079365079365079,6.0,2026-05-13,2026-08-13
SPY,0.018867553687394904,0.007570477124391652,0.005315858380178723,0.08884972983911421,0.012767341928363495,0.016877188630469404,0.4365079365079365,5.0,0.018291017164718214,0.008805953380189151,0.006169589123020033,0.04494652348113004,0.014318600495495281,0.01787110494339289,0.4603174603174603,3.0,2026-05-13,2026-08-13
T,0.04066788362613206,0.01356779402575561,0.008574553776594109,0.20593607715445228,0.021608000172566904,0.028384808612488266,0.4880952380952381,7.0,0.06029541830653309,0.019794005499156764,0.0137035041605757,0.19179166490591326,0.032917626735316764,0.04207490459010771,0.49206349206349204,6.0,2026-05-13,2026-08-13
TLT,0.014651441735610633,0.0062913099543857095,0.0036190812255293193,0.05596385328787323,0.009820093622380387,0.012548560039500454,0.503968253968254,5.0,0.018295172684171284,0.005860026984704139,0.004355993496231258,0.05598889891168912,0.0103250098901294,0.013412147314748019,0.47619047619047616,6.0,2026-05-13,2026-08-13
UNH,0.12510454502053803,0.02929820390488778,0.027097710644329497,0.28960652974165446,0.030769890079727358,0.07425085454558718,0.4801587301587302,7.0,0.034841755231850007,0.01611576978914123,0.0067873549152954555,0.08545893890799927,0.019139225112113835,0.022561933264842182,0.5714285714285714,6.0,2026-05-13,2026-08-13
V,0.04919520042935049,0.01392694563342656,0.010086317548345668,0.20377692324709795,0.022228024639586293,0.033382793963999194,0.5079365079365079,7.0,0.0162287425759284,0.01290825602882331,0.0053129812004527495,0.06084660510144779,0.015367972423719279,0.017980922743504435,0.47619047619047616,3.0,2026-05-13,2026-08-13
VNQ,0.021248275435822642,0.008501465567014465,0.00594951712203034,0.08339382593491373,0.013344788921062044,0.019516504251934262,0.4365079365079365,5.0,0.02097471315823257,0.01001025411605494,0.0062022001274343605,0.045269899002465586,0.016113372800260928,0.018898088910573124,0.4603174603174603,4.0,2026-05-13,2026-08-13
WMT,0.047290494940925694,0.013883402725503742,0.008260073116348356,0.10923701794143448,0.01795565107159806,0.02651210498214751,0.4722222222222222,10.0,0.06824309547117717,0.016917734535683137,0.014008846577661003,0.19225031075028443,0.027002236935587252,0.04156377896753616,0.5396825396825397,6.0,2026-05-13,2026-08-13
XLB,0.02357705525037062,0.010391373275920929,0.006179470126105203,0.12383430038423537,0.0155589713991929,0.020162662598736617,0.46825396825396826,5.0,0.026812192727985486,0.012817271151687668,0.008038929036609405,0.050899945253026435,0.02339280675865213,0.02491275171053539,0.4603174603174603,4.0,2026-05-13,2026-08-13
XLE,0.029257198095106827,0.01260833840223805,0.008224915127138466,0.12052431423391485,0.018905541527793206,0.027215510231557508,0.43253968253968256,5.0,0.025682452677890773,0.015332667995223299,0.008153159580282785,0.1321446598040501,0.021088141825566266,0.02694115142723011,0.42857142857142855,4.0,2026-05-13,2026-08-13
XLF,0.02740533944584999,0.009118190912543823,0.006653724253921227,0.14794749104323046,0.017660467413935375,0.02210370963688938,0.4603174603174603,6.0,0.012793169478589045,0.008325803550361496,0.0048228218272458705,0.020840767486201672,0.011206729112848169,0.0147688645115443,0.3968253968253968,3.0,2026-05-13,2026-08-13
XLI,0.018620400335872304,0.009667175466295077,0.005705986875410605,0.12213496649596223,0.015179355098241492,0.019139796483042735,0.44841269841269843,4.0,0.025422499948949906,0.0117546040373064,0.008969632038439987,0.04796292363029098,0.017752947681570642,0.025918079075231498,0.42857142857142855,3.0,2026-05-13,2026-08-13
XLK,0.02191140559305967,0.012868857444521042,0.008784203935464658,0.15922700394840994,0.02105014590724088,0.02707832701060127,0.35714285714285715,3.0,0.059706672858863975,0.02223688007879214,0.01335430633928415,0.1586266478323134,0.027030346961976714,0.04076113171037285,0.5079365079365079,6.0,2026-05-13,2026-08-13
XLP,0.019014204970086684,0.007968944473005758,0.004810822944238799,0.09687812910644589,0.011584477397984622,0.015992381980179955,0.4880952380952381,5.0,0.022532130416757067,0.010706180098538494,0.005960881062634145,0.04948309595227274,0.01527766996506712,0.019340391031183374,0.5238095238095238,4.0,2026-05-13,2026-08-13
XLU,0.025816875832760103,0.009070403236475809,0.0060239376943106914,0.09184759733715775,0.013865876957369561,0.01921231601930288,0.4365079365079365,7.0,0.02467731562420688,0.01021524949902796,0.006658958184309793,0.06826524032066239,0.014638656061004573,0.021536828912169764,0.4603174603174603,5.0,2026-05-13,2026-08-13
XLV,0.023603186890875486,0.009650583763905374,0.0058772875724291546,0.10469897494600766,0.014991991444394503,0.019918594094482957,0.5,5.0,0.019646506852044016,0.011435081780146307,0.005228505855785907,0.03739968123038273,0.013006473066991153,0.015821567226091793,0.4603174603174603,5.0,2026-05-13,2026-08-13
XLY,0.026727916751650416,0.01137834471939934,0.007106231834764198,0.1497570289774256,0.01927150142918848,0.023941793840874966,0.46825396825396826,5.0,0.03222796788299009,0.01390480511997709,0.009662706419944118,0.10718721154284316,0.020532985248272205,0.028479225655487356,0.4603174603174603,4.0,2026-05-13,2026-08-13
XOM,0.04194048603523955,0.014775253165722261,0.010025614191690731,0.15687866668458084,0.02433045792426493,0.033483693203746494,0.4246031746031746,7.0,0.051035210493617096,0.01791447023751205,0.010801102749971873,0.16296525565783837,0.026621084403851192,0.034918237081774745,0.49206349206349204,7.0,2026-05-13,2026-08-13
AAPL,0.03999737637063704,0.01426411591963088,0.00899411902514325,0.13798523953754382,0.01909258316344014,0.028821911108626565,0.4603174603174603,7.0,0.053564219706072926,0.019941947791258102,0.016532166575948432,0.11047195570954838,0.02105866589524037,0.0453115024025314,0.4444444444444444,4.0,2026-06-12,2026-09-14
ABBV,0.04462213203454462,0.015314942068937357,0.010181797602956576,0.1731523789499867,0.023385834025250428,0.0332306247850676,0.49603174603174605,6.0,0.038538093170717644,0.01846952875001902,0.00841109176345028,0.07405995307733826,0.024080113311062544,0.02655319048291896,0.47619047619047616,7.0,2026-06-12,2026-09-14
AMD,0.10734677288806131,0.042042190268691174,0.0246712986630961,0.2776075108828483,0.05044469312525818,0.07640236065693592,0.44841269841269843,7.0,0.08785142119644557,0.04459379210882081,0.022311472049890937,0.26053946839070974,0.06852844695139489,0.07346777091650522,0.49206349206349204,5.0,2026-06-12,2026-09-14
AMZN,0.065086732386157,0.01898313039450149,0.012545061797785362,0.21736223115695774,0.027787603684240048,0.04153247960669261,0.4603174603174603,9.0,0.06798792186860733,0.027592523196845967,0.01169104476576581,0.11312580405204109,0.03039065207256305,0.03967734278479301,0.5873015873015873,7.0,2026-06-12,2026-09-14
BA,0.06133450407055402,0.020368339474850984,0.012676608810878395,0.24961328061128574,0.03182488534593498,0.040978896702877105,0.503968253968254,7.0,0.05167887037762644,0.02088840509721101,0.00969444898858793,0.1473416837916961,0.030316257524755873,0.03244844558654422,0.5873015873015873,6.0,2026-06-12,2026-09-14
BAC,0.03400066016761052,0.013579379728545773,0.009763241775036756,0.17931673671440085,0.022905231032359964,0.031430921245399326,0.42063492063492064,5.0,0.03147432227375204,0.012887256248906338,0.011104851608682676,0.07771294497941561,0.02036720306644434,0.030728670004957492,0.42857142857142855,3.0,2026-06-12,2026-09-14
COST,0.035616559181897406,0.011844433007342062,0.007868924701541982,0.15141983753403299,0.020699289947967225,0.027200182350438522,0.5119047619047619,6.0,0.05840548024542089,0.012824342266925817,0.00855757952313859,0.08398396937219277,0.0212761929107406,0.02762242916467511,0.6190476190476191,8.0,2026-06-12,2026-09-14
CRM,0.09607434117948171,0.02399663955220944,0.016747653011729383,0.39364913000553914,0.03854134983879704,0.05513902862225047,0.5119047619047619,9.0,0.05507662531358874,0.03879671108067616,0.013113482217521129,0.09701368547549905,0.03882407361290465,0.04065021270321978,0.5238095238095238,5.0,2026-06-12,2026-09-14
CVX,0.03516236209411325,0.013898388688362665,0.009767322803920345,0.1398531245767799,0.022302738356888802,0.031215789081149834,0.4444444444444444,5.0,0.02939601290668894,0.015743693092948405,0.009072843489718808,0.08154101802599378,0.022114765365117816,0.027250837867375033,0.4444444444444444,4.0,2026-06-12,2026-09-14
DIS,0.05885194919746317,0.015214935106792084,0.010801200993582031,0.2496952048010288,0.019581837724281174,0.03396077627527161,0.5595238095238095,7.0,0.037667056278312676,0.017217873447883298,0.009566236515127028,0.09961199607237858,0.025424291578086945,0.029763391762628405,0.49206349206349204,5.0,2026-06-12,2026-09-14
EEM,0.03779205896926453,0.013632027960569061,0.010497794158129037,0.1352076818421032,0.017422568115331844,0.032286789492007466,0.4444444444444444,5.0,0.038162861194024025,0.017847901110846196,0.012872393656714451,0.14239572419625934,0.028128926549341914,0.0375580367988205,0.4603174603174603,3.0,2026-06-12,2026-09-14
EFA,0.028097532681749183,0.00985077834723512,0.0064624325168023125,0.11423439676651204,0.015388988700248978,0.021053832755743566,0.4444444444444444,7.0,0.017436417674040562,0.008226107158099101,0.0044282965521372855,0.02894948963479327,0.011110369073558246,0.014171004756564853,0.49206349206349204,5.0,2026-06-12,2026-09-14
GLD,0.07468136771158818,0.017242019800208733,0.015029413570075853,0.24464611578427053,0.029326849109297958,0.04462341658278383,0.4365079365079365,9.0,0.03148462871182933,0.015874314805320942,0.008995608203379808,0.08229964814994617,0.02585654740558243,0.02935871068209292,0.42857142857142855,5.0,2026-06-12,2026-09-14
GOOGL,0.034307997872060444,0.018462691981854816,0.009189642287159048,0.20366455344221224,0.02363944731645167,0.029805722085212746,0.4642857142857143,5.0,0.06752382196974648,0.023078274391535834,0.016077100468987256,0.14885468141506053,0.04010926442305569,0.051466092409662684,0.5238095238095238,5.0,2026-06-12,2026-09-14
HD,0.04392395139849354,0.014957813978582703,0.008787695302939349,0.2880918967414198,0.02292954301942598,0.02948784221580248,0.5198412698412699,7.0,0.03673381111383441,0.017303696079425352,0.009037683686737038,0.13958447415042685,0.026269478541563897,0.02861628698716029,0.5079365079365079,5.0,2026-06-12,2026-09-14
HYG,0.00505519069560439,0.0024405002915023626,0.0015768695931188557,0.02338116068378948,0.00348461073059651,0.005162588198334919,0.4246031746031746,4.0,0.005741127520056319,0.0017537230075458125,0.0011364401982516172,0.012007386787853958,0.00335647096108308,0.0038544755910263073,0.5555555555555556,6.0,2026-06-12,2026-09-14
IEF,0.006774591188053868,0.0029713244305902176,0.001693647797013467,0.04072197496693086,0.004150692968701208,0.005831368313853003,0.49206349206349204,5.0,0.007382646398174613,0.0030022265524386987,0.0016512412578889826,0.03353565705356376,0.0050270742382012125,0.0058439847528349576,0.5079365079365079,6.0,2026-06-12,2026-09-14
INTC,0.11424981566420081,0.046421347735258384,0.024845162436936102,0.24171577948971013,0.05378796389515781,0.07705467281874384,0.47619047619047616,7.0,0.11928272806846617,0.04825418902173046,0.026679398052831538,0.41904359418853887,0.0775973481055843,0.0876047716761384,0.5079365079365079,6.0,2026-06-12,2026-09-14
IWM,0.025484276124667443,0.01242835925114304,0.007281221749904984,0.1102849692930491,0.018774261844164246,0.0234034104487714,0.42857142857142855,5.0,0.013034144316256158,0.008623905778485517,0.0038792096179333805,0.05699956083287139,0.013340288728564898,0.01425066525298585,0.5238095238095238,3.0,2026-06-12,2026-09-14
JNJ,0.023724820523349358,0.01067097775056216,0.005862735230337052,0.10959122461615478,0.014770032990293192,0.018933606665790574,0.45634920634920634,6.0,0.030394893499705575,0.016044291280935742,0.008684255285630164,0.07566224612669603,0.022188836591102212,0.027620388548987573,0.42857142857142855,5.0,2026-06-12,2026-09-14
JPM,0.036413253025036355,0.013709291629230763,0.009970295471140906,0.1547173737885309,0.02328016977802664,0.03181860137578964,0.4523809523809524,5.0,0.02309648839931827,0.012562670720080047,0.008707009515616013,0.041212520112871465,0.018014023835958938,0.02585983091186797,0.3968253968253968,3.0,2026-06-12,2026-09-14
KO,0.024642612035281126,0.01054070592860624,0.005444401789757872,0.07867625406425693,0.015170790180145693,0.01818462624028956,0.5119047619047619,6.0,0.02342710531973819,0.013809830365936589,0.007230588061647589,0.04826606368607134,0.01433939540156418,0.021915293083305698,0.4444444444444444,4.0,2026-06-12,2026-09-14
LQD,0.007897282981537154,0.0033837408546192266,0.002069852394354496,0.03338391181428402,0.0054831646732604765,0.006854122872719077,0.46825396825396826,5.0,0.010135836545711452,0.003279738079829238,0.0022431769404443374,0.03773028036590398,0.005692684452594699,0.006935890300841241,0.5396825396825397,5.0,2026-06-12,2026-09-14
MA,0.050875023322061015,0.014070173616755373,0.01051484443660322,0.20913850858238958,0.02091138118108802,0.035316364344944534,0.503968253968254,7.0,0.023594541694595673,0.013708007207797123,0.006179522824775057,0.05749673436570568,0.016411793009509856,0.019506054925188726,0.47619047619047616,5.0,2026-06-12,2026-09-14
META,0.07147708356078102,0.0223758661116141,0.015986937881559967,0.33296876099370143,0.028148583807055656,0.05004253013058756,0.5079365079365079,6.0,0.11226369149356295,0.029665029644325516,0.01893336066855724,0.20883295090696152,0.043559536713997156,0.056833621965386855,0.4603174603174603,11.0,2026-06-12,2026-09-14
MRK,0.04036450188652057,0.017122898481051998,0.009464980601096093,0.11365486650251944,0.023646630661849317,0.031860425801541366,0.48412698412698413,6.0,0.02992233722663464,0.023254868328112542,0.008311760340731843,0.08002558633721013,0.024207647752219418,0.02569846438088269,0.4444444444444444,5.0,2026-06-12,2026-09-14
MSFT,0.06751405425750295,0.016016213067224026,0.012674341687534894,0.33910093759660087,0.026006678013245067,0.03842532083578592,0.5119047619047619,8.0,0.026116364623838054,0.02716060936971432,0.009586363998829443,0.11739552723220203,0.029609239311127744,0.03365251445062328,0.4126984126984127,3.0,2026-06-12,2026-09-14
NFLX,0.08899605184115957,0.020819639939434635,0.015756321754539847,0.4335127747768319,0.034215543093312366,0.049050249008283794,0.5396825396825397,8.0,0.07613009801189101,0.02418460286057781,0.017522006685276502,0.17227868262857748,0.03573464706961536,0.0550926361140926,0.5396825396825397,5.0,2026-06-12,2026-09-14
NVDA,0.0522186942104179,0.022046883757911927,0.013987150234933366,0.20214390449746977,0.03635576634484619,0.044508408052872483,0.4642857142857143,5.0,0.07192157184563469,0.025726399853238255,0.013318809601043462,0.10583527917880409,0.03550005585112066,0.043121999628413316,0.5555555555555556,7.0,2026-06-12,2026-09-14
PEP,0.0337843594686524,0.013677258770426276,0.007280584528738927,0.1625059934113282,0.01869568433139566,0.025699509893994037,0.5238095238095238,6.0,0.031788106527620354,0.014269983969355091,0.009145387790684426,0.07726493992458994,0.022891987031396034,0.027569817574111144,0.5396825396825397,3.0,2026-06-12,2026-09-14
PFE,0.04853077452774985,0.015020937094939193,0.008877580706295704,0.11472424883678056,0.022090333022077985,0.02930822299868207,0.47619047619047616,9.0,0.034839029775249004,0.013932320678225902,0.007662543205699928,0.09101382342513797,0.022472209614946892,0.025692427535199014,0.5079365079365079,6.0,2026-06-12,2026-09-14
PG,0.0352153839012572,0.011829438983690163,0.007248850603844443,0.1552293263874901,0.018564292626223118,0.024468371004117268,0.503968253968254,7.0,0.021274648514853226,0.01215275536002984,0.006378642411860755,0.05921562715368711,0.0186009339492166,0.022657258753992576,0.4603174603174603,4.0,2026-06-12,2026-09-14
QQQ,0.030023413508402964,0.010830765795514547,0.007960753581773512,0.11964360224241688,0.018577696161789208,0.02380867433731059,0.4166666666666667,6.0,0.03684127872140923,0.014154294694744845,0.0074426825699816625,0.10960058008951246,0.018983012300147872,0.022822061667410604,0.5555555555555556,6.0,2026-06-12,2026-09-14
SPY,0.02014212289338989,0.007744327631042016,0.005674963196153502,0.08884972983911432,0.013488030420843976,0.017770789621925652,0.4365079365079365,5.0,0.015483839570312404,0.007694717624459651,0.003959712059427334,0.03376377055746482,0.012104048381436661,0.013686651485518592,0.5396825396825397,4.0,2026-06-12,2026-09-14
T,0.04526017165596354,0.013942602973394926,0.00923986101410233,0.21871177871487124,0.023380656543414525,0.031049678563279823,0.503968253968254,7.0,0.03690283639199394,0.018333990330503695,0.012565481925589336,0.12065269360642383,0.0303633681688264,0.03813067030360484,0.38095238095238093,4.0,2026-06-12,2026-09-14
TLT,0.014000687603462307,0.006095403453812519,0.0034862269928940008,0.07577978198312785,0.009637060654395641,0.0121379161228952,0.5,5.0,0.01935831045433105,0.005954572638589857,0.004050440138352094,0.06555880262782487,0.0103250098901294,0.012608738418641713,0.5396825396825397,6.0,2026-06-12,2026-09-14
UNH,0.09778875560385712,0.02525927175671638,0.020696032932033252,0.28960652974165446,0.029543141065695906,0.054573156650176,0.49206349206349204,7.0,0.021664908242504766,0.015108316453095662,0.005540408633444781,0.13122500450889107,0.019385351360834448,0.02106718407672148,0.5396825396825397,4.0,2026-06-12,2026-09-14
V,0.04960635731121866,0.014077836198898273,0.009842531212543384,0.19968213456884043,0.020292853395336926,0.033294911041407436,0.5238095238095238,7.0,0.020643106765999574,0.012876588670954776,0.006007253291692998,0.044072532274081255,0.01688729168167481,0.018584502926907998,0.47619047619047616,4.0,2026-06-12,2026-09-14
VNQ,0.020540661922707853,0.008526658730740289,0.005769389105780493,0.08339382593491385,0.014104664438090008,0.018820415308950435,0.4365079365079365,5.0,0.02709326245528342,0.00891722409516769,0.005363035823259914,0.06765717249593317,0.013231797570822445,0.018044877109087254,0.5555555555555556,6.0,2026-06-12,2026-09-14
WMT,0.0460882123801637,0.014911146972513441,0.01029303409823656,0.1575260607395138,0.019172592168418632,0.0318580360849995,0.4603174603174603,7.0,0.07951630252764726,0.017997221248862372,0.01632299465376923,0.1499983855432636,0.02674905038937777,0.04627252514803101,0.5396825396825397,6.0,2026-06-12,2026-09-14
XLB,0.02849027861500056,0.011016034159529375,0.006736154584558418,0.1238343003842356,0.019126155327282002,0.02198355967736115,0.4722222222222222,6.0,0.024352063175494525,0.0108693989838323,0.005891628187619644,0.059250894942011745,0.014404141054889519,0.020596576635648317,0.5079365079365079,5.0,2026-06-12,2026-09-14
XLE,0.02697762609777595,0.012956105606854703,0.008486937259675165,0.12052431423391485,0.01948446776232588,0.028220707646510336,0.42857142857142855,4.0,0.023688826875653532,0.01362988024397579,0.007520262500207471,0.04246888985787589,0.016620107054508105,0.02330012435016174,0.42857142857142855,4.0,2026-06-12,2026-09-14
XLF,0.026835404666440285,0.00925301234423351,0.006564337760684552,0.1479474910432298,0.0170483340664692,0.021847917830881528,0.45634920634920634,6.0,0.015421909208752112,0.008061175942819337,0.004623852849184936,0.028859292408309534,0.009897280029055544,0.014745647846299392,0.4603174603174603,4.0,2026-06-12,2026-09-14
XLI,0.020365592892279197,0.010185254459913064,0.006175489655250664,0.12213496649596223,0.015809330261362806,0.020621637539100315,0.4523809523809524,4.0,0.023540837538297225,0.010473948185919004,0.006850508278340462,0.08889609130365028,0.01578114390530939,0.02125514513245874,0.47619047619047616,4.0,2026-06-12,2026-09-14
XLK,0.025941147166051927,0.01420307465133527,0.010335118392849372,0.15922700394841083,0.02204676847821036,0.030621042879363,0.3611111111111111,3.0,0.046855814545131075,0.019382320537618423,0.009962013356369507,0.13312509778929404,0.02634876117782371,0.030709495532038805,0.5238095238095238,6.0,2026-06-12,2026-09-14
XLP,0.01959483176208142,0.00812311370341746,0.004918381466385898,0.09687812910644578,0.011844739999181115,0.016509767405820955,0.49206349206349204,5.0,0.021131694678481337,0.01062883142195589,0.005776741931507244,0.050314410178167734,0.01527766996506712,0.018934192534046823,0.5079365079365079,4.0,2026-06-12,2026-09-14
XLU,0.027600831202064458,0.009237982852797465,0.006440193947148375,0.0918475973371582,0.013572696556925862,0.020843731067473188,0.4365079365079365,7.0,0.019828019988456402,0.00913108010284093,0.00479710161011042,0.09656517078762283,0.013392220997435245,0.016117551965263432,0.5079365079365079,5.0,2026-06-12,2026-09-14
XLV,0.020871180836823017,0.009469170945444002,0.005113855065596077,0.10469897494600677,0.014163615059509199,0.017372446492293765,0.5079365079365079,5.0,0.024895316110885937,0.012236097064528394,0.006223829027721484,0.058743172853076064,0.01618376239228294,0.019903893473890183,0.49206349206349204,5.0,2026-06-12,2026-09-14
XLY,0.026994633053143306,0.011511581501304276,0.007177144502224609,0.1497570289774267,0.02050018465187382,0.02372743755439525,0.46825396825396826,5.0,0.03325112052047293,0.013068919070426078,0.008796592730283843,0.08090809548123368,0.017138081591191144,0.026540497164852128,0.5238095238095238,4.0,2026-06-12,2026-09-14
XOM,0.04465171477482879,0.015441074807551393,0.010599593646747205,0.15687866668458084,0.02596329634196634,0.03520722796665374,0.42857142857142855,7.0,0.03317006747568621,0.016089705634459234,0.008687398624584484,0.05844111833749244,0.02073305803050556,0.027258750540682053,0.47619047619047616,5.0,2026-06-12,2026-09-14
